Customer_ID,Region,Customer_Segment,Industry,Lead_Source,Lead_Stage,Is_Won,Customer_Status,Product,Campaign,Preferred_Channel,Assigned_Sales_Rep,Signup_Date,Last_Contact_Date,Days_to_Last_Contact,Lead_Score,Interaction_Count,Website_Visits,Email_Opens,Response_Time_Hours,Customer_Satisfaction,Revenue,Has_Revenue
CUST10000,Aqaba,Corporate,Technology,LinkedIn,New Lead,False,Active,CRM Enterprise,No Campaign,Social Media,Lina Haddad,2025-01-30,2025-03-20,49.0,46.0,11,8,7,8.8,7.5,0.0,False
CUST10001,Aqaba,Corporate,Construction,Email Campaign,Contacted,False,Active,Marketing Add-on,Referral Program,Meeting,Omar Mansour,2024-10-18,2025-02-20,125.0,76.0,5,6,3,14.6,9.5,0.0,False
CUST10002,Salt,Consumer,Healthcare,Unknown,Proposal,False,Inactive,CRM Professional,No Campaign,Phone,Omar Mansour,2024-10-20,2024-11-02,13.0,88.0,7,11,1,8.8,7.1,69.84,True
CUST10003,Karak,Consumer,Technology,Google Ads,Qualified,False,Active,Marketing Add-on,Back-to-School,WhatsApp,Yara Odeh,2023-09-02,2023-10-08,36.0,28.0,4,9,9,7.1,10.0,0.0,False
CUST10004,Salt,Corporate,Retail,Instagram,Qualified,False,Prospect,CRM Basic,Summer Campaign,Social Media,Lina Haddad,2023-06-04,2023-09-13,101.0,100.0,7,8,2,7.1,9.4,0.0,False
CUST10005,Salt,Consumer,Finance,LinkedIn,Contacted,False,Active,Analytics Add-on,No Campaign,Meeting,Yara Odeh,2024-02-19,2024-11-27,282.0,75.0,1,6,3,6.3,5.0,0.0,False
CUST10006,Madaba,Consumer,Hospitality,Website,Negotiation,False,Active,CRM Enterprise,Back-to-School,Website,Dana Nasser,2023-11-06,2024-01-31,86.0,74.0,3,12,5,,7.9,300.25,True
CUST10007,Amman,Consumer,Hospitality,Facebook,Negotiation,False,Inactive,Analytics Add-on,Q1 Acquisition,Social Media,Lina Haddad,2025-12-17,2025-12-21,4.0,100.0,5,7,4,2.2,8.2,87.3,True
CUST10008,Aqaba,Consumer,Construction,Trade Show,Qualified,False,Active,CRM Basic,Back-to-School,Meeting,Samer Khalil,2025-11-20,2025-12-31,41.0,42.0,2,9,2,10.1,5.3,0.0,False
CUST10009,Unknown,Corporate,Unknown,Unknown,Won,True,Prospect,CRM Basic,Unknown,Meeting,Ahmad Saleh,2024-01-02,2024-12-05,338.0,97.0,5,11,6,8.4,7.5,848.37,True
CUST10010,Irbid,Consumer,Healthcare,Email Campaign,Proposal,False,Active,CRM Basic,Referral Program,WhatsApp,Dana Nasser,2025-06-07,2025-11-20,166.0,28.0,5,12,5,11.2,8.8,16.93,True
CUST10011,Irbid,Small Business,Hospitality,Cold Call,Negotiation,False,Prospect,CRM Enterprise,Year-End Campaign,Social Media,Omar Mansour,2025-10-19,2025-12-31,73.0,67.0,5,5,3,,6.7,1300.21,True
CUST10012,Aqaba,Consumer,Manufacturing,Email Campaign,Contacted,False,Active,CRM Enterprise,Q1 Acquisition,Social Media,Samer Khalil,2025-10-20,2025-12-31,72.0,77.0,5,17,6,26.1,7.8,0.0,False
CUST10013,Karak,Consumer,Retail,Google Ads,New Lead,False,Prospect,Marketing Add-on,No Campaign,Email,Dana Nasser,2023-02-27,2023-07-07,130.0,31.0,3,6,6,10.4,8.6,0.0,False
CUST10014,Zarqa,Consumer,Education,Trade Show,Won,True,Active,CRM Professional,Back-to-School,Meeting,Ahmad Saleh,2023-06-11,2023-07-12,31.0,72.0,7,11,5,6.3,8.8,326.61,True
CUST10015,Amman,Consumer,Technology,Google Ads,Won,True,Active,CRM Basic,Q1 Acquisition,Social Media,Omar Mansour,2025-09-18,2025-09-29,11.0,68.0,5,4,11,9.5,4.1,141.97,True
CUST10016,Zarqa,Consumer,Manufacturing,Referral,New Lead,False,Inactive,CRM Basic,Spring Campaign,Meeting,Lina Haddad,2023-02-22,2023-12-21,302.0,36.0,5,5,1,18.0,,0.0,False
CUST10017,Amman,Small Business,Hospitality,Google Ads,Qualified,False,Inactive,CRM Basic,No Campaign,Phone,Ahmad Saleh,2023-02-08,2023-05-15,96.0,40.0,4,12,4,,5.8,0.0,False
CUST10018,Aqaba,Consumer,Manufacturing,Trade Show,Negotiation,False,Active,Analytics Add-on,Summer Campaign,Phone,Yara Odeh,2025-06-08,2025-12-15,190.0,100.0,2,1,5,6.5,,55.43,True
CUST10019,Aqaba,Consumer,Healthcare,Google Ads,Proposal,False,Active,Analytics Add-on,Unknown,Website,Dana Nasser,2023-12-18,2024-06-27,192.0,43.0,9,6,5,12.2,8.7,33.32,True
CUST10020,Madaba,Consumer,Education,Facebook,Won,True,Active,Marketing Add-on,Q1 Acquisition,Social Media,Omar Mansour,2024-05-11,2025-02-01,266.0,86.0,6,13,6,7.2,7.1,87.24,True
CUST10021,Irbid,Consumer,Unknown,Facebook,New Lead,False,Active,CRM Professional,Spring Campaign,Website,Dana Nasser,2025-06-18,2025-10-24,128.0,57.0,6,6,6,8.5,8.3,0.0,False
CUST10022,Karak,Enterprise,Education,Instagram,Qualified,False,Active,CRM Basic,Referral Program,WhatsApp,Ahmad Saleh,2024-12-21,2025-08-16,238.0,45.0,4,9,5,23.3,3.4,0.0,False
CUST10023,Zarqa,Small Business,Retail,Cold Call,New Lead,False,Active,CRM Basic,Year-End Campaign,Meeting,Omar Mansour,2025-02-05,2025-12-31,329.0,11.0,4,5,4,1.8,6.8,0.0,False
CUST10024,Irbid,Consumer,Healthcare,Trade Show,Qualified,False,Active,CRM Enterprise,Summer Campaign,WhatsApp,Ahmad Saleh,2024-06-25,2024-10-15,112.0,48.0,7,15,9,9.8,7.8,0.0,False
CUST10025,Irbid,Consumer,Manufacturing,Google Ads,New Lead,False,Active,Marketing Add-on,No Campaign,Email,Dana Nasser,2023-09-06,2024-07-18,316.0,32.0,3,13,4,7.5,,0.0,False
CUST10026,Jerash,Enterprise,Manufacturing,Trade Show,Won,True,Active,CRM Basic,Spring Campaign,Email,Yara Odeh,2024-11-28,2025-11-06,343.0,98.0,2,7,1,13.1,7.0,2137.42,True
CUST10027,Salt,Consumer,Retail,Email Campaign,Proposal,False,Prospect,CRM Basic,No Campaign,Social Media,Omar Mansour,2025-07-12,2025-12-04,145.0,64.0,4,11,2,5.1,8.0,22.52,True
CUST10028,Aqaba,Corporate,Manufacturing,Website,Won,True,Active,CRM Enterprise,Referral Program,Social Media,Omar Mansour,2023-07-15,2023-09-18,65.0,80.0,6,11,2,,5.4,9574.09,True
CUST10029,Unknown,Consumer,Finance,LinkedIn,New Lead,False,Prospect,CRM Enterprise,Q1 Acquisition,Website,Omar Mansour,2024-08-28,2025-05-02,247.0,12.0,3,7,3,6.2,6.5,0.0,False
CUST10030,Madaba,Enterprise,Healthcare,Email Campaign,Contacted,False,Active,CRM Basic,Year-End Campaign,Website,Dana Nasser,2024-01-06,2024-08-16,223.0,46.0,4,5,5,15.7,8.0,0.0,False
CUST10031,Amman,Corporate,Retail,Email Campaign,Contacted,False,Active,Analytics Add-on,No Campaign,Social Media,Samer Khalil,2024-12-08,,,79.0,8,6,6,8.7,7.6,0.0,False
CUST10032,Karak,Small Business,Healthcare,Google Ads,Qualified,False,Active,CRM Basic,Year-End Campaign,Social Media,Yara Odeh,2024-12-20,2025-04-05,106.0,82.0,3,4,3,13.8,7.7,0.0,False
CUST10033,Salt,Consumer,Technology,Website,Won,True,Inactive,Marketing Add-on,Back-to-School,Email,Dana Nasser,2025-01-25,2025-07-25,181.0,70.0,7,9,3,6.0,4.8,227.43,True
CUST10034,Salt,Consumer,Healthcare,Facebook,Qualified,False,Inactive,CRM Basic,Summer Campaign,Email,Lina Haddad,2025-03-15,2025-09-15,184.0,77.0,5,11,4,12.2,10.0,0.0,False
CUST10035,Irbid,Consumer,Healthcare,Facebook,Contacted,False,Active,CRM Basic,Referral Program,Email,Samer Khalil,2024-11-16,2025-06-30,226.0,47.0,5,12,0,20.8,7.8,0.0,False
CUST10036,Karak,Consumer,Technology,Email Campaign,New Lead,False,Active,CRM Professional,No Campaign,Social Media,Dana Nasser,2024-12-10,2025-09-01,265.0,50.0,10,5,1,11.0,8.2,0.0,False
CUST10037,Karak,Consumer,Retail,Cold Call,New Lead,False,Prospect,CRM Basic,Referral Program,Website,Lina Haddad,2024-10-08,2025-07-13,278.0,34.0,7,4,3,21.7,7.8,0.0,False
CUST10038,Madaba,Consumer,Healthcare,Facebook,Won,True,Prospect,CRM Professional,Referral Program,Phone,Ahmad Saleh,2023-05-07,,,61.0,4,7,4,6.0,7.6,284.93,True
CUST10039,Unknown,Small Business,Unknown,Referral,Qualified,False,Active,CRM Enterprise,Spring Campaign,Phone,Lina Haddad,2024-10-21,2025-04-15,176.0,40.0,4,10,3,10.3,7.1,0.0,False
CUST10040,Amman,Small Business,Healthcare,Email Campaign,Negotiation,False,Active,CRM Professional,No Campaign,Website,Yara Odeh,2024-07-19,2024-08-06,18.0,,5,6,5,7.9,9.0,467.72,True
CUST10041,Karak,Consumer,Retail,LinkedIn,Negotiation,False,Active,CRM Enterprise,Q1 Acquisition,Website,Omar Mansour,2023-08-22,2023-12-06,106.0,20.0,2,8,1,8.1,8.3,220.69,True
CUST10042,Irbid,Consumer,Construction,Website,New Lead,False,Active,CRM Professional,Referral Program,Website,Yara Odeh,2023-02-09,2023-11-07,271.0,61.0,4,6,5,11.3,8.3,0.0,False
CUST10043,Jerash,Enterprise,Manufacturing,Instagram,New Lead,False,Active,CRM Basic,Spring Campaign,Email,Samer Khalil,2024-06-01,2025-04-16,319.0,35.0,4,4,7,13.2,6.8,0.0,False
CUST10044,Irbid,Small Business,Hospitality,Trade Show,Negotiation,False,Active,Marketing Add-on,Back-to-School,WhatsApp,Dana Nasser,2025-03-04,2025-08-18,167.0,60.0,3,9,5,16.2,5.7,191.41,True
CUST10045,Salt,Corporate,Technology,Email Campaign,Negotiation,False,Prospect,Analytics Add-on,Referral Program,Social Media,Yara Odeh,2023-07-14,2023-07-27,13.0,93.0,4,5,2,15.9,5.8,1167.78,True
CUST10046,Salt,Consumer,Manufacturing,Facebook,Qualified,False,Active,CRM Basic,Referral Program,Email,Dana Nasser,2024-08-26,2025-07-29,337.0,5.0,7,9,7,14.2,,0.0,False
CUST10047,Amman,Consumer,Retail,Trade Show,New Lead,False,Active,CRM Professional,No Campaign,Phone,Omar Mansour,2023-05-12,2023-06-13,32.0,49.0,3,13,5,14.8,7.8,0.0,False
CUST10048,Madaba,Consumer,Finance,LinkedIn,New Lead,False,Prospect,CRM Enterprise,Spring Campaign,Social Media,Samer Khalil,2025-03-18,2025-04-27,40.0,73.0,9,13,4,5.8,7.8,0.0,False
CUST10049,Salt,Consumer,Hospitality,Google Ads,Contacted,False,Active,CRM Basic,Spring Campaign,Website,Samer Khalil,2025-10-25,2025-12-31,67.0,23.0,6,10,6,24.6,7.4,0.0,False
CUST10050,Karak,Corporate,Manufacturing,Cold Call,New Lead,False,Active,CRM Professional,No Campaign,Meeting,Yara Odeh,2023-06-06,2024-01-10,218.0,31.0,3,7,3,6.5,,0.0,False
CUST10051,Irbid,Small Business,Healthcare,Instagram,Contacted,False,Inactive,CRM Professional,Spring Campaign,Phone,Omar Mansour,2025-04-30,,,59.0,0,8,7,21.1,6.5,0.0,False
CUST10052,Salt,Consumer,Hospitality,Google Ads,Qualified,False,Active,CRM Basic,Year-End Campaign,Website,Samer Khalil,2023-06-02,,,29.0,4,7,3,5.2,5.0,0.0,False
CUST10053,Zarqa,Enterprise,Healthcare,LinkedIn,New Lead,False,Active,CRM Basic,No Campaign,Meeting,Omar Mansour,2025-03-09,2025-12-31,297.0,45.0,3,9,4,6.1,6.6,0.0,False
CUST10054,Amman,Consumer,Technology,Facebook,New Lead,False,Active,CRM Enterprise,No Campaign,Website,Lina Haddad,2024-03-12,2024-10-06,208.0,94.0,3,8,4,3.3,4.8,0.0,False
CUST10055,Amman,Enterprise,Healthcare,Referral,Won,True,Active,CRM Professional,Back-to-School,Website,Yara Odeh,2023-11-08,2024-05-27,201.0,87.0,8,10,9,6.5,4.6,4891.49,True
CUST10056,Irbid,Enterprise,Hospitality,Website,Proposal,False,Prospect,CRM Basic,Year-End Campaign,Social Media,Omar Mansour,2023-09-24,2024-08-21,332.0,73.0,12,11,4,7.1,8.3,359.76,True
CUST10057,Aqaba,Consumer,Education,Google Ads,Lost,False,Active,CRM Enterprise,Back-to-School,Phone,Dana Nasser,2025-07-28,2025-09-04,38.0,21.0,3,9,1,10.4,8.4,0.0,False
CUST10058,Amman,Consumer,Education,Google Ads,Qualified,False,Active,CRM Enterprise,Summer Campaign,Phone,Ahmad Saleh,2025-09-24,2025-12-31,98.0,87.0,6,11,6,5.7,8.2,0.0,False
CUST10059,Amman,Small Business,Construction,Instagram,Negotiation,False,Active,CRM Basic,Q1 Acquisition,Website,Lina Haddad,2025-10-13,2025-12-31,79.0,18.0,7,6,1,18.4,7.0,173.08,True
CUST10060,Karak,Small Business,Manufacturing,Website,Contacted,False,Prospect,Analytics Add-on,Referral Program,Email,Yara Odeh,2025-02-07,2025-10-14,249.0,49.0,5,8,6,19.3,6.0,0.0,False
CUST10061,Zarqa,Small Business,Retail,LinkedIn,Proposal,False,Active,CRM Enterprise,Q1 Acquisition,WhatsApp,Yara Odeh,2023-09-16,2024-04-30,227.0,85.0,3,8,8,1.9,7.5,481.84,True
CUST10062,Jerash,Enterprise,Construction,Trade Show,New Lead,False,Active,CRM Professional,Year-End Campaign,Meeting,Yara Odeh,2023-01-04,2023-02-21,48.0,1.0,3,11,6,6.1,8.1,0.0,False
CUST10063,Salt,Corporate,Technology,Trade Show,New Lead,False,Prospect,CRM Professional,Year-End Campaign,Email,Dana Nasser,2023-02-11,2023-03-01,18.0,1.0,10,4,4,16.2,9.6,0.0,False
CUST10064,Karak,Consumer,Finance,Website,Lost,False,Prospect,CRM Enterprise,Summer Campaign,Social Media,Lina Haddad,2024-09-01,2025-06-23,295.0,15.0,4,8,0,13.9,7.5,0.0,False
CUST10065,Karak,Consumer,Construction,Unknown,Proposal,False,Active,CRM Basic,Q1 Acquisition,Meeting,Dana Nasser,2023-04-10,2023-10-23,196.0,94.0,1,7,3,2.1,6.5,12.8,True
CUST10066,Irbid,Small Business,Manufacturing,Email Campaign,Lost,False,Active,CRM Professional,Referral Program,WhatsApp,Samer Khalil,2025-09-28,2025-12-31,94.0,32.0,5,4,4,2.1,6.0,0.0,False
CUST10067,Jerash,Consumer,Retail,Cold Call,Contacted,False,Active,CRM Enterprise,Back-to-School,Email,Omar Mansour,2025-09-12,2025-12-31,110.0,68.0,4,12,2,7.4,8.3,0.0,False
CUST10068,Madaba,Corporate,Technology,Cold Call,Contacted,False,Active,CRM Professional,Referral Program,Meeting,Dana Nasser,2025-10-11,2025-12-31,81.0,,5,9,3,5.0,7.1,0.0,False
CUST10069,Karak,Consumer,Hospitality,Google Ads,Qualified,False,Inactive,CRM Enterprise,Q1 Acquisition,Phone,Dana Nasser,2023-07-26,2024-06-08,318.0,27.0,6,6,10,15.9,5.8,0.0,False
CUST10070,Amman,Consumer,Technology,Google Ads,Negotiation,False,Active,CRM Professional,Q1 Acquisition,Email,Samer Khalil,2024-02-28,2025-01-30,337.0,65.0,5,7,6,25.3,10.0,50.96,True
CUST10071,Aqaba,Consumer,Hospitality,Facebook,Proposal,False,Active,CRM Basic,Spring Campaign,Website,Ahmad Saleh,2025-02-15,2025-10-02,229.0,62.0,5,6,3,20.6,4.7,10.85,True
CUST10072,Zarqa,Corporate,Manufacturing,LinkedIn,Lost,False,Active,CRM Professional,Q1 Acquisition,Social Media,Ahmad Saleh,2024-11-28,2025-02-13,77.0,55.0,5,9,2,5.8,6.7,0.0,False
CUST10073,Irbid,Consumer,Retail,LinkedIn,New Lead,False,Prospect,CRM Professional,Spring Campaign,Email,Omar Mansour,2024-01-30,2024-08-05,188.0,45.0,7,5,4,16.9,8.6,0.0,False
CUST10074,Zarqa,Corporate,Construction,Google Ads,Negotiation,False,Active,Analytics Add-on,Year-End Campaign,Meeting,Samer Khalil,2024-02-26,2025-02-06,346.0,72.0,7,9,8,9.3,9.0,532.38,True
CUST10075,Salt,Small Business,Retail,Instagram,Contacted,False,Active,CRM Enterprise,Q1 Acquisition,Email,Lina Haddad,2025-11-01,2025-12-31,60.0,73.0,8,4,4,0.6,9.0,0.0,False
CUST10076,Karak,Corporate,Healthcare,Instagram,Contacted,False,Prospect,CRM Professional,Q1 Acquisition,Meeting,Dana Nasser,2024-11-25,2025-02-28,95.0,73.0,3,10,2,3.5,7.4,0.0,False
CUST10077,Jerash,Small Business,Finance,Facebook,Qualified,False,Active,Marketing Add-on,Q1 Acquisition,WhatsApp,Omar Mansour,2024-09-29,2025-08-05,310.0,31.0,7,4,4,11.5,7.2,0.0,False
CUST10078,Karak,Consumer,Education,Website,Qualified,False,Active,CRM Basic,Referral Program,Website,Ahmad Saleh,2023-02-08,2023-06-20,132.0,51.0,3,7,4,22.1,7.2,0.0,False
CUST10079,Salt,Corporate,Healthcare,Google Ads,New Lead,False,Active,CRM Basic,Back-to-School,WhatsApp,Lina Haddad,2024-11-10,2024-12-19,39.0,41.0,4,8,4,25.2,6.5,0.0,False
CUST10080,Salt,Consumer,Technology,Trade Show,Contacted,False,Active,CRM Professional,Summer Campaign,Social Media,Yara Odeh,2025-11-27,2025-12-31,34.0,52.0,7,7,4,12.1,6.3,0.0,False
CUST10081,Karak,Consumer,Finance,Trade Show,Qualified,False,Active,CRM Basic,Year-End Campaign,Social Media,Samer Khalil,2024-02-24,2024-12-01,281.0,71.0,8,7,2,5.1,4.6,0.0,False
CUST10082,Amman,Consumer,Finance,Unknown,Qualified,False,Active,CRM Enterprise,Year-End Campaign,Meeting,Yara Odeh,2025-03-18,2025-12-31,288.0,67.0,7,11,6,5.4,5.0,0.0,False
CUST10083,Madaba,Corporate,Retail,Referral,Contacted,False,Active,CRM Basic,Q1 Acquisition,Website,Dana Nasser,2024-10-08,2025-03-17,160.0,62.0,6,3,3,11.5,6.0,0.0,False
CUST10084,Unknown,Enterprise,Finance,Website,New Lead,False,Active,CRM Basic,No Campaign,WhatsApp,Yara Odeh,2024-10-22,2025-04-27,187.0,54.0,9,12,4,4.4,9.4,0.0,False
CUST10085,Aqaba,Small Business,Manufacturing,Trade Show,New Lead,False,Active,CRM Professional,Summer Campaign,Website,Yara Odeh,2024-07-22,2025-01-29,191.0,34.0,7,5,9,21.2,6.3,0.0,False
CUST10086,Aqaba,Small Business,Finance,Email Campaign,Lost,False,Active,CRM Enterprise,Summer Campaign,WhatsApp,Dana Nasser,2025-03-02,2025-06-30,120.0,38.0,4,8,4,13.7,8.9,0.0,False
CUST10087,Irbid,Corporate,Technology,Cold Call,Lost,False,Active,Analytics Add-on,Referral Program,Meeting,Ahmad Saleh,2025-01-16,2025-08-24,220.0,73.0,4,8,4,8.2,8.8,0.0,False
CUST10088,Unknown,Consumer,Manufacturing,Google Ads,Qualified,False,Active,Analytics Add-on,Spring Campaign,Meeting,Yara Odeh,2025-11-07,2025-12-30,53.0,50.0,9,10,5,6.1,6.9,0.0,False
CUST10089,Salt,Enterprise,Manufacturing,Referral,Lost,False,Prospect,CRM Basic,Q1 Acquisition,Meeting,Ahmad Saleh,2024-03-24,2024-11-01,222.0,60.0,6,11,2,10.4,10.0,0.0,False
CUST10090,Irbid,Consumer,Healthcare,Email Campaign,Negotiation,False,Active,CRM Professional,No Campaign,Phone,Omar Mansour,2024-08-22,2024-12-31,131.0,58.0,3,7,4,12.0,7.7,106.51,True
CUST10091,Jerash,Enterprise,Finance,Cold Call,New Lead,False,Active,CRM Basic,Back-to-School,Website,Yara Odeh,2025-02-16,2025-10-11,237.0,47.0,6,8,5,9.4,6.5,0.0,False
CUST10092,Madaba,Corporate,Retail,Cold Call,New Lead,False,Inactive,CRM Professional,Summer Campaign,Social Media,Yara Odeh,2025-06-20,2025-12-31,194.0,48.0,5,14,4,0.5,6.4,0.0,False
CUST10093,Jerash,Corporate,Hospitality,Facebook,Won,True,Active,Analytics Add-on,No Campaign,WhatsApp,Dana Nasser,2025-05-02,2025-12-14,226.0,93.0,6,10,0,14.7,9.2,1757.29,True
CUST10094,Amman,Small Business,Healthcare,Website,Proposal,False,Inactive,CRM Professional,Q1 Acquisition,Phone,Dana Nasser,2025-09-15,2025-12-31,107.0,99.0,1,13,1,16.7,4.8,80.58,True
CUST10095,Irbid,Consumer,Retail,Google Ads,Won,True,Inactive,CRM Basic,Spring Campaign,Social Media,Yara Odeh,2024-07-11,2024-10-15,96.0,60.0,7,12,3,10.2,6.0,97.62,True
CUST10096,Madaba,Small Business,Finance,Referral,Won,True,Inactive,CRM Professional,Q1 Acquisition,WhatsApp,Yara Odeh,2024-08-31,2025-03-19,200.0,83.0,6,7,5,31.3,5.6,821.52,True
CUST10097,Irbid,Consumer,Healthcare,Facebook,Qualified,False,Inactive,CRM Basic,Referral Program,Phone,Dana Nasser,2023-10-02,2024-06-05,247.0,73.0,7,9,2,7.2,8.0,0.0,False
CUST10098,Karak,Small Business,Finance,Instagram,New Lead,False,Active,CRM Professional,Summer Campaign,Social Media,Dana Nasser,2024-11-30,2025-02-10,72.0,53.0,6,5,2,2.5,9.1,0.0,False
CUST10099,Madaba,Small Business,Technology,Email Campaign,Contacted,False,Inactive,CRM Professional,Referral Program,Social Media,Lina Haddad,2023-05-28,2024-04-10,318.0,44.0,2,9,3,8.6,5.7,0.0,False
CUST10100,Zarqa,Corporate,Healthcare,Email Campaign,New Lead,False,Active,CRM Professional,Q1 Acquisition,Phone,Samer Khalil,2024-07-17,2025-01-18,185.0,48.0,7,5,3,5.1,10.0,0.0,False
CUST10101,Karak,Small Business,Retail,Google Ads,Contacted,False,Active,Marketing Add-on,Year-End Campaign,Social Media,Lina Haddad,2025-08-20,2025-08-26,6.0,50.0,6,6,6,2.8,8.8,0.0,False
CUST10102,Irbid,Consumer,Technology,Referral,Qualified,False,Prospect,CRM Professional,Summer Campaign,WhatsApp,Yara Odeh,2024-05-24,2024-12-16,206.0,75.0,4,8,9,8.2,5.5,0.0,False
CUST10103,Aqaba,Consumer,Education,Referral,New Lead,False,Active,Analytics Add-on,Spring Campaign,WhatsApp,Samer Khalil,2024-03-19,2024-04-20,32.0,38.0,4,9,6,17.2,5.7,0.0,False
CUST10104,Irbid,Small Business,Retail,Cold Call,Contacted,False,Prospect,Analytics Add-on,No Campaign,Social Media,Lina Haddad,2025-11-23,2025-12-31,38.0,49.0,4,7,4,7.9,7.0,0.0,False
CUST10105,Karak,Consumer,Hospitality,Unknown,Qualified,False,Active,CRM Enterprise,Unknown,Email,Omar Mansour,2024-08-29,2025-05-12,256.0,65.0,3,3,5,1.8,9.3,0.0,False
CUST10106,Madaba,Consumer,Construction,Trade Show,Qualified,False,Active,CRM Professional,Year-End Campaign,Meeting,Samer Khalil,2024-07-27,2025-01-30,187.0,50.0,2,4,4,5.0,6.6,0.0,False
CUST10107,Irbid,Corporate,Finance,Email Campaign,Qualified,False,Active,CRM Basic,Q1 Acquisition,Phone,Dana Nasser,2025-09-23,2025-12-08,76.0,45.0,3,9,0,12.7,7.5,0.0,False
CUST10108,Madaba,Small Business,Retail,Cold Call,Qualified,False,Inactive,CRM Enterprise,Referral Program,Email,Samer Khalil,2025-01-01,2025-06-27,177.0,33.0,7,4,6,11.5,6.4,0.0,False
CUST10109,Salt,Small Business,Education,Google Ads,Proposal,False,Active,CRM Professional,Spring Campaign,WhatsApp,Dana Nasser,2024-03-08,2025-01-17,315.0,64.0,5,16,5,23.0,8.7,180.13,True
CUST10110,Amman,Consumer,Retail,Referral,Lost,False,Active,CRM Basic,Referral Program,Social Media,Omar Mansour,2025-08-20,2025-12-31,133.0,30.0,4,12,4,5.4,7.1,0.0,False
CUST10111,Irbid,Corporate,Technology,LinkedIn,New Lead,False,Active,CRM Professional,Referral Program,Website,Yara Odeh,2023-11-09,2024-10-23,349.0,34.0,4,7,3,5.2,4.7,0.0,False
CUST10112,Amman,Consumer,Manufacturing,Unknown,New Lead,False,Inactive,CRM Enterprise,Q1 Acquisition,Website,Samer Khalil,2024-08-17,2025-04-29,255.0,65.0,5,10,3,4.3,9.9,0.0,False
CUST10113,Amman,Corporate,Construction,Trade Show,Won,True,Active,Marketing Add-on,Summer Campaign,Meeting,Ahmad Saleh,2025-07-03,2025-12-31,181.0,75.0,3,8,6,19.9,7.5,1147.33,True
CUST10114,Madaba,Consumer,Retail,Website,Qualified,False,Prospect,CRM Professional,Referral Program,Email,Dana Nasser,2023-03-24,2023-09-30,190.0,85.0,2,13,1,13.1,9.1,0.0,False
CUST10115,Amman,Corporate,Healthcare,Instagram,Won,True,Active,CRM Professional,Spring Campaign,Email,Samer Khalil,2023-02-22,2023-12-27,308.0,88.0,7,9,3,2.6,7.8,4419.5,True
CUST10116,Irbid,Small Business,Hospitality,LinkedIn,Contacted,False,Active,Analytics Add-on,No Campaign,Email,Lina Haddad,2024-09-17,2025-08-28,345.0,44.0,5,8,2,3.3,,0.0,False
CUST10117,Zarqa,Consumer,Education,Cold Call,Won,True,Active,CRM Professional,Unknown,WhatsApp,Samer Khalil,2024-09-22,2025-01-27,127.0,60.0,4,8,8,0.7,5.7,204.54,True
CUST10118,Aqaba,Small Business,Retail,Email Campaign,Lost,False,Prospect,CRM Basic,Summer Campaign,Meeting,Dana Nasser,2024-04-25,2025-02-06,287.0,43.0,2,9,4,3.3,8.5,0.0,False
CUST10119,Irbid,Small Business,Education,Website,Proposal,False,Active,CRM Professional,Q1 Acquisition,Meeting,Ahmad Saleh,2024-06-23,2025-03-04,254.0,59.0,4,11,6,2.9,5.0,357.18,True
CUST10120,Salt,Consumer,Manufacturing,LinkedIn,New Lead,False,Active,Marketing Add-on,Q1 Acquisition,WhatsApp,Ahmad Saleh,2024-09-16,2025-04-17,213.0,64.0,7,9,4,7.6,5.3,0.0,False
CUST10121,Aqaba,Corporate,Technology,Email Campaign,Won,True,Inactive,CRM Basic,Spring Campaign,Meeting,Lina Haddad,2024-08-30,2025-05-07,250.0,100.0,5,7,4,1.8,8.7,661.7,True
CUST10122,Jerash,Consumer,Healthcare,Instagram,Won,True,Active,CRM Professional,Q1 Acquisition,Social Media,Omar Mansour,2023-06-22,2023-09-14,84.0,100.0,6,5,5,13.4,9.0,247.38,True
CUST10123,Madaba,Enterprise,Finance,Facebook,Negotiation,False,Inactive,CRM Professional,Spring Campaign,WhatsApp,Ahmad Saleh,2024-01-30,2024-02-12,13.0,58.0,7,10,6,12.8,7.8,1367.53,True
CUST10124,Salt,Corporate,Retail,Facebook,New Lead,False,Active,Analytics Add-on,Unknown,Social Media,Yara Odeh,2023-05-28,2023-07-12,45.0,41.0,6,5,3,10.9,7.8,0.0,False
CUST10125,Amman,Consumer,Technology,LinkedIn,Won,True,Active,Marketing Add-on,Summer Campaign,Social Media,Omar Mansour,2023-09-14,2024-01-19,127.0,75.0,8,10,4,13.9,8.5,129.12,True
CUST10126,Amman,Corporate,Construction,Website,New Lead,False,Active,CRM Professional,Spring Campaign,Email,Dana Nasser,2024-06-20,2024-10-12,114.0,28.0,8,8,4,6.3,9.9,0.0,False
CUST10127,Aqaba,Consumer,Education,Facebook,Contacted,False,Active,Marketing Add-on,Q1 Acquisition,Website,Samer Khalil,2023-05-29,,,48.0,8,6,2,13.9,9.2,0.0,False
CUST10128,Irbid,Consumer,Manufacturing,Facebook,Proposal,False,Inactive,CRM Basic,Summer Campaign,Email,Omar Mansour,2025-05-06,2025-11-27,205.0,64.0,5,6,4,,8.4,21.94,True
CUST10129,Karak,Enterprise,Hospitality,LinkedIn,Contacted,False,Inactive,CRM Basic,Referral Program,WhatsApp,Yara Odeh,2025-11-08,2025-12-31,53.0,87.0,4,6,2,,10.0,0.0,False
CUST10130,Amman,Small Business,Education,LinkedIn,Negotiation,False,Active,Marketing Add-on,Back-to-School,Phone,Dana Nasser,2023-10-29,2024-07-28,273.0,80.0,5,6,5,9.5,,136.7,True
CUST10131,Madaba,Consumer,Hospitality,Website,Proposal,False,Prospect,CRM Professional,No Campaign,WhatsApp,Dana Nasser,2024-04-01,2024-05-29,58.0,84.0,5,5,3,4.5,4.9,56.44,True
CUST10132,Aqaba,Consumer,Manufacturing,Cold Call,New Lead,False,Active,CRM Basic,Q1 Acquisition,Website,Dana Nasser,2025-11-24,2025-12-31,37.0,61.0,6,10,6,2.9,5.2,0.0,False
CUST10133,Aqaba,Consumer,Hospitality,Cold Call,Proposal,False,Active,CRM Professional,Spring Campaign,WhatsApp,Yara Odeh,2025-05-02,2025-12-07,219.0,82.0,6,7,7,10.7,9.8,37.18,True
CUST10134,Karak,Enterprise,Manufacturing,Website,Lost,False,Active,Analytics Add-on,Spring Campaign,Website,Lina Haddad,2023-04-02,2023-07-20,109.0,72.0,3,6,3,15.8,,0.0,False
CUST10135,Salt,Consumer,Technology,Google Ads,Contacted,False,Inactive,Analytics Add-on,Q1 Acquisition,Phone,Yara Odeh,2024-12-03,2025-09-08,279.0,43.0,6,9,1,15.8,7.2,0.0,False
CUST10136,Madaba,Consumer,Retail,Cold Call,Proposal,False,Active,Analytics Add-on,No Campaign,Phone,Lina Haddad,2024-12-07,2025-05-30,174.0,86.0,6,6,6,23.0,4.0,24.32,True
CUST10137,Amman,Small Business,Finance,Cold Call,Qualified,False,Active,CRM Professional,Back-to-School,Meeting,Omar Mansour,2023-01-09,2023-12-03,328.0,99.0,4,5,3,22.0,9.4,0.0,False
CUST10138,Aqaba,Consumer,Retail,Email Campaign,Qualified,False,Active,Analytics Add-on,Back-to-School,Social Media,Dana Nasser,2025-10-29,2025-12-31,63.0,46.0,2,11,6,8.4,6.3,0.0,False
CUST10139,Jerash,Consumer,Construction,LinkedIn,Contacted,False,Inactive,CRM Professional,Q1 Acquisition,WhatsApp,Omar Mansour,2024-07-21,2025-06-01,315.0,43.0,7,8,7,11.5,8.4,0.0,False
CUST10140,Jerash,Consumer,Construction,Google Ads,Qualified,False,Prospect,CRM Enterprise,No Campaign,Social Media,Ahmad Saleh,2023-11-26,2024-03-16,111.0,52.0,3,7,3,4.8,7.6,0.0,False
CUST10141,Karak,Consumer,Healthcare,Facebook,New Lead,False,Active,CRM Enterprise,Referral Program,Email,Omar Mansour,2023-04-03,2023-10-07,187.0,83.0,5,5,4,14.9,,0.0,False
CUST10142,Zarqa,Consumer,Retail,Cold Call,Lost,False,Active,CRM Professional,Back-to-School,Email,Samer Khalil,2023-02-08,2023-11-04,269.0,24.0,3,9,1,0.6,8.2,0.0,False
CUST10143,Irbid,Enterprise,Manufacturing,Instagram,Proposal,False,Inactive,CRM Basic,No Campaign,Email,Dana Nasser,2024-03-02,2024-10-17,229.0,69.0,6,2,4,19.8,4.7,435.6,True
CUST10144,Karak,Consumer,Manufacturing,Instagram,Qualified,False,Inactive,CRM Professional,No Campaign,Meeting,Omar Mansour,2024-02-03,2024-07-08,156.0,70.0,8,11,2,19.7,3.5,0.0,False
CUST10145,Salt,Corporate,Healthcare,Cold Call,Qualified,False,Active,CRM Enterprise,Q1 Acquisition,Email,Lina Haddad,2023-03-07,2023-09-12,189.0,49.0,4,5,5,6.6,8.1,0.0,False
CUST10146,Irbid,Corporate,Education,Instagram,Proposal,False,Active,CRM Basic,Q1 Acquisition,Email,Samer Khalil,2024-12-13,2025-09-11,272.0,,2,7,2,15.1,8.8,153.27,True
CUST10147,Salt,Corporate,Manufacturing,Referral,Qualified,False,Prospect,CRM Basic,Q1 Acquisition,WhatsApp,Omar Mansour,2024-06-14,,,44.0,9,11,4,16.8,,0.0,False
CUST10148,Aqaba,Corporate,Healthcare,Google Ads,Qualified,False,Active,CRM Professional,Year-End Campaign,Social Media,Omar Mansour,2023-07-25,2024-03-27,246.0,55.0,6,15,9,17.3,6.8,0.0,False
CUST10149,Madaba,Consumer,Manufacturing,LinkedIn,Qualified,False,Active,CRM Basic,Spring Campaign,Social Media,Omar Mansour,2024-03-03,2024-09-29,210.0,49.0,6,8,0,29.1,7.6,0.0,False
CUST10150,Irbid,Consumer,Finance,Cold Call,Contacted,False,Active,CRM Enterprise,No Campaign,Website,Yara Odeh,2023-10-03,2024-07-15,286.0,79.0,6,5,7,8.7,,0.0,False
CUST10151,Jerash,Consumer,Manufacturing,Cold Call,Contacted,False,Active,CRM Basic,Back-to-School,Email,Yara Odeh,2025-02-12,2025-12-31,322.0,39.0,3,9,1,2.2,7.3,0.0,False
CUST10152,Amman,Consumer,Technology,Facebook,Proposal,False,Prospect,CRM Basic,No Campaign,Phone,Yara Odeh,2024-05-14,2024-05-27,13.0,56.0,3,7,5,,,11.95,True
CUST10153,Aqaba,Corporate,Healthcare,Google Ads,Won,True,Active,CRM Enterprise,Year-End Campaign,Website,Lina Haddad,2023-09-24,,,88.0,5,9,2,15.7,7.4,8457.83,True
CUST10154,Madaba,Small Business,Hospitality,Trade Show,New Lead,False,Active,Analytics Add-on,Referral Program,Website,Omar Mansour,2024-12-20,2025-07-29,221.0,46.0,5,10,4,4.7,,0.0,False
CUST10155,Jerash,Corporate,Construction,Email Campaign,New Lead,False,Inactive,CRM Basic,Summer Campaign,WhatsApp,Yara Odeh,2023-09-12,2024-05-07,238.0,1.0,2,9,4,12.2,9.0,0.0,False
CUST10156,Madaba,Consumer,Retail,Referral,Contacted,False,Inactive,CRM Basic,No Campaign,Website,Ahmad Saleh,2024-02-27,2024-05-31,94.0,33.0,2,10,4,9.0,4.8,0.0,False
CUST10157,Salt,Enterprise,Healthcare,Website,Lost,False,Active,Marketing Add-on,Year-End Campaign,Phone,Ahmad Saleh,2023-12-29,2024-12-01,338.0,35.0,6,5,2,25.7,9.2,0.0,False
CUST10158,Jerash,Consumer,Education,Website,Won,True,Active,CRM Professional,Year-End Campaign,Social Media,Ahmad Saleh,2023-09-05,2024-05-31,269.0,60.0,6,4,2,0.8,7.9,230.28,True
CUST10159,Madaba,Small Business,Manufacturing,Trade Show,Proposal,False,Inactive,Marketing Add-on,Summer Campaign,Website,Omar Mansour,2023-09-29,2024-03-18,171.0,86.0,6,6,3,24.1,6.4,31.34,True
CUST10160,Madaba,Consumer,Healthcare,Unknown,Lost,False,Active,CRM Basic,No Campaign,WhatsApp,Samer Khalil,2024-12-16,2025-03-20,94.0,15.0,9,7,2,22.8,7.2,0.0,False
CUST10161,Madaba,Corporate,Finance,Website,Qualified,False,Active,CRM Basic,Summer Campaign,Email,Lina Haddad,2024-02-22,2024-07-20,149.0,81.0,5,4,1,15.1,5.9,0.0,False
CUST10162,Zarqa,Consumer,Healthcare,Instagram,Lost,False,Active,CRM Basic,No Campaign,Phone,Ahmad Saleh,2024-08-06,2024-11-26,112.0,3.0,4,5,5,8.8,6.0,0.0,False
CUST10163,Aqaba,Enterprise,Finance,Email Campaign,Contacted,False,Prospect,CRM Basic,Summer Campaign,Email,Ahmad Saleh,2025-08-04,2025-09-28,55.0,52.0,3,6,4,,8.3,0.0,False
CUST10164,Salt,Enterprise,Construction,Google Ads,Contacted,False,Active,Marketing Add-on,Referral Program,Meeting,Yara Odeh,2024-05-25,2025-04-27,337.0,81.0,9,7,7,22.8,8.1,0.0,False
CUST10165,Irbid,Corporate,Construction,Facebook,Proposal,False,Prospect,Marketing Add-on,Unknown,Website,Samer Khalil,2025-05-22,2025-09-15,116.0,55.0,4,4,5,6.0,7.4,175.28,True
CUST10166,Karak,Consumer,Manufacturing,Google Ads,Qualified,False,Active,Marketing Add-on,Back-to-School,Social Media,Ahmad Saleh,2024-02-16,2024-07-08,143.0,60.0,8,8,11,16.8,6.2,0.0,False
CUST10167,Irbid,Corporate,Retail,Website,Proposal,False,Inactive,Analytics Add-on,Back-to-School,WhatsApp,Lina Haddad,2024-02-07,2024-08-26,201.0,88.0,6,8,5,12.2,7.6,219.32,True
CUST10168,Madaba,Corporate,Manufacturing,Facebook,Contacted,False,Active,Analytics Add-on,Unknown,Phone,Samer Khalil,2024-08-11,2025-02-07,180.0,70.0,9,11,3,8.4,5.4,0.0,False
CUST10169,Zarqa,Consumer,Education,Google Ads,Proposal,False,Active,CRM Enterprise,Q1 Acquisition,Social Media,Dana Nasser,2025-11-14,2025-12-31,47.0,73.0,11,7,6,5.1,,154.1,True
CUST10170,Jerash,Consumer,Technology,Cold Call,Contacted,False,Active,Analytics Add-on,Year-End Campaign,Phone,Lina Haddad,2024-09-15,2025-09-14,364.0,46.0,2,10,3,34.4,5.7,0.0,False
CUST10171,Salt,Consumer,Retail,Referral,New Lead,False,Active,CRM Basic,Q1 Acquisition,WhatsApp,Lina Haddad,2023-10-01,2023-11-23,53.0,36.0,4,10,3,1.7,7.9,0.0,False
CUST10172,Madaba,Consumer,Retail,Facebook,Won,True,Inactive,CRM Professional,Summer Campaign,WhatsApp,Omar Mansour,2023-01-29,2023-07-28,180.0,52.0,5,10,3,4.1,6.7,181.62,True
CUST10173,Jerash,Small Business,Construction,Trade Show,Won,True,Active,CRM Enterprise,Summer Campaign,Website,Dana Nasser,2025-03-21,2025-12-31,285.0,60.0,7,4,3,7.7,6.8,1854.97,True
CUST10174,Karak,Enterprise,Technology,Referral,Lost,False,Active,Analytics Add-on,Q1 Acquisition,Phone,Dana Nasser,2024-04-01,2025-02-03,308.0,46.0,4,10,6,9.0,9.0,0.0,False
CUST10175,Karak,Consumer,Healthcare,Google Ads,Negotiation,False,Prospect,CRM Enterprise,Year-End Campaign,Meeting,Samer Khalil,2025-11-02,2025-12-31,59.0,78.0,4,8,3,1.0,9.3,442.01,True
CUST10176,Madaba,Small Business,Manufacturing,LinkedIn,Negotiation,False,Active,Analytics Add-on,Unknown,Meeting,Ahmad Saleh,2023-01-26,2023-07-27,182.0,100.0,3,7,2,11.0,7.3,193.28,True
CUST10177,Irbid,Enterprise,Healthcare,Trade Show,Proposal,False,Active,CRM Professional,Referral Program,Website,Dana Nasser,2023-10-02,2023-10-03,1.0,83.0,10,3,4,15.7,6.0,1070.38,True
CUST10178,Karak,Consumer,Healthcare,Cold Call,New Lead,False,Active,CRM Enterprise,Spring Campaign,Phone,Samer Khalil,2024-03-14,2024-04-27,44.0,33.0,4,5,5,7.8,6.3,0.0,False
CUST10179,Karak,Corporate,Manufacturing,Facebook,Contacted,False,Active,Marketing Add-on,Spring Campaign,Phone,Dana Nasser,2025-04-24,2025-12-07,227.0,60.0,4,9,7,19.4,,0.0,False
CUST10180,Irbid,Small Business,Education,Instagram,Contacted,False,Inactive,CRM Basic,Summer Campaign,Email,Yara Odeh,2023-12-12,2024-11-07,331.0,15.0,4,6,2,,9.3,0.0,False
CUST10181,Irbid,Small Business,Unknown,Facebook,Won,True,Active,Marketing Add-on,Q1 Acquisition,Website,Lina Haddad,2024-02-22,2024-05-30,98.0,82.0,6,9,5,10.1,4.0,537.68,True
CUST10182,Salt,Consumer,Finance,Referral,Contacted,False,Active,CRM Professional,Back-to-School,Phone,Yara Odeh,2024-06-18,2025-01-12,208.0,64.0,3,9,5,30.4,7.4,0.0,False
CUST10183,Salt,Small Business,Technology,Facebook,Lost,False,Active,CRM Enterprise,Unknown,Phone,Dana Nasser,2023-05-22,2024-02-11,265.0,59.0,7,5,3,12.6,6.9,0.0,False
CUST10184,Irbid,Consumer,Retail,Referral,Proposal,False,Active,Analytics Add-on,Back-to-School,WhatsApp,Ahmad Saleh,2024-07-08,2025-04-22,288.0,66.0,8,7,5,9.3,10.0,28.12,True
CUST10185,Zarqa,Corporate,Healthcare,Trade Show,Negotiation,False,Active,CRM Professional,Summer Campaign,Email,Samer Khalil,2025-03-10,2025-12-06,271.0,84.0,7,12,4,3.6,9.3,676.59,True
CUST10186,Zarqa,Consumer,Technology,Facebook,New Lead,False,Active,CRM Professional,Summer Campaign,Meeting,Ahmad Saleh,2023-06-16,2023-11-03,140.0,35.0,3,11,5,12.4,6.8,0.0,False
CUST10187,Jerash,Corporate,Finance,Trade Show,Contacted,False,Active,CRM Professional,Year-End Campaign,Meeting,Omar Mansour,2023-09-03,2024-04-27,237.0,58.0,5,7,7,19.8,6.9,0.0,False
CUST10188,Salt,Consumer,Retail,Cold Call,Lost,False,Inactive,CRM Basic,Referral Program,WhatsApp,Ahmad Saleh,2025-08-22,2025-11-02,72.0,26.0,4,4,3,12.5,8.5,0.0,False
CUST10189,Zarqa,Consumer,Retail,Cold Call,Contacted,False,Active,CRM Professional,Summer Campaign,Website,Ahmad Saleh,2023-09-26,2024-02-28,155.0,,4,6,3,6.0,6.1,0.0,False
CUST10190,Zarqa,Small Business,Education,Referral,Contacted,False,Active,CRM Professional,Spring Campaign,Meeting,Samer Khalil,2024-08-21,2025-02-27,190.0,75.0,2,11,3,1.8,9.9,0.0,False
CUST10191,Madaba,Consumer,Retail,Google Ads,Contacted,False,Active,Marketing Add-on,Unknown,Website,Yara Odeh,2024-06-16,2025-03-11,268.0,46.0,5,10,7,2.3,7.7,0.0,False
CUST10192,Karak,Corporate,Retail,Cold Call,New Lead,False,Prospect,CRM Basic,Referral Program,Phone,Lina Haddad,2023-01-01,2023-11-18,321.0,49.0,3,8,3,9.7,7.1,0.0,False
CUST10193,Aqaba,Enterprise,Finance,Email Campaign,Contacted,False,Active,CRM Professional,Year-End Campaign,Social Media,Yara Odeh,2025-07-23,2025-11-07,107.0,34.0,8,8,8,49.4,9.6,0.0,False
CUST10194,Zarqa,Corporate,Finance,Facebook,Proposal,False,Prospect,Marketing Add-on,Q1 Acquisition,WhatsApp,Dana Nasser,2025-02-10,2025-09-30,232.0,44.0,2,9,1,10.8,7.5,236.72,True
CUST10195,Jerash,Consumer,Technology,Email Campaign,Qualified,False,Prospect,Marketing Add-on,Back-to-School,Website,Dana Nasser,2025-09-15,2025-10-27,42.0,49.0,6,9,2,5.1,8.6,0.0,False
CUST10196,Irbid,Small Business,Healthcare,Facebook,Proposal,False,Inactive,CRM Enterprise,No Campaign,Phone,Samer Khalil,2023-04-29,2023-11-05,190.0,75.0,7,10,3,3.2,7.9,301.71,True
CUST10197,Jerash,Small Business,Finance,Website,New Lead,False,Active,CRM Enterprise,Summer Campaign,Phone,Samer Khalil,2023-05-31,2023-10-17,139.0,1.0,2,8,5,2.4,6.7,0.0,False
CUST10198,Irbid,Corporate,Technology,Trade Show,Won,True,Active,CRM Professional,Unknown,WhatsApp,Yara Odeh,2023-07-14,2023-10-25,103.0,84.0,5,7,4,7.0,7.5,2866.17,True
CUST10199,Jerash,Consumer,Retail,Referral,Won,True,Active,CRM Professional,Spring Campaign,Meeting,Lina Haddad,2023-03-30,2023-09-17,171.0,,7,5,2,19.3,7.5,392.45,True
CUST10200,Aqaba,Small Business,Construction,LinkedIn,New Lead,False,Prospect,CRM Basic,Back-to-School,Phone,Lina Haddad,2024-03-13,2025-02-27,351.0,22.0,5,6,2,8.4,7.7,0.0,False
CUST10201,Jerash,Small Business,Technology,Google Ads,Qualified,False,Inactive,Analytics Add-on,Spring Campaign,Email,Omar Mansour,2025-09-02,2025-12-31,120.0,65.0,3,7,3,12.0,,0.0,False
CUST10202,Irbid,Consumer,Construction,Referral,New Lead,False,Prospect,CRM Professional,Spring Campaign,Meeting,Dana Nasser,2023-06-28,2024-02-04,221.0,43.0,3,7,2,6.6,7.5,0.0,False
CUST10203,Aqaba,Consumer,Technology,Cold Call,Won,True,Active,CRM Enterprise,Referral Program,Social Media,Dana Nasser,2023-10-08,2024-05-08,213.0,63.0,4,10,4,5.6,5.8,531.04,True
CUST10204,Jerash,Consumer,Technology,Instagram,Negotiation,False,Active,CRM Professional,Q1 Acquisition,WhatsApp,Omar Mansour,2025-04-14,2025-12-31,261.0,70.0,8,6,3,15.6,9.4,135.63,True
CUST10205,Aqaba,Corporate,Construction,Google Ads,Won,True,Active,CRM Professional,No Campaign,WhatsApp,Samer Khalil,2025-02-25,2025-04-22,56.0,80.0,7,2,1,7.1,6.8,5125.6,True
CUST10206,Irbid,Enterprise,Manufacturing,Google Ads,Contacted,False,Active,CRM Professional,Summer Campaign,WhatsApp,Dana Nasser,2024-01-26,2025-01-02,342.0,33.0,4,7,4,13.3,6.7,0.0,False
CUST10207,Salt,Small Business,Technology,Instagram,Qualified,False,Active,Analytics Add-on,Unknown,Phone,Ahmad Saleh,2023-05-14,,,53.0,6,7,2,8.2,6.8,0.0,False
CUST10208,Amman,Consumer,Construction,Trade Show,Contacted,False,Inactive,CRM Basic,Summer Campaign,Phone,Samer Khalil,2023-08-26,2024-03-05,192.0,50.0,8,10,6,,6.3,0.0,False
CUST10209,Zarqa,Consumer,Finance,Google Ads,Qualified,False,Prospect,CRM Professional,Back-to-School,WhatsApp,Samer Khalil,2025-10-02,2025-12-31,90.0,66.0,4,9,6,10.1,7.0,0.0,False
CUST10210,Karak,Enterprise,Hospitality,Website,Proposal,False,Active,CRM Basic,No Campaign,WhatsApp,Lina Haddad,2023-03-31,2023-10-17,200.0,100.0,7,6,0,3.9,9.0,324.67,True
CUST10211,Zarqa,Enterprise,Hospitality,Google Ads,New Lead,False,Prospect,CRM Basic,Q1 Acquisition,Email,Yara Odeh,2023-03-07,2023-10-26,233.0,21.0,4,10,3,20.9,5.8,0.0,False
CUST10212,Aqaba,Enterprise,Hospitality,LinkedIn,Negotiation,False,Prospect,CRM Enterprise,No Campaign,Website,Omar Mansour,2023-04-11,2023-11-24,227.0,100.0,5,10,4,9.8,5.7,4233.29,True
CUST10213,Irbid,Corporate,Hospitality,Email Campaign,Proposal,False,Active,CRM Basic,Year-End Campaign,Meeting,Yara Odeh,2024-04-09,2024-08-26,139.0,49.0,5,7,1,16.6,7.9,114.46,True
CUST10214,Irbid,Consumer,Manufacturing,Trade Show,Won,True,Active,CRM Basic,Year-End Campaign,Meeting,Yara Odeh,2025-10-31,2025-12-31,61.0,80.0,9,13,7,4.1,5.0,59.69,True
CUST10215,Aqaba,Corporate,Healthcare,Referral,Contacted,False,Inactive,Marketing Add-on,Q1 Acquisition,Email,Samer Khalil,2025-09-15,2025-12-31,107.0,68.0,8,7,5,14.8,6.9,0.0,False
CUST10216,Salt,Consumer,Construction,Cold Call,Won,True,Active,CRM Professional,Referral Program,WhatsApp,Lina Haddad,2025-10-26,2025-12-31,66.0,89.0,3,12,1,15.0,4.9,363.72,True
CUST10217,Madaba,Consumer,Technology,Website,Lost,False,Active,CRM Basic,Q1 Acquisition,Phone,Ahmad Saleh,2024-05-26,2024-09-18,115.0,1.0,4,4,6,6.1,6.4,0.0,False
CUST10218,Salt,Corporate,Education,Trade Show,Won,True,Active,CRM Basic,No Campaign,Phone,Ahmad Saleh,2025-04-20,2025-06-22,63.0,100.0,2,5,5,18.4,7.5,657.3,True
CUST10219,Jerash,Consumer,Hospitality,Email Campaign,Won,True,Prospect,CRM Basic,Referral Program,WhatsApp,Dana Nasser,2025-12-11,2025-12-31,20.0,86.0,0,10,4,,7.1,154.79,True
CUST10220,Zarqa,Consumer,Retail,LinkedIn,Won,True,Active,CRM Professional,Back-to-School,Website,Omar Mansour,2025-02-28,2025-12-31,306.0,69.0,3,8,2,36.6,9.9,337.81,True
CUST10221,Madaba,Consumer,Hospitality,Email Campaign,Proposal,False,Inactive,CRM Enterprise,No Campaign,Social Media,Omar Mansour,2025-07-01,2025-12-31,183.0,64.0,4,9,3,10.0,8.8,182.41,True
CUST10222,Madaba,Consumer,Hospitality,Referral,Contacted,False,Prospect,CRM Enterprise,Spring Campaign,Social Media,Lina Haddad,2024-07-31,2025-01-03,156.0,59.0,5,5,1,7.0,8.9,0.0,False
CUST10223,Karak,Corporate,Retail,Instagram,Negotiation,False,Inactive,CRM Basic,No Campaign,Email,Dana Nasser,2025-07-27,2025-12-31,157.0,85.0,7,7,3,8.1,9.0,230.05,True
CUST10224,Amman,Consumer,Manufacturing,Cold Call,Negotiation,False,Active,CRM Enterprise,Referral Program,Meeting,Yara Odeh,2024-04-15,2024-04-21,6.0,84.0,4,8,4,25.1,5.9,336.32,True
CUST10225,Aqaba,Consumer,Retail,Instagram,Lost,False,Inactive,CRM Professional,Q1 Acquisition,Website,Omar Mansour,2025-12-24,2025-12-31,7.0,31.0,6,11,2,10.1,7.7,0.0,False
CUST10226,Madaba,Consumer,Retail,Facebook,Proposal,False,Active,CRM Professional,Back-to-School,Social Media,Dana Nasser,2023-03-19,2023-09-19,184.0,67.0,2,7,2,11.4,9.0,36.27,True
CUST10227,Zarqa,Consumer,Manufacturing,LinkedIn,Contacted,False,Active,Analytics Add-on,Referral Program,Website,Lina Haddad,2023-12-30,2024-01-27,28.0,33.0,6,8,3,10.5,8.0,0.0,False
CUST10228,Jerash,Consumer,Retail,Cold Call,Negotiation,False,Prospect,CRM Professional,Year-End Campaign,Phone,Dana Nasser,2024-12-30,2025-02-06,38.0,88.0,6,10,4,3.9,7.5,76.04,True
CUST10229,Salt,Small Business,Technology,Referral,Lost,False,Active,CRM Basic,Back-to-School,Phone,Samer Khalil,2024-02-29,2024-06-27,119.0,40.0,6,9,1,2.4,5.4,0.0,False
CUST10230,Salt,Consumer,Hospitality,Trade Show,Contacted,False,Inactive,Analytics Add-on,Spring Campaign,Website,Samer Khalil,2023-08-13,2024-06-01,293.0,59.0,7,12,5,11.4,6.9,0.0,False
CUST10231,Amman,Corporate,Healthcare,Cold Call,Contacted,False,Active,CRM Basic,Spring Campaign,WhatsApp,Samer Khalil,2023-07-15,2024-03-15,244.0,40.0,4,8,8,22.6,6.4,0.0,False
CUST10232,Madaba,Enterprise,Manufacturing,Trade Show,Proposal,False,Active,CRM Professional,No Campaign,Social Media,Samer Khalil,2025-04-29,2025-07-06,68.0,69.0,3,7,3,5.1,8.7,720.93,True
CUST10233,Jerash,Small Business,Education,Trade Show,Contacted,False,Prospect,CRM Enterprise,Spring Campaign,Social Media,Ahmad Saleh,2024-02-16,2024-09-17,214.0,46.0,0,6,3,5.0,6.0,0.0,False
CUST10234,Karak,Consumer,Manufacturing,Facebook,New Lead,False,Inactive,CRM Enterprise,No Campaign,Phone,Yara Odeh,2024-02-12,2024-09-17,218.0,16.0,4,8,3,19.0,9.0,0.0,False
CUST10235,Irbid,Consumer,Finance,Website,Contacted,False,Active,Analytics Add-on,Spring Campaign,Meeting,Ahmad Saleh,2024-02-18,2024-08-13,177.0,72.0,4,9,4,6.4,7.9,0.0,False
CUST10236,Karak,Corporate,Education,LinkedIn,Won,True,Prospect,CRM Basic,Summer Campaign,Email,Omar Mansour,2024-04-18,2025-02-11,299.0,93.0,3,6,2,13.3,6.6,1110.38,True
CUST10237,Jerash,Small Business,Finance,LinkedIn,New Lead,False,Inactive,CRM Professional,Q1 Acquisition,Social Media,Ahmad Saleh,2024-12-27,2025-06-09,164.0,15.0,4,8,3,21.2,9.7,0.0,False
CUST10238,Jerash,Corporate,Construction,Facebook,Qualified,False,Active,CRM Basic,No Campaign,Phone,Yara Odeh,2024-10-31,2024-12-28,58.0,44.0,6,8,5,,9.2,0.0,False
CUST10239,Aqaba,Corporate,Construction,Instagram,Won,True,Active,CRM Professional,Unknown,Phone,Dana Nasser,2025-11-25,2025-12-31,36.0,68.0,6,8,3,7.7,8.8,2222.44,True
CUST10240,Aqaba,Enterprise,Manufacturing,Instagram,Lost,False,Active,CRM Professional,Summer Campaign,Website,Dana Nasser,2023-03-16,2024-01-18,308.0,71.0,4,10,4,14.8,8.4,0.0,False
CUST10241,Amman,Enterprise,Finance,Referral,Lost,False,Active,CRM Enterprise,No Campaign,Website,Ahmad Saleh,2025-04-04,2025-06-01,58.0,62.0,2,10,4,18.0,7.5,0.0,False
CUST10242,Irbid,Small Business,Education,Website,Qualified,False,Active,CRM Basic,Referral Program,Meeting,Dana Nasser,2024-08-24,2025-06-08,288.0,64.0,7,7,7,7.5,,0.0,False
CUST10243,Aqaba,Consumer,Technology,Trade Show,Lost,False,Active,CRM Basic,No Campaign,Website,Yara Odeh,2024-01-21,2024-05-05,105.0,13.0,1,5,2,16.0,7.7,0.0,False
CUST10244,Jerash,Enterprise,Manufacturing,Google Ads,New Lead,False,Active,CRM Professional,No Campaign,Email,Omar Mansour,2023-09-02,2024-04-17,228.0,49.0,3,11,3,15.1,7.9,0.0,False
CUST10245,Madaba,Small Business,Unknown,Google Ads,Negotiation,False,Prospect,Marketing Add-on,No Campaign,Social Media,Lina Haddad,2025-09-29,2025-12-31,93.0,76.0,5,7,3,15.5,7.9,320.71,True
CUST10246,Zarqa,Consumer,Retail,Instagram,Proposal,False,Inactive,Marketing Add-on,Referral Program,Email,Ahmad Saleh,2023-05-01,2023-11-05,188.0,60.0,2,17,7,12.2,8.4,21.31,True
CUST10247,Karak,Small Business,Manufacturing,Facebook,Contacted,False,Active,Marketing Add-on,Year-End Campaign,Email,Samer Khalil,2025-06-19,2025-09-10,83.0,,5,9,4,16.5,8.3,0.0,False
CUST10248,Madaba,Small Business,Unknown,Website,Qualified,False,Prospect,CRM Professional,Year-End Campaign,Website,Dana Nasser,2023-05-31,2023-12-03,186.0,56.0,5,7,4,5.7,6.0,0.0,False
CUST10249,Salt,Corporate,Construction,Email Campaign,New Lead,False,Active,CRM Basic,Q1 Acquisition,Meeting,Dana Nasser,2023-06-20,2024-02-27,252.0,64.0,4,4,1,3.7,4.8,0.0,False
CUST10250,Salt,Small Business,Hospitality,Website,Won,True,Active,CRM Professional,Referral Program,Phone,Lina Haddad,2024-08-06,2025-07-27,355.0,73.0,5,7,2,5.6,10.0,1022.72,True
CUST10251,Karak,Consumer,Manufacturing,Referral,Qualified,False,Active,CRM Enterprise,Spring Campaign,WhatsApp,Omar Mansour,2025-06-01,2025-12-31,213.0,43.0,9,5,2,26.6,4.8,0.0,False
CUST10252,Amman,Enterprise,Construction,Trade Show,Proposal,False,Prospect,CRM Basic,No Campaign,Phone,Dana Nasser,2024-09-14,2025-09-09,360.0,42.0,3,10,7,8.7,8.3,310.67,True
CUST10253,Madaba,Corporate,Construction,Trade Show,New Lead,False,Prospect,CRM Professional,Year-End Campaign,Phone,Samer Khalil,2025-08-24,2025-12-31,129.0,38.0,12,10,3,9.2,8.8,0.0,False
CUST10254,Karak,Small Business,Technology,LinkedIn,Contacted,False,Inactive,CRM Basic,No Campaign,Phone,Lina Haddad,2025-03-29,2025-12-31,277.0,51.0,5,13,6,3.6,7.2,0.0,False
CUST10255,Amman,Consumer,Retail,Cold Call,Lost,False,Prospect,CRM Professional,Spring Campaign,Phone,Dana Nasser,2025-09-07,2025-12-31,115.0,26.0,0,8,3,3.7,7.2,0.0,False
CUST10256,Madaba,Consumer,Healthcare,Cold Call,Negotiation,False,Active,CRM Basic,Referral Program,Email,Yara Odeh,2025-12-08,2025-12-31,23.0,55.0,1,5,3,8.8,6.8,47.34,True
CUST10257,Irbid,Small Business,Finance,LinkedIn,Lost,False,Prospect,CRM Basic,Back-to-School,Website,Yara Odeh,2025-07-05,2025-12-31,179.0,69.0,4,11,3,6.6,7.4,0.0,False
CUST10258,Aqaba,Consumer,Education,Referral,Contacted,False,Active,CRM Professional,No Campaign,Website,Samer Khalil,2024-05-21,2024-08-26,97.0,65.0,8,9,8,10.1,9.9,0.0,False
CUST10259,Zarqa,Consumer,Healthcare,Trade Show,Contacted,False,Active,CRM Professional,Spring Campaign,Phone,Yara Odeh,2023-04-27,2023-11-21,208.0,87.0,9,10,7,6.2,5.7,0.0,False
CUST10260,Amman,Corporate,Retail,Cold Call,Qualified,False,Inactive,CRM Professional,Q1 Acquisition,WhatsApp,Dana Nasser,2024-02-16,2024-07-02,137.0,,2,4,6,0.8,8.2,0.0,False
CUST10261,Salt,Small Business,Hospitality,Cold Call,Qualified,False,Inactive,CRM Enterprise,Back-to-School,Social Media,Samer Khalil,2024-01-30,2024-08-01,184.0,94.0,7,12,5,5.1,9.0,0.0,False
CUST10262,Irbid,Consumer,Hospitality,Cold Call,Contacted,False,Active,CRM Basic,Back-to-School,Phone,Yara Odeh,2024-05-02,2024-07-17,76.0,34.0,7,9,11,16.7,6.9,0.0,False
CUST10263,Aqaba,Consumer,Hospitality,Trade Show,Negotiation,False,Active,Analytics Add-on,Summer Campaign,Phone,Lina Haddad,2023-07-05,2024-04-17,287.0,47.0,5,7,8,3.0,8.1,46.45,True
CUST10264,Aqaba,Consumer,Technology,Referral,Qualified,False,Active,CRM Basic,No Campaign,WhatsApp,Omar Mansour,2025-07-18,2025-12-07,142.0,65.0,10,5,4,17.9,3.0,0.0,False
CUST10265,Irbid,Corporate,Construction,Email Campaign,Contacted,False,Active,CRM Professional,Q1 Acquisition,Email,Ahmad Saleh,2023-08-23,2024-04-16,237.0,13.0,7,11,1,5.7,7.3,0.0,False
CUST10266,Madaba,Consumer,Hospitality,Instagram,Contacted,False,Active,CRM Enterprise,Year-End Campaign,Phone,Yara Odeh,2024-10-29,2024-11-23,25.0,72.0,6,7,2,,6.9,0.0,False
CUST10267,Salt,Consumer,Unknown,Website,Proposal,False,Active,Marketing Add-on,Spring Campaign,WhatsApp,Ahmad Saleh,2025-04-06,2025-12-31,269.0,70.0,5,11,2,5.3,7.2,26.24,True
CUST10268,Madaba,Small Business,Finance,Facebook,Negotiation,False,Active,CRM Professional,Q1 Acquisition,Email,Omar Mansour,2024-06-22,2024-08-28,67.0,59.0,7,13,1,11.6,6.7,367.4,True
CUST10269,Amman,Enterprise,Manufacturing,Google Ads,Qualified,False,Prospect,CRM Basic,No Campaign,Email,Dana Nasser,2024-01-15,2024-09-21,250.0,80.0,6,11,5,,6.7,0.0,False
CUST10270,Karak,Small Business,Manufacturing,Website,Proposal,False,Inactive,CRM Professional,Unknown,Meeting,Lina Haddad,2024-02-07,,,64.0,7,3,4,,,88.38,True
CUST10271,Salt,Consumer,Healthcare,Cold Call,New Lead,False,Active,CRM Professional,No Campaign,Meeting,Samer Khalil,2023-03-02,2023-05-14,73.0,41.0,5,4,4,9.8,4.7,0.0,False
CUST10272,Aqaba,Consumer,Finance,Referral,Won,True,Prospect,CRM Professional,No Campaign,Meeting,Lina Haddad,2023-09-29,2024-07-07,282.0,93.0,8,9,1,8.8,8.0,286.0,True
CUST10273,Zarqa,Corporate,Retail,Email Campaign,Lost,False,Inactive,CRM Basic,No Campaign,Phone,Omar Mansour,2024-10-01,2025-09-26,360.0,32.0,7,13,5,13.5,4.9,0.0,False
CUST10274,Amman,Consumer,Finance,Google Ads,Negotiation,False,Active,CRM Professional,Back-to-School,Email,Dana Nasser,2023-12-25,2024-01-04,10.0,52.0,10,4,4,18.0,8.5,85.56,True
CUST10275,Zarqa,Small Business,Technology,LinkedIn,New Lead,False,Active,CRM Basic,No Campaign,Phone,Dana Nasser,2023-05-25,2023-12-22,211.0,37.0,7,10,1,16.9,5.1,0.0,False
CUST10276,Aqaba,Consumer,Healthcare,Email Campaign,Proposal,False,Active,CRM Enterprise,Summer Campaign,Phone,Omar Mansour,2024-09-17,2025-08-06,323.0,40.0,4,10,2,5.6,8.5,76.79,True
CUST10277,Amman,Consumer,Healthcare,Instagram,Proposal,False,Active,CRM Enterprise,Summer Campaign,Website,Lina Haddad,2024-08-23,2025-01-22,152.0,58.0,3,4,4,4.7,5.7,119.78,True
CUST10278,Karak,Corporate,Unknown,Cold Call,Lost,False,Active,CRM Basic,Spring Campaign,Social Media,Ahmad Saleh,2024-09-26,2024-10-01,5.0,,4,6,6,22.7,7.4,0.0,False
CUST10279,Salt,Corporate,Finance,Facebook,Lost,False,Active,Marketing Add-on,Back-to-School,Social Media,Lina Haddad,2025-04-26,2025-11-07,195.0,39.0,5,11,5,23.7,9.5,0.0,False
CUST10280,Salt,Small Business,Hospitality,Google Ads,Won,True,Active,CRM Enterprise,No Campaign,Website,Yara Odeh,2023-12-23,2024-10-01,283.0,62.0,7,9,3,6.0,8.9,2425.62,True
CUST10281,Zarqa,Consumer,Technology,Cold Call,New Lead,False,Inactive,CRM Professional,Year-End Campaign,Phone,Dana Nasser,2025-12-11,2025-12-31,20.0,33.0,3,15,3,1.2,8.9,0.0,False
CUST10282,Salt,Consumer,Hospitality,Google Ads,Lost,False,Active,CRM Basic,No Campaign,WhatsApp,Dana Nasser,2023-09-25,2024-06-22,271.0,66.0,10,4,6,15.3,4.0,0.0,False
CUST10283,Amman,Small Business,Education,Facebook,Proposal,False,Inactive,CRM Enterprise,Spring Campaign,Email,Yara Odeh,2023-07-23,2024-01-02,163.0,52.0,6,4,3,7.7,,311.59,True
CUST10284,Salt,Small Business,Technology,Instagram,Won,True,Active,CRM Professional,No Campaign,Website,Yara Odeh,2024-09-25,2025-01-08,105.0,88.0,7,12,5,1.7,5.9,1391.68,True
CUST10285,Madaba,Consumer,Hospitality,Unknown,Qualified,False,Prospect,Marketing Add-on,Q1 Acquisition,Meeting,Omar Mansour,2024-09-22,2025-03-22,181.0,24.0,5,5,4,4.3,6.1,0.0,False
CUST10286,Karak,Consumer,Finance,Trade Show,Contacted,False,Active,CRM Basic,No Campaign,Website,Lina Haddad,2025-06-23,2025-08-06,44.0,43.0,8,9,3,14.5,6.8,0.0,False
CUST10287,Karak,Consumer,Hospitality,Referral,Qualified,False,Prospect,CRM Basic,No Campaign,Website,Ahmad Saleh,2024-04-02,2025-01-09,282.0,44.0,7,7,7,9.8,6.6,0.0,False
CUST10288,Amman,Enterprise,Technology,Email Campaign,New Lead,False,Prospect,Marketing Add-on,Q1 Acquisition,Website,Lina Haddad,2024-01-19,2024-07-12,175.0,41.0,10,5,6,12.4,7.0,0.0,False
CUST10289,Madaba,Corporate,Retail,Website,Qualified,False,Inactive,Marketing Add-on,Year-End Campaign,Social Media,Yara Odeh,2023-05-11,2023-10-20,162.0,49.0,8,3,6,13.6,7.7,0.0,False
CUST10290,Amman,Enterprise,Manufacturing,LinkedIn,Won,True,Inactive,CRM Basic,Referral Program,Phone,Dana Nasser,2023-12-27,2024-12-12,351.0,97.0,7,8,9,3.8,5.7,2452.42,True
CUST10291,Amman,Consumer,Technology,LinkedIn,New Lead,False,Active,CRM Enterprise,Summer Campaign,Website,Lina Haddad,2023-09-02,2024-08-07,340.0,33.0,5,13,3,1.8,8.8,0.0,False
CUST10292,Madaba,Enterprise,Manufacturing,Google Ads,New Lead,False,Prospect,CRM Basic,Q1 Acquisition,Website,Dana Nasser,2023-09-09,2024-01-27,140.0,62.0,5,5,3,10.8,8.1,0.0,False
CUST10293,Aqaba,Consumer,Technology,Google Ads,New Lead,False,Active,CRM Enterprise,No Campaign,Website,Dana Nasser,2023-05-13,2023-09-22,132.0,1.0,8,3,4,9.8,,0.0,False
CUST10294,Karak,Small Business,Finance,Email Campaign,Qualified,False,Active,Analytics Add-on,Back-to-School,WhatsApp,Samer Khalil,2023-08-15,2023-11-10,87.0,61.0,4,5,6,8.0,8.4,0.0,False
CUST10295,Zarqa,Corporate,Education,Google Ads,Lost,False,Active,CRM Basic,Spring Campaign,WhatsApp,Ahmad Saleh,2025-05-19,2025-11-11,176.0,48.0,4,9,6,10.8,6.2,0.0,False
CUST10296,Zarqa,Consumer,Education,Trade Show,Contacted,False,Active,CRM Basic,Q1 Acquisition,Email,Omar Mansour,2025-04-18,2025-10-18,183.0,31.0,3,11,8,1.9,10.0,0.0,False
CUST10297,Zarqa,Consumer,Manufacturing,Referral,New Lead,False,Active,CRM Basic,Year-End Campaign,Phone,Yara Odeh,2023-08-07,2023-12-14,129.0,40.0,4,10,6,7.3,8.2,0.0,False
CUST10298,Jerash,Consumer,Construction,Website,Won,True,Prospect,CRM Basic,Q1 Acquisition,Website,Ahmad Saleh,2024-06-27,2025-02-28,246.0,90.0,5,6,5,28.1,7.5,163.63,True
CUST10299,Amman,Consumer,Construction,Website,Won,True,Active,CRM Basic,Referral Program,Email,Lina Haddad,2023-10-02,2023-12-30,89.0,100.0,5,7,6,9.8,6.2,105.57,True
CUST10300,Amman,Small Business,Finance,Unknown,New Lead,False,Prospect,Analytics Add-on,Referral Program,Meeting,Yara Odeh,2025-09-05,2025-11-10,66.0,34.0,3,9,5,2.0,7.9,0.0,False
CUST10301,Aqaba,Small Business,Hospitality,Facebook,Negotiation,False,Active,CRM Professional,Summer Campaign,Email,Yara Odeh,2025-06-17,2025-11-22,158.0,64.0,7,7,3,11.2,7.1,513.17,True
CUST10302,Salt,Corporate,Finance,Referral,Proposal,False,Active,CRM Professional,Back-to-School,Meeting,Samer Khalil,2025-06-08,2025-07-08,30.0,55.0,4,7,3,14.1,,355.6,True
CUST10303,Madaba,Small Business,Construction,Cold Call,Won,True,Active,Analytics Add-on,Year-End Campaign,Meeting,Dana Nasser,2024-10-03,2025-09-08,340.0,81.0,2,7,2,12.0,7.4,802.09,True
CUST10304,Salt,Small Business,Finance,Cold Call,Qualified,False,Inactive,CRM Professional,No Campaign,Phone,Ahmad Saleh,2023-09-30,2024-01-24,116.0,41.0,2,5,1,15.9,5.8,0.0,False
CUST10305,Irbid,Consumer,Retail,LinkedIn,Lost,False,Active,CRM Professional,Back-to-School,WhatsApp,Dana Nasser,2023-04-19,2023-11-19,214.0,60.0,4,11,3,5.2,5.0,0.0,False
CUST10306,Amman,Consumer,Healthcare,LinkedIn,New Lead,False,Active,CRM Basic,No Campaign,Phone,Dana Nasser,2023-03-09,,,8.0,2,6,3,13.4,7.6,0.0,False
CUST10307,Irbid,Enterprise,Construction,Instagram,Contacted,False,Active,CRM Professional,Summer Campaign,Email,Samer Khalil,2023-10-16,2024-06-25,253.0,49.0,7,9,4,7.9,7.9,0.0,False
CUST10308,Amman,Consumer,Construction,Facebook,Qualified,False,Active,CRM Basic,Back-to-School,Meeting,Yara Odeh,2024-07-15,2024-12-05,143.0,32.0,7,6,5,15.5,6.1,0.0,False
CUST10309,Irbid,Small Business,Unknown,Instagram,Qualified,False,Inactive,Analytics Add-on,Q1 Acquisition,Phone,Yara Odeh,2024-03-14,2024-11-19,250.0,59.0,5,6,7,1.7,6.2,0.0,False
CUST10310,Zarqa,Consumer,Finance,Google Ads,Lost,False,Active,CRM Basic,Unknown,WhatsApp,Ahmad Saleh,2024-07-17,2025-05-15,302.0,61.0,3,9,5,6.9,4.9,0.0,False
CUST10311,Zarqa,Corporate,Finance,Website,Proposal,False,Active,CRM Enterprise,Back-to-School,Email,Samer Khalil,2025-01-25,2025-02-19,25.0,71.0,9,9,3,3.5,6.2,738.06,True
CUST10312,Karak,Corporate,Finance,LinkedIn,New Lead,False,Active,CRM Enterprise,No Campaign,Phone,Dana Nasser,2023-01-23,2023-10-27,277.0,28.0,6,6,6,3.8,7.8,0.0,False
CUST10313,Karak,Consumer,Education,Cold Call,Qualified,False,Active,CRM Enterprise,No Campaign,Website,Ahmad Saleh,2023-07-31,2023-10-09,70.0,74.0,7,7,9,18.6,5.6,0.0,False
CUST10314,Zarqa,Consumer,Finance,Referral,Qualified,False,Active,CRM Basic,No Campaign,Website,Yara Odeh,2024-05-19,2024-09-09,113.0,5.0,6,4,9,4.9,6.1,0.0,False
CUST10315,Jerash,Small Business,Construction,Facebook,Lost,False,Active,CRM Basic,Spring Campaign,Phone,Dana Nasser,2025-06-18,2025-12-31,196.0,44.0,5,8,4,5.6,6.8,0.0,False
CUST10316,Aqaba,Consumer,Technology,Website,Proposal,False,Active,Analytics Add-on,Summer Campaign,Phone,Dana Nasser,2025-06-13,2025-10-03,112.0,50.0,7,11,7,6.3,6.4,24.16,True
CUST10317,Karak,Consumer,Hospitality,Email Campaign,Proposal,False,Active,CRM Basic,Spring Campaign,Meeting,Ahmad Saleh,2025-04-27,2025-12-31,248.0,77.0,4,6,5,4.2,8.4,21.92,True
CUST10318,Jerash,Corporate,Hospitality,Referral,Negotiation,False,Active,CRM Basic,Spring Campaign,Meeting,Omar Mansour,2023-11-02,2024-08-31,303.0,22.0,3,8,5,9.7,7.3,284.38,True
CUST10319,Karak,Consumer,Finance,Instagram,Won,True,Active,CRM Enterprise,Q1 Acquisition,WhatsApp,Samer Khalil,2024-11-05,2025-02-04,91.0,71.0,8,3,3,11.5,7.7,1522.95,True
CUST10320,Jerash,Corporate,Technology,Trade Show,Proposal,False,Active,Analytics Add-on,Back-to-School,Email,Lina Haddad,2023-11-11,2023-11-29,18.0,54.0,9,8,5,10.8,7.8,256.67,True
CUST10321,Aqaba,Small Business,Retail,Instagram,Contacted,False,Active,CRM Professional,No Campaign,Phone,Yara Odeh,2023-05-12,2023-10-08,149.0,68.0,1,5,4,23.9,5.7,0.0,False
CUST10322,Karak,Consumer,Hospitality,Facebook,Won,True,Active,CRM Enterprise,Year-End Campaign,Email,Dana Nasser,2025-09-26,2025-12-31,96.0,64.0,2,9,6,4.4,,707.97,True
CUST10323,Irbid,Small Business,Construction,Referral,Negotiation,False,Active,CRM Professional,No Campaign,Website,Yara Odeh,2024-12-17,2025-07-19,214.0,69.0,2,8,3,8.4,8.4,204.28,True
CUST10324,Zarqa,Small Business,Healthcare,Trade Show,Negotiation,False,Inactive,CRM Basic,No Campaign,Email,Samer Khalil,2024-09-22,2025-09-17,360.0,74.0,2,5,5,14.6,7.0,98.89,True
CUST10325,Amman,Consumer,Education,Google Ads,Lost,False,Active,CRM Enterprise,Summer Campaign,Social Media,Samer Khalil,2025-10-11,,,45.0,2,7,4,3.5,6.4,0.0,False
CUST10326,Jerash,Consumer,Technology,Email Campaign,Won,True,Active,Analytics Add-on,No Campaign,WhatsApp,Ahmad Saleh,2024-01-20,2024-07-30,192.0,79.0,2,6,1,18.9,6.6,204.17,True
CUST10327,Aqaba,Consumer,Hospitality,Instagram,Won,True,Active,Marketing Add-on,Q1 Acquisition,WhatsApp,Ahmad Saleh,2024-07-22,2024-08-31,40.0,81.0,3,10,4,10.4,7.9,197.42,True
CUST10328,Karak,Consumer,Hospitality,Email Campaign,Lost,False,Active,CRM Basic,Back-to-School,Email,Ahmad Saleh,2023-07-04,2024-03-02,242.0,45.0,7,6,4,17.7,9.4,0.0,False
CUST10329,Jerash,Consumer,Manufacturing,Referral,New Lead,False,Inactive,CRM Enterprise,Summer Campaign,WhatsApp,Samer Khalil,2024-04-17,2024-09-02,138.0,88.0,4,6,4,7.0,4.1,0.0,False
CUST10330,Amman,Consumer,Retail,Website,Qualified,False,Active,CRM Professional,Spring Campaign,Email,Ahmad Saleh,2025-07-11,2025-12-31,173.0,24.0,2,7,4,8.9,,0.0,False
CUST10331,Aqaba,Consumer,Healthcare,Referral,Proposal,False,Active,CRM Basic,Back-to-School,Email,Lina Haddad,2025-10-14,2025-12-31,78.0,51.0,2,6,4,10.1,7.4,18.66,True
CUST10332,Aqaba,Small Business,Healthcare,Cold Call,Contacted,False,Inactive,CRM Enterprise,Back-to-School,Website,Samer Khalil,2024-09-06,2025-03-25,200.0,49.0,2,9,5,4.7,9.2,0.0,False
CUST10333,Zarqa,Small Business,Healthcare,Trade Show,Won,True,Prospect,CRM Basic,Referral Program,Email,Ahmad Saleh,2025-11-02,2025-12-31,59.0,100.0,4,5,7,5.0,7.6,242.4,True
CUST10334,Aqaba,Small Business,Construction,Website,Won,True,Prospect,CRM Professional,No Campaign,WhatsApp,Dana Nasser,2023-05-28,2023-07-28,61.0,99.0,7,10,5,18.4,8.1,784.37,True
CUST10335,Zarqa,Corporate,Technology,Instagram,Negotiation,False,Inactive,CRM Basic,Year-End Campaign,Social Media,Samer Khalil,2023-03-01,2023-09-09,192.0,94.0,0,8,2,5.1,7.3,471.04,True
CUST10336,Salt,Corporate,Retail,Google Ads,Lost,False,Prospect,CRM Professional,Year-End Campaign,Phone,Omar Mansour,2025-03-27,2025-04-01,5.0,44.0,4,8,5,4.2,8.8,0.0,False
CUST10337,Salt,Small Business,Finance,Email Campaign,Contacted,False,Active,CRM Professional,Q1 Acquisition,WhatsApp,Omar Mansour,2024-03-04,2024-10-27,237.0,75.0,2,13,1,5.7,,0.0,False
CUST10338,Aqaba,Small Business,Manufacturing,Referral,Negotiation,False,Active,CRM Professional,Year-End Campaign,Social Media,Samer Khalil,2024-02-27,2024-08-26,181.0,61.0,5,5,4,30.0,8.3,192.27,True
CUST10339,Karak,Consumer,Retail,Facebook,Proposal,False,Active,CRM Professional,Spring Campaign,WhatsApp,Samer Khalil,2025-02-07,2025-12-15,311.0,85.0,5,5,3,16.7,6.6,50.46,True
CUST10340,Irbid,Corporate,Retail,Instagram,Contacted,False,Active,CRM Basic,Summer Campaign,Social Media,Omar Mansour,2025-02-13,2025-03-22,37.0,54.0,5,8,8,4.1,8.6,0.0,False
CUST10341,Zarqa,Consumer,Hospitality,Facebook,Contacted,False,Active,CRM Enterprise,Q1 Acquisition,WhatsApp,Dana Nasser,2025-06-26,2025-08-21,56.0,54.0,9,7,2,13.5,,0.0,False
CUST10342,Karak,Consumer,Retail,Website,Won,True,Inactive,Analytics Add-on,Year-End Campaign,Phone,Dana Nasser,2025-12-26,,,54.0,6,14,2,17.3,9.5,267.59,True
CUST10343,Amman,Corporate,Technology,Cold Call,Proposal,False,Active,CRM Basic,Unknown,Website,Dana Nasser,2025-12-05,2025-12-31,26.0,32.0,4,10,7,13.1,7.0,144.88,True
CUST10344,Madaba,Consumer,Manufacturing,Instagram,Won,True,Inactive,CRM Professional,Spring Campaign,Website,Lina Haddad,2024-05-01,2025-04-15,349.0,74.0,6,8,3,11.5,7.5,418.23,True
CUST10345,Jerash,Consumer,Technology,Cold Call,Proposal,False,Active,CRM Enterprise,Spring Campaign,Phone,Yara Odeh,2024-07-29,2025-02-11,197.0,65.0,5,9,9,2.1,10.0,142.3,True
CUST10346,Zarqa,Small Business,Manufacturing,Cold Call,Contacted,False,Active,CRM Professional,Referral Program,WhatsApp,Yara Odeh,2024-04-05,2024-06-17,73.0,28.0,4,7,2,7.8,5.0,0.0,False
CUST10347,Amman,Small Business,Manufacturing,Google Ads,Contacted,False,Active,CRM Professional,Referral Program,Social Media,Lina Haddad,2024-09-30,2024-11-28,59.0,69.0,6,7,3,8.0,8.1,0.0,False
CUST10348,Karak,Corporate,Hospitality,Website,Qualified,False,Active,CRM Enterprise,Back-to-School,Email,Dana Nasser,2024-10-18,,,44.0,4,7,3,18.8,8.0,0.0,False
CUST10349,Jerash,Corporate,Technology,Referral,Lost,False,Active,CRM Basic,Q1 Acquisition,WhatsApp,Omar Mansour,2024-05-16,2024-05-18,2.0,57.0,6,16,4,8.4,8.5,0.0,False
CUST10350,Irbid,Consumer,Manufacturing,Trade Show,New Lead,False,Inactive,CRM Professional,Q1 Acquisition,Phone,Lina Haddad,2023-06-19,2024-06-13,360.0,34.0,8,4,5,18.7,7.7,0.0,False
CUST10351,Aqaba,Consumer,Retail,Cold Call,Lost,False,Active,CRM Professional,Spring Campaign,Meeting,Ahmad Saleh,2024-01-03,2024-07-09,188.0,61.0,8,7,3,3.2,7.6,0.0,False
CUST10352,Aqaba,Small Business,Technology,Website,Lost,False,Active,CRM Basic,Referral Program,Website,Yara Odeh,2025-07-07,2025-12-31,177.0,21.0,5,7,7,27.8,8.1,0.0,False
CUST10353,Irbid,Consumer,Manufacturing,Google Ads,Lost,False,Inactive,CRM Professional,Year-End Campaign,Website,Lina Haddad,2023-08-08,2023-09-07,30.0,13.0,3,6,6,7.8,7.4,0.0,False
CUST10354,Madaba,Small Business,Construction,Instagram,Qualified,False,Active,CRM Enterprise,Referral Program,WhatsApp,Omar Mansour,2025-04-01,2025-12-24,267.0,71.0,4,9,8,11.2,9.8,0.0,False
CUST10355,Jerash,Consumer,Healthcare,LinkedIn,Lost,False,Active,CRM Enterprise,Back-to-School,Social Media,Omar Mansour,2024-10-20,2025-02-05,108.0,62.0,1,11,1,9.6,,0.0,False
CUST10356,Zarqa,Consumer,Technology,LinkedIn,Qualified,False,Active,CRM Basic,Referral Program,Phone,Samer Khalil,2025-09-05,2025-12-31,117.0,,3,11,4,20.1,8.5,0.0,False
CUST10357,Salt,Small Business,Hospitality,Google Ads,New Lead,False,Active,Marketing Add-on,Back-to-School,Phone,Omar Mansour,2023-01-24,2023-04-24,90.0,22.0,5,12,3,17.9,9.8,0.0,False
CUST10358,Amman,Small Business,Construction,Website,Contacted,False,Inactive,CRM Enterprise,Unknown,Social Media,Dana Nasser,2024-02-29,2024-09-21,205.0,64.0,1,13,5,2.9,7.3,0.0,False
CUST10359,Salt,Small Business,Construction,Google Ads,Lost,False,Prospect,CRM Professional,Q1 Acquisition,Social Media,Omar Mansour,2024-01-11,2024-08-18,220.0,56.0,4,10,4,6.3,7.9,0.0,False
CUST10360,Aqaba,Small Business,Education,Trade Show,New Lead,False,Inactive,CRM Basic,No Campaign,WhatsApp,Lina Haddad,2024-01-29,2024-05-02,94.0,17.0,4,7,6,7.9,8.2,0.0,False
CUST10361,Jerash,Consumer,Technology,Trade Show,Proposal,False,Active,CRM Professional,Year-End Campaign,WhatsApp,Lina Haddad,2023-06-20,2023-10-01,103.0,76.0,5,12,4,7.7,8.6,63.33,True
CUST10362,Jerash,Consumer,Construction,Referral,New Lead,False,Inactive,Marketing Add-on,Spring Campaign,Meeting,Lina Haddad,2025-11-30,2025-12-31,31.0,43.0,9,9,6,13.1,6.7,0.0,False
CUST10363,Salt,Consumer,Technology,LinkedIn,Contacted,False,Active,CRM Professional,Referral Program,Website,Omar Mansour,2025-11-22,2025-12-31,39.0,52.0,6,11,4,2.7,6.7,0.0,False
CUST10364,Aqaba,Consumer,Technology,LinkedIn,New Lead,False,Active,CRM Enterprise,Q1 Acquisition,Website,Dana Nasser,2025-01-10,2025-07-13,184.0,12.0,8,7,3,10.7,6.7,0.0,False
CUST10365,Amman,Consumer,Manufacturing,Trade Show,Won,True,Active,CRM Professional,Year-End Campaign,Social Media,Yara Odeh,2025-11-25,2025-12-31,36.0,96.0,6,4,3,10.6,5.7,216.27,True
CUST10366,Zarqa,Small Business,Technology,Google Ads,Proposal,False,Inactive,CRM Professional,No Campaign,Email,Dana Nasser,2025-01-10,2025-09-14,247.0,56.0,9,9,1,3.6,8.9,167.19,True
CUST10367,Jerash,Consumer,Education,Cold Call,Won,True,Inactive,CRM Professional,Q1 Acquisition,Email,Samer Khalil,2025-01-19,2025-02-19,31.0,67.0,4,10,3,11.3,8.2,304.07,True
CUST10368,Jerash,Small Business,Finance,Instagram,Negotiation,False,Active,CRM Enterprise,Q1 Acquisition,Email,Ahmad Saleh,2023-07-26,2023-09-16,52.0,82.0,8,7,7,13.7,7.5,579.97,True
CUST10369,Amman,Corporate,Unknown,LinkedIn,Lost,False,Inactive,CRM Professional,Back-to-School,Phone,Dana Nasser,2025-06-30,,,41.0,5,7,8,10.0,7.3,0.0,False
CUST10370,Irbid,Consumer,Healthcare,Trade Show,Qualified,False,Active,CRM Basic,Year-End Campaign,WhatsApp,Yara Odeh,2024-11-28,2025-02-12,76.0,31.0,2,4,1,8.9,9.6,0.0,False
CUST10371,Aqaba,Consumer,Education,Google Ads,Proposal,False,Active,CRM Professional,Q1 Acquisition,Social Media,Yara Odeh,2023-04-28,2024-01-31,278.0,98.0,5,15,5,12.0,6.7,87.17,True
CUST10372,Madaba,Consumer,Finance,Website,Proposal,False,Inactive,Analytics Add-on,Back-to-School,Website,Lina Haddad,2024-05-14,2024-06-23,40.0,72.0,11,5,5,1.3,5.2,28.32,True
CUST10373,Irbid,Small Business,Manufacturing,Instagram,Qualified,False,Inactive,CRM Enterprise,Q1 Acquisition,Email,Samer Khalil,2025-12-30,,,60.0,8,8,5,6.0,,0.0,False
CUST10374,Salt,Consumer,Technology,Facebook,Won,True,Inactive,CRM Professional,Spring Campaign,Website,Yara Odeh,2023-09-02,2023-12-22,111.0,79.0,8,4,5,14.6,7.4,330.7,True
CUST10375,Karak,Consumer,Finance,Facebook,Proposal,False,Active,Marketing Add-on,Referral Program,WhatsApp,Dana Nasser,2024-04-18,,,67.0,6,7,4,11.1,8.4,19.33,True
CUST10376,Salt,Small Business,Healthcare,Google Ads,Won,True,Inactive,CRM Basic,Unknown,Meeting,Dana Nasser,2024-07-31,2025-04-06,249.0,82.0,3,12,0,1.9,10.0,408.84,True
CUST10377,Karak,Consumer,Education,Email Campaign,Won,True,Active,CRM Basic,Referral Program,Meeting,Ahmad Saleh,2025-01-14,2025-07-24,191.0,100.0,1,2,2,,5.0,196.26,True
CUST10378,Salt,Small Business,Education,Email Campaign,Contacted,False,Inactive,CRM Basic,Q1 Acquisition,Social Media,Ahmad Saleh,2025-11-30,2025-12-31,31.0,82.0,6,3,5,15.9,6.6,0.0,False
CUST10379,Karak,Small Business,Manufacturing,LinkedIn,Proposal,False,Active,CRM Basic,Referral Program,Email,Ahmad Saleh,2025-02-21,2025-12-31,313.0,61.0,6,9,9,21.2,7.2,119.29,True
CUST10380,Jerash,Corporate,Manufacturing,Website,Contacted,False,Prospect,CRM Basic,Back-to-School,Email,Dana Nasser,2025-12-08,2025-12-31,23.0,64.0,7,9,3,7.8,8.6,0.0,False
CUST10381,Aqaba,Consumer,Manufacturing,Cold Call,Proposal,False,Active,CRM Enterprise,Back-to-School,Meeting,Yara Odeh,2024-09-05,2024-09-27,22.0,80.0,4,10,6,6.2,9.8,111.54,True
CUST10382,Jerash,Corporate,Finance,Google Ads,Negotiation,False,Inactive,CRM Enterprise,Summer Campaign,Social Media,Dana Nasser,2025-01-28,2025-07-13,166.0,87.0,8,6,3,6.0,8.9,3500.5,True
CUST10383,Karak,Corporate,Technology,Facebook,Lost,False,Active,CRM Enterprise,No Campaign,Website,Lina Haddad,2024-11-03,2025-02-10,99.0,,9,6,4,10.2,4.2,0.0,False
CUST10384,Irbid,Consumer,Retail,Facebook,New Lead,False,Active,CRM Enterprise,Year-End Campaign,WhatsApp,Omar Mansour,2023-11-05,2024-05-31,208.0,57.0,5,9,2,18.2,7.5,0.0,False
CUST10385,Madaba,Consumer,Construction,Website,New Lead,False,Active,CRM Enterprise,Back-to-School,Meeting,Ahmad Saleh,2025-06-02,2025-06-10,8.0,48.0,5,10,3,7.7,,0.0,False
CUST10386,Jerash,Consumer,Education,LinkedIn,New Lead,False,Inactive,CRM Basic,No Campaign,Meeting,Lina Haddad,2023-12-14,2024-06-21,190.0,27.0,8,7,4,4.6,9.3,0.0,False
CUST10387,Zarqa,Corporate,Retail,Email Campaign,Qualified,False,Active,CRM Enterprise,Referral Program,WhatsApp,Lina Haddad,2025-08-07,2025-12-31,146.0,66.0,2,10,5,0.6,7.7,0.0,False
CUST10388,Unknown,Corporate,Hospitality,Referral,Won,True,Active,CRM Enterprise,Q1 Acquisition,WhatsApp,Yara Odeh,2024-07-17,2025-04-16,273.0,59.0,5,4,3,19.1,9.2,5852.75,True
CUST10389,Karak,Small Business,Education,LinkedIn,Won,True,Prospect,Marketing Add-on,Back-to-School,Meeting,Samer Khalil,2023-09-15,2023-10-02,17.0,89.0,5,8,4,0.7,5.2,494.48,True
CUST10390,Unknown,Corporate,Construction,LinkedIn,Negotiation,False,Inactive,CRM Basic,Q1 Acquisition,Website,Lina Haddad,2023-03-17,2023-06-15,90.0,79.0,3,6,0,7.4,9.3,319.15,True
CUST10391,Aqaba,Consumer,Manufacturing,Cold Call,Won,True,Active,CRM Basic,Summer Campaign,Website,Ahmad Saleh,2023-05-24,2023-10-12,141.0,51.0,5,12,8,21.1,10.0,141.75,True
CUST10392,Zarqa,Consumer,Construction,Cold Call,Contacted,False,Active,CRM Enterprise,Referral Program,Email,Omar Mansour,2025-04-27,2025-09-19,145.0,41.0,4,8,6,11.7,7.2,0.0,False
CUST10393,Jerash,Enterprise,Technology,Facebook,New Lead,False,Active,CRM Enterprise,No Campaign,Website,Lina Haddad,2023-12-03,2024-05-17,166.0,25.0,7,7,3,10.5,6.8,0.0,False
CUST10394,Jerash,Corporate,Technology,Cold Call,New Lead,False,Prospect,CRM Professional,Spring Campaign,Phone,Dana Nasser,2024-02-24,2025-01-26,337.0,54.0,4,5,5,6.4,5.1,0.0,False
CUST10395,Zarqa,Consumer,Education,Facebook,Won,True,Inactive,CRM Professional,Q1 Acquisition,Social Media,Dana Nasser,2024-12-20,2025-03-08,78.0,74.0,5,8,7,7.1,8.7,356.32,True
CUST10396,Unknown,Corporate,Finance,LinkedIn,Negotiation,False,Prospect,CRM Basic,Summer Campaign,Website,Lina Haddad,2025-12-18,2025-12-31,13.0,45.0,2,9,1,14.9,8.2,348.44,True
CUST10397,Karak,Enterprise,Hospitality,Website,Negotiation,False,Active,Marketing Add-on,Summer Campaign,WhatsApp,Ahmad Saleh,2024-12-23,2025-06-04,163.0,82.0,3,7,4,4.9,6.6,766.19,True
CUST10398,Zarqa,Corporate,Construction,Referral,Contacted,False,Inactive,CRM Basic,Year-End Campaign,Website,Yara Odeh,2025-08-28,2025-09-11,14.0,54.0,5,9,3,17.6,8.5,0.0,False
CUST10399,Irbid,Corporate,Manufacturing,Website,Qualified,False,Active,CRM Basic,Back-to-School,Email,Yara Odeh,2025-01-15,2025-09-11,239.0,62.0,7,6,4,43.2,7.8,0.0,False
CUST10400,Irbid,Corporate,Technology,LinkedIn,Lost,False,Active,CRM Basic,Summer Campaign,Social Media,Omar Mansour,2024-07-31,2024-10-11,72.0,23.0,6,8,3,7.2,4.9,0.0,False
CUST10401,Amman,Consumer,Hospitality,Trade Show,New Lead,False,Inactive,CRM Professional,Spring Campaign,Social Media,Omar Mansour,2023-01-29,2023-06-21,143.0,52.0,6,10,8,2.2,8.0,0.0,False
CUST10402,Madaba,Corporate,Hospitality,Google Ads,Won,True,Active,CRM Basic,No Campaign,WhatsApp,Ahmad Saleh,2025-03-24,2025-12-31,282.0,78.0,4,5,7,22.1,7.4,613.32,True
CUST10403,Madaba,Consumer,Technology,Email Campaign,Contacted,False,Active,CRM Enterprise,Spring Campaign,Social Media,Dana Nasser,2023-01-12,2023-10-22,283.0,47.0,8,11,1,6.6,8.1,0.0,False
CUST10404,Zarqa,Corporate,Healthcare,Google Ads,New Lead,False,Prospect,Marketing Add-on,Q1 Acquisition,Phone,Dana Nasser,2023-02-18,,,15.0,3,9,4,22.7,6.7,0.0,False
CUST10405,Madaba,Consumer,Construction,Referral,Negotiation,False,Active,CRM Basic,Year-End Campaign,Social Media,Yara Odeh,2025-02-23,2025-10-22,241.0,49.0,6,12,3,9.4,7.6,33.67,True
CUST10406,Zarqa,Small Business,Hospitality,Cold Call,Contacted,False,Active,CRM Enterprise,Summer Campaign,Meeting,Yara Odeh,2025-02-23,2025-10-26,245.0,100.0,4,6,1,8.8,6.0,0.0,False
CUST10407,Zarqa,Small Business,Technology,Google Ads,Negotiation,False,Inactive,CRM Basic,Referral Program,WhatsApp,Samer Khalil,2023-08-22,2024-02-01,163.0,50.0,5,9,3,6.1,6.8,192.56,True
CUST10408,Aqaba,Consumer,Healthcare,Cold Call,Negotiation,False,Prospect,CRM Professional,Q1 Acquisition,Social Media,Lina Haddad,2025-02-17,2025-04-18,60.0,31.0,3,10,12,9.6,8.9,65.67,True
CUST10409,Amman,Consumer,Unknown,LinkedIn,Proposal,False,Inactive,CRM Professional,No Campaign,Website,Yara Odeh,2024-07-20,2024-07-26,6.0,59.0,7,9,7,10.9,7.3,61.4,True
CUST10410,Jerash,Enterprise,Technology,Referral,Won,True,Active,CRM Basic,Spring Campaign,Email,Lina Haddad,2024-10-12,,,76.0,7,3,5,16.3,5.4,3200.86,True
CUST10411,Karak,Enterprise,Hospitality,Email Campaign,Proposal,False,Active,CRM Enterprise,Summer Campaign,Meeting,Yara Odeh,2023-09-21,2023-11-18,58.0,49.0,10,10,4,19.0,8.3,2433.9,True
CUST10412,Madaba,Consumer,Finance,Email Campaign,Contacted,False,Active,CRM Basic,Back-to-School,Meeting,Dana Nasser,2025-04-07,2025-12-31,268.0,34.0,9,5,2,,9.3,0.0,False
CUST10413,Unknown,Enterprise,Finance,Trade Show,Negotiation,False,Inactive,Analytics Add-on,No Campaign,Website,Lina Haddad,2023-01-13,2023-08-18,217.0,71.0,4,9,5,12.9,10.0,1358.69,True
CUST10414,Jerash,Corporate,Manufacturing,Facebook,Proposal,False,Active,CRM Enterprise,Referral Program,Meeting,Ahmad Saleh,2023-10-31,2023-11-26,26.0,74.0,4,12,6,13.9,4.8,1344.91,True
CUST10415,Irbid,Small Business,Construction,Email Campaign,New Lead,False,Prospect,CRM Enterprise,Q1 Acquisition,Phone,Omar Mansour,2024-01-13,2024-11-11,303.0,12.0,10,7,1,23.7,7.7,0.0,False
CUST10416,Amman,Consumer,Technology,Instagram,Won,True,Active,Marketing Add-on,Back-to-School,Phone,Yara Odeh,2024-05-17,2024-05-22,5.0,72.0,6,9,4,0.9,4.7,165.99,True
CUST10417,Irbid,Enterprise,Construction,Facebook,Proposal,False,Active,Marketing Add-on,Unknown,Email,Samer Khalil,2025-12-30,2025-12-31,1.0,67.0,4,9,7,4.9,4.9,531.63,True
CUST10418,Zarqa,Small Business,Manufacturing,Email Campaign,Won,True,Inactive,CRM Professional,Referral Program,Email,Ahmad Saleh,2025-03-28,2025-10-12,198.0,75.0,8,11,3,16.7,,781.92,True
CUST10419,Jerash,Corporate,Manufacturing,LinkedIn,Won,True,Inactive,CRM Professional,Year-End Campaign,Email,Ahmad Saleh,2023-10-17,2023-12-15,59.0,,4,3,3,4.3,5.9,2761.89,True
CUST10420,Madaba,Corporate,Manufacturing,Referral,Qualified,False,Inactive,CRM Professional,Back-to-School,Email,Ahmad Saleh,2023-04-13,2023-12-11,242.0,39.0,9,14,2,5.5,6.5,0.0,False
CUST10421,Zarqa,Corporate,Manufacturing,Referral,Qualified,False,Prospect,CRM Enterprise,Referral Program,Social Media,Lina Haddad,2024-12-04,2025-04-29,146.0,95.0,2,6,1,15.3,8.6,0.0,False
CUST10422,Amman,Small Business,Education,Instagram,Qualified,False,Prospect,CRM Professional,Summer Campaign,Meeting,Omar Mansour,2025-02-02,2025-11-02,273.0,13.0,7,9,7,6.8,8.0,0.0,False
CUST10423,Karak,Consumer,Hospitality,LinkedIn,Qualified,False,Prospect,Marketing Add-on,No Campaign,Website,Samer Khalil,2025-09-20,2025-12-31,102.0,81.0,2,4,2,7.8,8.2,0.0,False
CUST10424,Zarqa,Consumer,Hospitality,Instagram,Won,True,Prospect,CRM Basic,No Campaign,Phone,Dana Nasser,2025-12-06,2025-12-20,14.0,57.0,8,8,3,19.5,4.5,137.82,True
CUST10425,Madaba,Consumer,Education,Cold Call,Won,True,Inactive,CRM Professional,Referral Program,Social Media,Ahmad Saleh,2025-09-09,2025-09-22,13.0,85.0,8,6,2,16.7,7.2,266.8,True
CUST10426,Salt,Consumer,Unknown,Website,New Lead,False,Inactive,CRM Professional,No Campaign,Email,Ahmad Saleh,2025-10-12,2025-11-25,44.0,42.0,2,5,6,5.8,7.1,0.0,False
CUST10427,Amman,Small Business,Education,Email Campaign,Proposal,False,Active,Analytics Add-on,Summer Campaign,WhatsApp,Ahmad Saleh,2023-12-09,2023-12-28,19.0,46.0,5,4,9,4.5,8.5,85.6,True
CUST10428,Irbid,Small Business,Technology,LinkedIn,Lost,False,Active,CRM Basic,Year-End Campaign,WhatsApp,Dana Nasser,2023-01-06,2023-03-10,63.0,41.0,6,9,5,23.5,,0.0,False
CUST10429,Salt,Corporate,Finance,Website,Proposal,False,Active,CRM Professional,Spring Campaign,Website,Yara Odeh,2023-09-11,2024-05-07,239.0,59.0,4,8,3,8.3,7.4,258.79,True
CUST10430,Madaba,Consumer,Hospitality,Website,Won,True,Active,CRM Professional,No Campaign,Phone,Lina Haddad,2024-04-11,2025-03-14,337.0,81.0,5,11,5,6.1,5.2,235.4,True
CUST10431,Aqaba,Small Business,Retail,Referral,Won,True,Active,CRM Basic,Back-to-School,Phone,Lina Haddad,2024-08-20,2024-11-28,100.0,100.0,4,9,4,13.9,,574.38,True
CUST10432,Karak,Consumer,Healthcare,Referral,Qualified,False,Active,CRM Professional,Back-to-School,Website,Omar Mansour,2024-09-09,2025-02-19,163.0,88.0,1,13,5,11.5,9.6,0.0,False
CUST10433,Amman,Consumer,Hospitality,Cold Call,Qualified,False,Prospect,CRM Professional,No Campaign,Email,Lina Haddad,2024-10-25,2025-02-24,122.0,45.0,2,9,7,29.2,6.4,0.0,False
CUST10434,Aqaba,Consumer,Education,LinkedIn,Negotiation,False,Prospect,CRM Basic,Referral Program,Email,Lina Haddad,2023-12-31,2024-02-13,44.0,80.0,3,6,3,21.5,,72.08,True
CUST10435,Unknown,Corporate,Education,Trade Show,Qualified,False,Active,CRM Professional,Summer Campaign,Meeting,Samer Khalil,2024-01-21,2025-01-15,360.0,,6,11,9,18.4,7.4,0.0,False
CUST10436,Karak,Consumer,Finance,LinkedIn,Proposal,False,Active,Marketing Add-on,Q1 Acquisition,Phone,Samer Khalil,2023-12-20,2024-11-01,317.0,58.0,4,4,3,6.6,7.0,12.89,True
CUST10437,Karak,Corporate,Education,Cold Call,Negotiation,False,Prospect,Marketing Add-on,Spring Campaign,Phone,Lina Haddad,2023-02-09,2023-07-04,145.0,85.0,6,8,5,3.2,6.5,501.55,True
CUST10438,Aqaba,Consumer,Technology,Referral,Won,True,Prospect,CRM Professional,Summer Campaign,Phone,Samer Khalil,2025-03-21,2025-12-31,285.0,100.0,10,9,4,16.0,7.3,262.19,True
CUST10439,Jerash,Corporate,Technology,Referral,Contacted,False,Prospect,CRM Professional,Summer Campaign,Email,Yara Odeh,2024-06-03,2025-06-01,363.0,27.0,6,9,2,2.0,5.2,0.0,False
CUST10440,Aqaba,Corporate,Unknown,Email Campaign,New Lead,False,Prospect,CRM Professional,Q1 Acquisition,WhatsApp,Omar Mansour,2024-05-03,2024-06-22,50.0,50.0,7,10,6,32.7,7.4,0.0,False
CUST10441,Amman,Enterprise,Retail,Unknown,Contacted,False,Prospect,Marketing Add-on,Back-to-School,Website,Lina Haddad,2024-11-23,2025-01-27,65.0,30.0,7,9,3,15.6,7.5,0.0,False
CUST10442,Jerash,Corporate,Hospitality,Referral,Qualified,False,Active,CRM Basic,Q1 Acquisition,Website,Samer Khalil,2025-11-01,2025-12-31,60.0,47.0,10,6,6,4.2,7.5,0.0,False
CUST10443,Karak,Enterprise,Unknown,Instagram,Qualified,False,Active,CRM Professional,Spring Campaign,Social Media,Dana Nasser,2023-03-15,2023-12-28,288.0,50.0,6,10,4,6.9,8.8,0.0,False
CUST10444,Irbid,Corporate,Technology,Email Campaign,Proposal,False,Inactive,CRM Basic,Referral Program,Social Media,Samer Khalil,2025-03-04,2025-08-15,164.0,76.0,6,7,6,5.2,5.4,192.51,True
CUST10445,Karak,Small Business,Construction,Facebook,New Lead,False,Active,CRM Professional,Back-to-School,WhatsApp,Samer Khalil,2023-02-12,2023-07-03,141.0,81.0,7,13,4,26.3,8.7,0.0,False
CUST10446,Aqaba,Consumer,Manufacturing,Google Ads,Qualified,False,Prospect,CRM Basic,Summer Campaign,Phone,Dana Nasser,2025-07-02,2025-12-31,182.0,48.0,5,8,2,12.5,5.3,0.0,False
CUST10447,Amman,Consumer,Manufacturing,Google Ads,Qualified,False,Active,CRM Enterprise,Spring Campaign,WhatsApp,Omar Mansour,2024-02-26,,,80.0,10,11,5,19.4,6.4,0.0,False
CUST10448,Zarqa,Consumer,Retail,Instagram,Proposal,False,Inactive,CRM Professional,No Campaign,Social Media,Dana Nasser,2023-02-19,2023-10-16,239.0,49.0,5,11,3,12.4,6.3,40.95,True
CUST10449,Aqaba,Small Business,Retail,Google Ads,Qualified,False,Active,CRM Professional,No Campaign,Meeting,Omar Mansour,2023-05-15,2024-04-03,324.0,51.0,6,8,3,11.7,6.2,0.0,False
CUST10450,Amman,Small Business,Technology,Trade Show,Contacted,False,Active,CRM Professional,Back-to-School,Social Media,Yara Odeh,2025-04-27,2025-12-31,248.0,76.0,2,7,3,9.6,6.2,0.0,False
CUST10451,Madaba,Corporate,Finance,Referral,Won,True,Active,Analytics Add-on,No Campaign,Website,Dana Nasser,2024-03-21,2024-09-24,187.0,99.0,7,8,1,11.1,7.9,1497.95,True
CUST10452,Salt,Enterprise,Hospitality,Referral,Contacted,False,Prospect,CRM Basic,Back-to-School,WhatsApp,Omar Mansour,2023-01-10,2023-08-06,208.0,42.0,5,8,5,6.5,7.4,0.0,False
CUST10453,Salt,Consumer,Education,Email Campaign,Negotiation,False,Active,CRM Professional,Q1 Acquisition,Email,Omar Mansour,2023-08-30,2024-04-06,220.0,61.0,6,10,1,13.0,7.4,153.59,True
CUST10454,Zarqa,Small Business,Hospitality,Cold Call,Lost,False,Prospect,CRM Enterprise,Q1 Acquisition,Social Media,Ahmad Saleh,2023-01-13,2023-07-22,190.0,54.0,3,14,3,7.1,9.0,0.0,False
CUST10455,Irbid,Enterprise,Healthcare,Instagram,Proposal,False,Prospect,Marketing Add-on,Q1 Acquisition,Website,Ahmad Saleh,2025-11-11,2025-12-31,50.0,54.0,5,12,5,17.1,7.0,357.27,True
CUST10456,Irbid,Consumer,Manufacturing,Referral,Won,True,Inactive,CRM Basic,Year-End Campaign,Phone,Samer Khalil,2025-06-12,2025-12-31,202.0,70.0,5,10,2,6.9,7.6,108.14,True
CUST10457,Jerash,Corporate,Construction,Website,New Lead,False,Inactive,CRM Professional,Summer Campaign,WhatsApp,Dana Nasser,2023-01-07,2023-12-25,352.0,32.0,12,8,3,10.2,8.2,0.0,False
CUST10458,Zarqa,Consumer,Manufacturing,Referral,Qualified,False,Active,CRM Professional,Year-End Campaign,Social Media,Omar Mansour,2023-07-16,2024-03-09,237.0,56.0,8,12,2,2.8,7.3,0.0,False
CUST10459,Amman,Small Business,Technology,LinkedIn,Qualified,False,Active,Analytics Add-on,Back-to-School,Email,Ahmad Saleh,2024-10-21,2025-05-03,194.0,48.0,5,12,8,4.1,,0.0,False
CUST10460,Salt,Consumer,Hospitality,Website,New Lead,False,Active,CRM Basic,Summer Campaign,Social Media,Samer Khalil,2025-05-13,2025-12-31,232.0,7.0,1,9,2,18.7,7.6,0.0,False
CUST10461,Salt,Corporate,Construction,Cold Call,Qualified,False,Prospect,CRM Professional,Spring Campaign,Email,Samer Khalil,2025-04-09,2025-12-24,259.0,91.0,4,13,3,5.7,9.7,0.0,False
CUST10462,Madaba,Small Business,Technology,Website,Qualified,False,Inactive,CRM Basic,Q1 Acquisition,WhatsApp,Samer Khalil,2025-08-09,2025-12-31,144.0,76.0,6,8,4,8.9,7.3,0.0,False
CUST10463,Zarqa,Consumer,Healthcare,Google Ads,Negotiation,False,Active,CRM Basic,Referral Program,Meeting,Ahmad Saleh,2023-02-12,2023-06-28,136.0,71.0,5,6,3,2.5,7.3,25.11,True
CUST10464,Salt,Consumer,Construction,Facebook,Lost,False,Active,CRM Basic,No Campaign,Email,Yara Odeh,2025-06-12,2025-12-31,202.0,30.0,7,7,4,24.7,7.9,0.0,False
CUST10465,Madaba,Small Business,Hospitality,Referral,New Lead,False,Active,Marketing Add-on,Back-to-School,Email,Lina Haddad,2024-07-15,2025-04-12,271.0,64.0,2,6,4,8.0,7.7,0.0,False
CUST10466,Madaba,Enterprise,Construction,Email Campaign,Contacted,False,Active,CRM Basic,Q1 Acquisition,Website,Yara Odeh,2024-10-25,2025-04-14,171.0,59.0,8,8,8,18.8,6.4,0.0,False
CUST10467,Aqaba,Corporate,Healthcare,Trade Show,Qualified,False,Active,Marketing Add-on,Spring Campaign,Meeting,Yara Odeh,2025-03-29,2025-09-04,159.0,47.0,6,7,4,15.8,6.7,0.0,False
CUST10468,Karak,Small Business,Retail,Unknown,Qualified,False,Active,CRM Basic,No Campaign,WhatsApp,Samer Khalil,2023-06-25,2024-01-12,201.0,70.0,3,12,2,12.3,7.3,0.0,False
CUST10469,Aqaba,Consumer,Hospitality,Email Campaign,Won,True,Active,Marketing Add-on,Spring Campaign,Social Media,Lina Haddad,2024-08-30,2024-10-14,45.0,82.0,3,13,6,15.8,8.2,199.22,True
CUST10470,Aqaba,Small Business,Healthcare,Referral,Qualified,False,Active,CRM Enterprise,Q1 Acquisition,Meeting,Lina Haddad,2023-04-30,2024-01-19,264.0,63.0,5,7,4,21.0,6.8,0.0,False
CUST10471,Amman,Corporate,Education,Email Campaign,New Lead,False,Active,CRM Basic,Year-End Campaign,Phone,Lina Haddad,2024-01-26,2024-04-06,71.0,57.0,4,6,2,9.7,9.7,0.0,False
CUST10472,Madaba,Corporate,Education,LinkedIn,Negotiation,False,Active,CRM Enterprise,Spring Campaign,WhatsApp,Samer Khalil,2024-12-16,2025-12-15,364.0,83.0,5,6,2,1.6,,1744.63,True
CUST10473,Jerash,Consumer,Manufacturing,Website,Won,True,Active,CRM Professional,No Campaign,Meeting,Omar Mansour,2025-01-03,2025-04-16,103.0,97.0,3,9,3,14.2,4.8,291.05,True
CUST10474,Aqaba,Corporate,Education,Trade Show,Qualified,False,Active,CRM Professional,Year-End Campaign,WhatsApp,Lina Haddad,2023-01-21,2023-05-26,125.0,97.0,5,10,7,9.9,9.2,0.0,False
CUST10475,Aqaba,Small Business,Hospitality,Referral,Proposal,False,Active,CRM Professional,No Campaign,Phone,Ahmad Saleh,2024-04-16,2025-02-23,313.0,79.0,3,11,5,16.8,3.3,113.63,True
CUST10476,Jerash,Enterprise,Education,Google Ads,Contacted,False,Active,CRM Professional,Referral Program,Social Media,Ahmad Saleh,2024-08-05,2025-05-18,286.0,97.0,6,9,5,9.3,6.3,0.0,False
CUST10477,Irbid,Enterprise,Education,Unknown,Contacted,False,Active,CRM Enterprise,Referral Program,Website,Lina Haddad,2024-06-18,2025-02-03,230.0,74.0,4,5,10,7.8,7.4,0.0,False
CUST10478,Aqaba,Corporate,Construction,Google Ads,Contacted,False,Active,Analytics Add-on,No Campaign,Meeting,Lina Haddad,2025-03-14,2025-08-07,146.0,45.0,2,5,6,3.1,9.6,0.0,False
CUST10479,Amman,Corporate,Retail,Website,Qualified,False,Prospect,CRM Professional,Year-End Campaign,Social Media,Lina Haddad,2025-08-06,2025-12-31,147.0,30.0,4,7,3,22.9,10.0,0.0,False
CUST10480,Irbid,Consumer,Manufacturing,Trade Show,Lost,False,Active,Marketing Add-on,Q1 Acquisition,Phone,Ahmad Saleh,2023-09-27,2024-05-05,221.0,69.0,7,7,10,33.1,6.7,0.0,False
CUST10481,Amman,Corporate,Technology,Website,Proposal,False,Active,Marketing Add-on,Summer Campaign,Social Media,Dana Nasser,2025-05-03,2025-07-02,60.0,41.0,9,6,4,28.5,5.4,229.33,True
CUST10482,Aqaba,Consumer,Manufacturing,Instagram,Contacted,False,Active,CRM Basic,Spring Campaign,WhatsApp,Omar Mansour,2023-07-23,2023-10-29,98.0,53.0,7,4,2,17.6,8.1,0.0,False
CUST10483,Zarqa,Consumer,Manufacturing,Google Ads,Contacted,False,Active,CRM Basic,Back-to-School,Website,Dana Nasser,2024-10-26,2025-04-15,171.0,64.0,9,8,7,9.2,6.1,0.0,False
CUST10484,Salt,Consumer,Manufacturing,Website,Qualified,False,Inactive,CRM Professional,Unknown,Email,Ahmad Saleh,2023-08-23,2024-02-12,173.0,39.0,2,17,4,7.6,9.0,0.0,False
CUST10485,Madaba,Corporate,Healthcare,Website,Proposal,False,Active,CRM Enterprise,Q1 Acquisition,Meeting,Ahmad Saleh,2023-05-07,2023-10-05,151.0,54.0,8,5,2,10.4,7.8,759.6,True
CUST10486,Zarqa,Consumer,Technology,Email Campaign,Qualified,False,Active,CRM Basic,Q1 Acquisition,Social Media,Samer Khalil,2025-04-22,2025-12-31,253.0,39.0,5,12,6,11.8,6.5,0.0,False
CUST10487,Zarqa,Consumer,Healthcare,Referral,Qualified,False,Active,CRM Basic,Q1 Acquisition,Email,Dana Nasser,2025-04-15,2025-08-15,122.0,100.0,7,11,3,11.3,7.8,0.0,False
CUST10488,Jerash,Small Business,Unknown,Email Campaign,Proposal,False,Active,CRM Enterprise,No Campaign,Website,Lina Haddad,2024-08-01,2024-11-17,108.0,82.0,3,12,4,2.4,6.4,397.73,True
CUST10489,Amman,Consumer,Retail,Instagram,Contacted,False,Active,CRM Enterprise,Referral Program,Email,Yara Odeh,2024-05-16,2024-05-20,4.0,36.0,3,9,2,4.6,5.5,0.0,False
CUST10490,Salt,Consumer,Finance,Email Campaign,New Lead,False,Inactive,CRM Basic,Referral Program,Social Media,Lina Haddad,2024-08-03,2024-11-04,93.0,9.0,11,8,3,7.9,4.4,0.0,False
CUST10491,Karak,Corporate,Finance,Facebook,New Lead,False,Active,Marketing Add-on,Spring Campaign,Phone,Ahmad Saleh,2024-11-29,2024-12-05,6.0,23.0,5,7,3,6.4,8.5,0.0,False
CUST10492,Jerash,Corporate,Construction,Google Ads,Contacted,False,Active,CRM Enterprise,Spring Campaign,Meeting,Samer Khalil,2024-06-25,2025-04-09,288.0,37.0,4,13,5,11.3,8.1,0.0,False
CUST10493,Jerash,Consumer,Retail,Email Campaign,New Lead,False,Inactive,CRM Professional,Q1 Acquisition,WhatsApp,Dana Nasser,2025-01-30,2025-05-16,106.0,29.0,7,6,5,2.8,6.2,0.0,False
CUST10494,Amman,Corporate,Retail,LinkedIn,Contacted,False,Inactive,CRM Enterprise,Back-to-School,WhatsApp,Samer Khalil,2023-02-12,2023-07-08,146.0,66.0,8,8,8,5.7,8.2,0.0,False
CUST10495,Jerash,Corporate,Healthcare,Unknown,Won,True,Inactive,CRM Basic,Summer Campaign,Meeting,Omar Mansour,2023-06-05,2024-03-02,271.0,52.0,1,9,3,19.4,8.8,1426.9,True
CUST10496,Aqaba,Consumer,Construction,Cold Call,Negotiation,False,Active,CRM Professional,No Campaign,Email,Samer Khalil,2023-02-21,2023-05-28,96.0,95.0,5,6,4,10.6,5.6,62.02,True
CUST10497,Irbid,Corporate,Retail,Instagram,Proposal,False,Active,CRM Basic,Year-End Campaign,WhatsApp,Omar Mansour,2024-09-25,2025-05-12,229.0,,4,10,1,19.0,8.0,77.39,True
CUST10498,Madaba,Enterprise,Hospitality,Instagram,Won,True,Active,CRM Basic,Q1 Acquisition,Meeting,Dana Nasser,2024-02-09,2024-08-29,202.0,79.0,4,7,6,19.5,,2889.7,True
CUST10499,Aqaba,Consumer,Technology,Email Campaign,Contacted,False,Inactive,CRM Professional,No Campaign,Meeting,Lina Haddad,2023-05-02,2023-11-30,212.0,36.0,2,8,5,4.4,8.9,0.0,False
CUST10500,Aqaba,Consumer,Healthcare,Trade Show,Won,True,Active,CRM Basic,Referral Program,WhatsApp,Omar Mansour,2023-11-29,2023-12-05,6.0,100.0,7,8,1,14.7,9.2,122.6,True
CUST10501,Zarqa,Enterprise,Retail,Website,Qualified,False,Active,CRM Enterprise,Referral Program,Phone,Lina Haddad,2024-02-06,2024-05-28,112.0,89.0,9,7,3,19.1,6.5,0.0,False
CUST10502,Salt,Small Business,Healthcare,Referral,Qualified,False,Inactive,CRM Enterprise,Spring Campaign,Email,Samer Khalil,2023-11-14,2024-10-02,323.0,76.0,13,9,2,6.5,4.0,0.0,False
CUST10503,Unknown,Consumer,Healthcare,Website,Qualified,False,Inactive,CRM Basic,No Campaign,Phone,Samer Khalil,2025-05-15,2025-08-29,106.0,69.0,6,4,3,8.3,7.6,0.0,False
CUST10504,Aqaba,Small Business,Education,Website,New Lead,False,Active,CRM Basic,Back-to-School,Phone,Dana Nasser,2023-12-02,2024-04-19,139.0,35.0,7,11,5,7.9,8.1,0.0,False
CUST10505,Irbid,Small Business,Construction,Instagram,Lost,False,Prospect,Analytics Add-on,Summer Campaign,Website,Lina Haddad,2024-07-20,2025-05-15,299.0,72.0,4,8,4,2.7,7.3,0.0,False
CUST10506,Madaba,Corporate,Finance,Instagram,New Lead,False,Prospect,CRM Basic,Year-End Campaign,Email,Dana Nasser,2023-05-16,2023-08-20,96.0,20.0,4,12,7,31.9,6.0,0.0,False
CUST10507,Amman,Small Business,Construction,LinkedIn,Qualified,False,Active,CRM Professional,Spring Campaign,Phone,Omar Mansour,2025-09-06,2025-12-31,116.0,69.0,5,7,2,18.4,10.0,0.0,False
CUST10508,Salt,Consumer,Healthcare,Instagram,Contacted,False,Prospect,CRM Professional,No Campaign,Social Media,Samer Khalil,2024-10-06,2025-07-30,297.0,72.0,2,7,5,20.0,7.2,0.0,False
CUST10509,Jerash,Small Business,Construction,Email Campaign,New Lead,False,Active,Analytics Add-on,No Campaign,WhatsApp,Samer Khalil,2025-11-05,2025-12-31,56.0,58.0,4,5,4,9.1,8.6,0.0,False
CUST10510,Karak,Small Business,Manufacturing,LinkedIn,New Lead,False,Inactive,Analytics Add-on,Back-to-School,Email,Samer Khalil,2024-10-16,2025-08-03,291.0,51.0,2,8,3,4.5,8.9,0.0,False
CUST10511,Madaba,Consumer,Hospitality,Google Ads,New Lead,False,Prospect,CRM Enterprise,Spring Campaign,Website,Yara Odeh,2024-06-24,2024-07-16,22.0,,6,11,4,2.8,6.5,0.0,False
CUST10512,Salt,Small Business,Hospitality,Website,Contacted,False,Active,CRM Basic,Back-to-School,Phone,Samer Khalil,2025-06-28,2025-12-31,186.0,68.0,8,10,4,9.4,9.6,0.0,False
CUST10513,Amman,Corporate,Healthcare,Google Ads,Won,True,Active,CRM Enterprise,Q1 Acquisition,Social Media,Samer Khalil,2023-06-24,2023-11-21,150.0,77.0,4,7,2,2.7,4.4,7589.45,True
CUST10514,Salt,Consumer,Manufacturing,Website,Contacted,False,Prospect,CRM Basic,Spring Campaign,WhatsApp,Omar Mansour,2025-10-28,2025-12-31,64.0,79.0,3,8,4,23.1,6.3,0.0,False
CUST10515,Amman,Small Business,Hospitality,Website,New Lead,False,Active,CRM Basic,Back-to-School,WhatsApp,Omar Mansour,2024-12-15,2025-09-08,267.0,81.0,1,3,5,8.7,5.9,0.0,False
CUST10516,Aqaba,Consumer,Education,Cold Call,Proposal,False,Active,CRM Professional,Q1 Acquisition,Social Media,Dana Nasser,2024-02-09,2024-10-17,251.0,30.0,6,10,2,6.1,7.3,53.69,True
CUST10517,Zarqa,Consumer,Retail,Website,Lost,False,Active,CRM Enterprise,Referral Program,Email,Ahmad Saleh,2023-07-17,2023-07-20,3.0,37.0,7,6,5,12.6,10.0,0.0,False
CUST10518,Amman,Consumer,Healthcare,Trade Show,Contacted,False,Prospect,CRM Basic,Spring Campaign,WhatsApp,Samer Khalil,2023-02-16,2023-12-29,316.0,28.0,7,13,6,10.4,8.6,0.0,False
CUST10519,Jerash,Consumer,Education,Google Ads,Contacted,False,Prospect,CRM Basic,No Campaign,WhatsApp,Samer Khalil,2024-07-05,2024-09-19,76.0,37.0,1,7,4,7.8,2.2,0.0,False
CUST10520,Jerash,Corporate,Construction,Website,Lost,False,Active,Analytics Add-on,Unknown,WhatsApp,Ahmad Saleh,2024-01-30,2024-04-26,87.0,47.0,5,11,2,3.2,10.0,0.0,False
CUST10521,Zarqa,Consumer,Technology,Facebook,Contacted,False,Prospect,Analytics Add-on,Back-to-School,Meeting,Dana Nasser,2025-08-11,2025-12-31,142.0,59.0,5,8,5,13.3,8.5,0.0,False
CUST10522,Madaba,Corporate,Construction,Facebook,Qualified,False,Active,CRM Enterprise,Referral Program,Phone,Omar Mansour,2024-02-17,2024-09-29,225.0,57.0,3,8,2,23.9,8.7,0.0,False
CUST10523,Salt,Consumer,Education,Facebook,Contacted,False,Prospect,CRM Professional,Spring Campaign,Phone,Samer Khalil,2023-12-08,2023-12-26,18.0,63.0,0,6,5,3.3,6.6,0.0,False
CUST10524,Aqaba,Enterprise,Finance,Email Campaign,Lost,False,Active,Analytics Add-on,Referral Program,WhatsApp,Dana Nasser,2023-12-16,2024-04-07,113.0,30.0,3,9,3,29.5,,0.0,False
CUST10525,Jerash,Small Business,Finance,LinkedIn,Lost,False,Active,CRM Enterprise,Referral Program,Website,Ahmad Saleh,2023-04-23,2023-12-30,251.0,37.0,4,7,6,13.7,5.7,0.0,False
CUST10526,Karak,Corporate,Retail,Google Ads,Won,True,Active,CRM Professional,Year-End Campaign,Meeting,Omar Mansour,2025-06-24,2025-12-31,190.0,93.0,9,11,7,22.8,5.3,1379.94,True
CUST10527,Madaba,Consumer,Construction,Website,Contacted,False,Active,CRM Professional,Summer Campaign,WhatsApp,Omar Mansour,2024-01-19,2024-12-13,329.0,43.0,4,7,2,,4.0,0.0,False
CUST10528,Jerash,Consumer,Manufacturing,LinkedIn,Qualified,False,Active,CRM Basic,Referral Program,Email,Dana Nasser,2023-02-04,2023-11-10,279.0,34.0,2,10,4,9.1,9.4,0.0,False
CUST10529,Irbid,Consumer,Retail,Referral,Contacted,False,Inactive,CRM Professional,Unknown,Meeting,Lina Haddad,2024-03-07,2024-09-25,202.0,95.0,4,8,3,9.2,7.1,0.0,False
CUST10530,Irbid,Enterprise,Hospitality,Trade Show,Won,True,Active,CRM Professional,Unknown,Website,Lina Haddad,2023-11-18,2024-02-09,83.0,99.0,7,8,4,10.1,10.0,4929.16,True
CUST10531,Salt,Small Business,Manufacturing,Referral,Won,True,Prospect,CRM Professional,No Campaign,Email,Yara Odeh,2024-05-31,2024-10-03,125.0,83.0,10,7,4,7.8,7.6,916.81,True
CUST10532,Jerash,Small Business,Manufacturing,Instagram,Qualified,False,Inactive,CRM Professional,Spring Campaign,Social Media,Yara Odeh,2023-02-25,2023-08-19,175.0,78.0,5,16,2,5.6,9.0,0.0,False
CUST10533,Jerash,Corporate,Manufacturing,LinkedIn,Proposal,False,Inactive,CRM Basic,Spring Campaign,Social Media,Lina Haddad,2023-04-08,2023-06-16,69.0,75.0,8,10,3,12.0,8.1,181.79,True
CUST10534,Zarqa,Consumer,Manufacturing,Cold Call,Contacted,False,Active,Analytics Add-on,Summer Campaign,Phone,Ahmad Saleh,2024-06-15,2024-08-01,47.0,18.0,1,10,4,9.4,7.4,0.0,False
CUST10535,Amman,Corporate,Finance,Website,Qualified,False,Prospect,CRM Basic,Q1 Acquisition,Meeting,Lina Haddad,2023-01-31,2023-10-14,256.0,63.0,4,6,5,26.4,10.0,0.0,False
CUST10536,Jerash,Small Business,Construction,Email Campaign,Proposal,False,Inactive,CRM Professional,Summer Campaign,Phone,Dana Nasser,2023-09-25,2024-04-27,215.0,53.0,7,16,5,6.4,7.4,179.24,True
CUST10537,Madaba,Corporate,Hospitality,Google Ads,Qualified,False,Prospect,CRM Enterprise,Summer Campaign,Phone,Omar Mansour,2024-04-04,2024-05-04,30.0,62.0,5,7,5,10.1,8.1,0.0,False
CUST10538,Irbid,Small Business,Finance,Website,Qualified,False,Prospect,CRM Professional,Unknown,Meeting,Dana Nasser,2023-08-17,2024-05-24,281.0,68.0,7,8,1,4.9,8.0,0.0,False
CUST10539,Salt,Consumer,Healthcare,Google Ads,New Lead,False,Active,CRM Professional,Spring Campaign,Social Media,Dana Nasser,2023-07-15,2024-03-08,237.0,59.0,3,8,6,11.0,7.0,0.0,False
CUST10540,Zarqa,Consumer,Hospitality,Cold Call,Won,True,Active,CRM Professional,No Campaign,Meeting,Samer Khalil,2023-05-03,2024-01-06,248.0,60.0,3,3,7,19.7,6.4,336.93,True
CUST10541,Zarqa,Corporate,Finance,Website,Won,True,Prospect,Analytics Add-on,Spring Campaign,Email,Ahmad Saleh,2024-01-30,2024-02-24,25.0,61.0,4,4,3,10.4,7.3,1548.29,True
CUST10542,Karak,Small Business,Retail,Trade Show,Lost,False,Prospect,Marketing Add-on,No Campaign,Website,Omar Mansour,2025-03-22,2025-06-04,74.0,36.0,6,7,1,9.6,6.4,0.0,False
CUST10543,Karak,Consumer,Finance,Instagram,Negotiation,False,Active,CRM Enterprise,Back-to-School,Phone,Samer Khalil,2024-08-04,2025-02-26,206.0,100.0,6,11,10,4.4,,442.31,True
CUST10544,Jerash,Enterprise,Hospitality,Facebook,Proposal,False,Active,Analytics Add-on,Referral Program,Social Media,Ahmad Saleh,2023-02-09,2023-12-20,314.0,60.0,6,6,1,3.2,7.6,462.73,True
CUST10545,Zarqa,Consumer,Hospitality,Cold Call,Contacted,False,Inactive,CRM Basic,Q1 Acquisition,Phone,Omar Mansour,2025-04-11,2025-07-14,94.0,61.0,8,9,3,,7.0,0.0,False
CUST10546,Aqaba,Corporate,Retail,Instagram,Lost,False,Active,Marketing Add-on,Unknown,WhatsApp,Samer Khalil,2025-11-19,2025-12-31,42.0,44.0,5,10,1,22.1,9.4,0.0,False
CUST10547,Aqaba,Enterprise,Technology,Website,Proposal,False,Active,Marketing Add-on,No Campaign,Website,Yara Odeh,2025-05-06,2025-05-31,25.0,59.0,5,8,4,6.7,6.1,430.07,True
CUST10548,Madaba,Corporate,Construction,Instagram,Negotiation,False,Active,CRM Professional,Year-End Campaign,Email,Lina Haddad,2023-01-31,2023-12-31,334.0,76.0,6,10,3,10.4,6.8,996.64,True
CUST10549,Aqaba,Corporate,Hospitality,Email Campaign,Negotiation,False,Active,CRM Enterprise,No Campaign,Phone,Dana Nasser,2023-10-27,2024-10-16,355.0,89.0,5,8,5,7.5,9.3,2512.81,True
CUST10550,Amman,Consumer,Finance,Instagram,Won,True,Active,CRM Professional,Spring Campaign,WhatsApp,Yara Odeh,2024-10-29,2025-02-22,116.0,93.0,5,11,5,8.5,9.6,233.25,True
CUST10551,Jerash,Consumer,Retail,Referral,New Lead,False,Prospect,CRM Professional,Referral Program,WhatsApp,Lina Haddad,2025-12-17,2025-12-31,14.0,16.0,4,7,5,3.4,6.4,0.0,False
CUST10552,Amman,Corporate,Manufacturing,Trade Show,Contacted,False,Prospect,Analytics Add-on,Summer Campaign,Website,Omar Mansour,2024-10-03,2025-05-17,226.0,57.0,5,6,3,5.6,5.3,0.0,False
CUST10553,Amman,Consumer,Construction,Cold Call,Negotiation,False,Prospect,CRM Enterprise,Back-to-School,Social Media,Yara Odeh,2023-11-13,2024-08-05,266.0,100.0,7,11,3,6.7,9.4,624.73,True
CUST10554,Zarqa,Consumer,Hospitality,Facebook,Won,True,Prospect,CRM Professional,Spring Campaign,Social Media,Yara Odeh,2023-05-14,2023-08-21,99.0,86.0,3,10,3,2.9,4.9,282.82,True
CUST10555,Amman,Corporate,Construction,Website,Negotiation,False,Active,CRM Enterprise,Back-to-School,Phone,Samer Khalil,2023-01-01,2023-01-12,11.0,96.0,7,6,3,3.7,8.9,3334.48,True
CUST10556,Salt,Consumer,Construction,Cold Call,Qualified,False,Prospect,Analytics Add-on,Back-to-School,Phone,Samer Khalil,2025-06-15,2025-09-08,85.0,95.0,8,5,3,9.5,9.2,0.0,False
CUST10557,Irbid,Enterprise,Education,LinkedIn,Qualified,False,Prospect,CRM Enterprise,Year-End Campaign,Social Media,Samer Khalil,2024-12-29,2025-07-31,214.0,63.0,4,8,3,29.1,6.7,0.0,False
CUST10558,Karak,Corporate,Construction,Cold Call,Negotiation,False,Prospect,CRM Basic,No Campaign,Email,Dana Nasser,2025-09-13,2025-12-31,109.0,72.0,5,7,2,5.9,8.6,252.86,True
CUST10559,Karak,Corporate,Manufacturing,Email Campaign,Negotiation,False,Inactive,CRM Professional,Summer Campaign,Email,Samer Khalil,2023-02-13,2023-09-10,209.0,82.0,7,12,6,7.0,6.8,855.44,True
CUST10560,Karak,Corporate,Healthcare,Cold Call,Proposal,False,Active,Marketing Add-on,No Campaign,WhatsApp,Ahmad Saleh,2025-11-17,,,93.0,2,6,6,12.1,9.0,186.63,True
CUST10561,Salt,Corporate,Construction,LinkedIn,Contacted,False,Active,CRM Professional,No Campaign,Website,Ahmad Saleh,2023-08-14,2024-04-28,258.0,47.0,5,8,8,18.4,8.6,0.0,False
CUST10562,Salt,Corporate,Hospitality,Instagram,Lost,False,Active,Marketing Add-on,Summer Campaign,Email,Ahmad Saleh,2025-08-26,,,22.0,3,5,3,2.1,7.9,0.0,False
CUST10563,Amman,Small Business,Retail,Unknown,Proposal,False,Prospect,Analytics Add-on,Spring Campaign,Phone,Yara Odeh,2024-04-10,2024-08-09,121.0,,7,8,4,17.7,7.3,46.44,True
CUST10564,Amman,Consumer,Manufacturing,Instagram,Won,True,Active,CRM Enterprise,Q1 Acquisition,Email,Lina Haddad,2023-05-16,2024-03-09,298.0,99.0,4,9,6,6.6,,1539.88,True
CUST10565,Unknown,Corporate,Finance,Instagram,Contacted,False,Prospect,CRM Professional,Spring Campaign,Website,Omar Mansour,2023-06-02,2023-07-26,54.0,58.0,1,6,8,4.3,8.9,0.0,False
CUST10566,Zarqa,Corporate,Finance,LinkedIn,Qualified,False,Active,CRM Professional,No Campaign,Phone,Lina Haddad,2023-09-19,2024-08-15,331.0,69.0,9,10,5,6.0,7.6,0.0,False
CUST10567,Zarqa,Consumer,Hospitality,Google Ads,Won,True,Inactive,CRM Enterprise,Summer Campaign,Website,Yara Odeh,2024-11-24,2025-08-23,272.0,79.0,6,6,1,14.2,8.0,603.08,True
CUST10568,Aqaba,Consumer,Technology,Facebook,New Lead,False,Active,CRM Professional,Q1 Acquisition,Social Media,Lina Haddad,2024-12-27,2025-08-25,241.0,35.0,1,11,5,1.5,7.8,0.0,False
CUST10569,Amman,Small Business,Education,LinkedIn,Qualified,False,Active,Analytics Add-on,Q1 Acquisition,Website,Dana Nasser,2024-01-11,2024-09-10,243.0,85.0,3,12,6,13.7,6.6,0.0,False
CUST10570,Aqaba,Consumer,Hospitality,Instagram,Qualified,False,Active,Analytics Add-on,Summer Campaign,Website,Yara Odeh,2025-03-25,2025-04-12,18.0,24.0,2,9,3,10.8,7.2,0.0,False
CUST10571,Irbid,Enterprise,Retail,Cold Call,Negotiation,False,Inactive,CRM Professional,Spring Campaign,Website,Lina Haddad,2025-10-17,2025-12-31,75.0,75.0,3,8,4,8.3,6.8,1520.05,True
CUST10572,Irbid,Enterprise,Unknown,Facebook,Contacted,False,Active,CRM Enterprise,Q1 Acquisition,Phone,Dana Nasser,2023-11-06,2024-10-17,346.0,30.0,10,6,3,10.1,6.3,0.0,False
CUST10573,Aqaba,Consumer,Education,Website,Contacted,False,Inactive,CRM Professional,No Campaign,Website,Ahmad Saleh,2024-12-06,2025-04-29,144.0,49.0,3,4,5,18.2,6.7,0.0,False
CUST10574,Madaba,Small Business,Technology,Website,Lost,False,Active,CRM Professional,Spring Campaign,Website,Ahmad Saleh,2024-06-22,2025-03-11,262.0,50.0,1,8,1,21.3,6.7,0.0,False
CUST10575,Jerash,Consumer,Unknown,Email Campaign,Proposal,False,Prospect,CRM Professional,Q1 Acquisition,Meeting,Lina Haddad,2025-11-11,2025-12-31,50.0,77.0,0,6,5,23.3,7.6,56.54,True
CUST10576,Irbid,Corporate,Healthcare,Instagram,New Lead,False,Active,Marketing Add-on,No Campaign,Meeting,Lina Haddad,2023-06-18,,,43.0,4,7,8,8.3,6.1,0.0,False
CUST10577,Madaba,Consumer,Education,Cold Call,Contacted,False,Inactive,CRM Professional,Year-End Campaign,WhatsApp,Ahmad Saleh,2024-07-08,2025-05-08,304.0,78.0,5,10,2,2.0,7.8,0.0,False
CUST10578,Aqaba,Small Business,Technology,Google Ads,Lost,False,Active,CRM Professional,Q1 Acquisition,Phone,Samer Khalil,2023-12-05,2024-09-28,298.0,47.0,4,5,1,10.3,7.4,0.0,False
CUST10579,Jerash,Consumer,Hospitality,Referral,Contacted,False,Inactive,CRM Professional,Q1 Acquisition,Meeting,Ahmad Saleh,2025-08-17,2025-11-01,76.0,29.0,2,8,4,1.7,6.0,0.0,False
CUST10580,Salt,Consumer,Construction,Referral,Proposal,False,Active,CRM Basic,Q1 Acquisition,Website,Samer Khalil,2024-09-16,2025-03-23,188.0,88.0,4,8,4,4.0,3.7,26.51,True
CUST10581,Madaba,Consumer,Hospitality,Facebook,Qualified,False,Inactive,CRM Professional,Year-End Campaign,Email,Ahmad Saleh,2025-10-17,2025-12-31,75.0,67.0,4,8,3,16.3,6.3,0.0,False
CUST10582,Amman,Consumer,Retail,Google Ads,Won,True,Prospect,CRM Basic,Q1 Acquisition,Website,Omar Mansour,2024-10-13,2025-06-16,246.0,61.0,4,9,3,12.2,7.7,90.91,True
CUST10583,Zarqa,Small Business,Hospitality,Website,Negotiation,False,Active,Analytics Add-on,Year-End Campaign,Email,Dana Nasser,2024-11-15,2025-03-25,130.0,88.0,3,12,3,4.6,9.1,262.54,True
CUST10584,Aqaba,Consumer,Healthcare,Trade Show,Proposal,False,Active,CRM Basic,Year-End Campaign,Social Media,Dana Nasser,2024-06-27,2025-05-08,315.0,56.0,4,7,5,11.2,,25.6,True
CUST10585,Madaba,Small Business,Hospitality,Website,New Lead,False,Inactive,CRM Enterprise,Q1 Acquisition,Social Media,Omar Mansour,2023-12-06,2024-09-14,283.0,59.0,4,7,2,2.3,9.9,0.0,False
CUST10586,Madaba,Corporate,Finance,Website,Won,True,Inactive,CRM Basic,Back-to-School,Phone,Samer Khalil,2025-10-30,2025-12-31,62.0,55.0,9,10,7,5.1,4.3,1231.31,True
CUST10587,Salt,Corporate,Technology,Website,Qualified,False,Active,Marketing Add-on,No Campaign,Phone,Lina Haddad,2024-06-28,2024-09-08,72.0,57.0,5,7,2,11.3,10.0,0.0,False
CUST10588,Irbid,Corporate,Construction,Cold Call,Lost,False,Active,CRM Professional,No Campaign,Social Media,Lina Haddad,2024-08-17,2025-05-07,263.0,54.0,5,6,5,11.9,7.4,0.0,False
CUST10589,Aqaba,Enterprise,Finance,LinkedIn,Qualified,False,Active,Analytics Add-on,Referral Program,Phone,Dana Nasser,2024-03-08,2024-09-15,191.0,39.0,4,11,6,15.5,6.1,0.0,False
CUST10590,Zarqa,Consumer,Hospitality,Cold Call,Negotiation,False,Active,Analytics Add-on,Back-to-School,Email,Lina Haddad,2025-03-14,2025-05-16,63.0,83.0,6,13,4,38.2,9.0,76.1,True
CUST10591,Aqaba,Consumer,Healthcare,Referral,New Lead,False,Active,CRM Enterprise,Summer Campaign,Email,Samer Khalil,2025-03-19,2025-03-31,12.0,61.0,3,5,2,10.8,3.6,0.0,False
CUST10592,Amman,Small Business,Technology,Cold Call,Negotiation,False,Prospect,Analytics Add-on,Back-to-School,WhatsApp,Lina Haddad,2023-04-29,2023-09-17,141.0,69.0,6,7,5,13.5,8.3,247.24,True
CUST10593,Zarqa,Corporate,Technology,Unknown,Contacted,False,Active,CRM Basic,Referral Program,Phone,Ahmad Saleh,2024-03-08,2024-11-17,254.0,58.0,5,4,2,2.0,6.6,0.0,False
CUST10594,Jerash,Enterprise,Hospitality,LinkedIn,Qualified,False,Active,CRM Enterprise,Year-End Campaign,Phone,Omar Mansour,2024-05-28,2024-07-10,43.0,44.0,3,9,3,5.3,9.3,0.0,False
CUST10595,Karak,Consumer,Healthcare,Facebook,New Lead,False,Prospect,CRM Basic,Referral Program,WhatsApp,Dana Nasser,2023-01-03,2023-01-20,17.0,97.0,6,6,7,33.4,8.4,0.0,False
CUST10596,Amman,Consumer,Retail,Google Ads,New Lead,False,Active,Analytics Add-on,No Campaign,Website,Lina Haddad,2024-02-20,2024-04-23,63.0,40.0,9,9,2,12.7,,0.0,False
CUST10597,Karak,Consumer,Construction,Facebook,Contacted,False,Inactive,Marketing Add-on,Unknown,Email,Samer Khalil,2025-09-07,2025-12-31,115.0,57.0,3,10,1,5.9,6.2,0.0,False
CUST10598,Zarqa,Corporate,Technology,Trade Show,Contacted,False,Prospect,Marketing Add-on,Year-End Campaign,Website,Lina Haddad,2023-10-01,2024-07-19,292.0,45.0,6,8,3,29.8,7.7,0.0,False
CUST10599,Zarqa,Small Business,Construction,Referral,Won,True,Active,CRM Basic,Summer Campaign,Meeting,Omar Mansour,2025-06-27,2025-07-05,8.0,67.0,9,15,1,7.8,9.8,501.48,True
CUST10600,Irbid,Consumer,Healthcare,Trade Show,Qualified,False,Active,CRM Professional,Spring Campaign,WhatsApp,Ahmad Saleh,2023-07-20,2024-06-09,325.0,79.0,1,5,6,5.1,8.0,0.0,False
CUST10601,Irbid,Small Business,Education,Trade Show,Negotiation,False,Prospect,CRM Professional,Summer Campaign,Meeting,Yara Odeh,2025-06-27,2025-09-25,90.0,25.0,5,5,7,,9.2,320.2,True
CUST10602,Zarqa,Small Business,Finance,Google Ads,New Lead,False,Prospect,CRM Basic,Back-to-School,Meeting,Dana Nasser,2024-09-23,,,4.0,9,4,7,17.9,6.4,0.0,False
CUST10603,Aqaba,Corporate,Technology,Google Ads,Proposal,False,Active,CRM Basic,Q1 Acquisition,Phone,Dana Nasser,2024-12-30,2025-10-18,292.0,73.0,9,8,2,13.5,8.0,131.04,True
CUST10604,Jerash,Consumer,Education,LinkedIn,Qualified,False,Active,CRM Professional,Back-to-School,Website,Samer Khalil,2023-12-23,2024-10-02,284.0,53.0,6,8,4,8.4,7.1,0.0,False
CUST10605,Zarqa,Corporate,Technology,LinkedIn,Lost,False,Active,Marketing Add-on,No Campaign,Phone,Ahmad Saleh,2025-06-30,2025-10-26,118.0,62.0,5,9,3,14.5,7.6,0.0,False
CUST10606,Irbid,Small Business,Retail,Facebook,Won,True,Active,CRM Professional,No Campaign,WhatsApp,Lina Haddad,2025-06-13,2025-12-31,201.0,70.0,3,8,3,12.6,6.1,1324.49,True
CUST10607,Zarqa,Corporate,Hospitality,LinkedIn,Qualified,False,Active,CRM Enterprise,No Campaign,Social Media,Lina Haddad,2023-01-27,2023-07-21,175.0,27.0,7,7,7,11.9,4.6,0.0,False
CUST10608,Salt,Corporate,Healthcare,LinkedIn,Won,True,Active,CRM Professional,Spring Campaign,Phone,Yara Odeh,2024-07-26,,,79.0,11,11,3,10.9,3.5,3244.54,True
CUST10609,Salt,Consumer,Technology,Email Campaign,Contacted,False,Prospect,CRM Enterprise,Q1 Acquisition,Meeting,Yara Odeh,2024-01-02,2024-04-12,101.0,45.0,5,6,2,13.0,7.5,0.0,False
CUST10610,Amman,Consumer,Healthcare,Instagram,Proposal,False,Active,Marketing Add-on,Summer Campaign,Meeting,Yara Odeh,2025-12-10,2025-12-31,21.0,45.0,5,11,4,4.3,5.6,27.25,True
CUST10611,Amman,Corporate,Manufacturing,Facebook,New Lead,False,Prospect,CRM Enterprise,Spring Campaign,Website,Samer Khalil,2025-09-13,2025-12-31,109.0,,11,8,0,13.4,6.3,0.0,False
CUST10612,Jerash,Consumer,Technology,Google Ads,Qualified,False,Active,CRM Basic,Year-End Campaign,Website,Ahmad Saleh,2024-10-31,2025-01-10,71.0,,7,6,2,9.8,6.3,0.0,False
CUST10613,Aqaba,Corporate,Retail,Unknown,Contacted,False,Active,CRM Professional,Q1 Acquisition,WhatsApp,Samer Khalil,2023-07-10,2024-01-06,180.0,30.0,7,9,8,15.1,6.4,0.0,False
CUST10614,Amman,Corporate,Retail,Google Ads,Negotiation,False,Active,Marketing Add-on,Back-to-School,Website,Omar Mansour,2024-05-25,2024-09-26,124.0,42.0,2,6,3,25.8,6.0,389.78,True
CUST10615,Karak,Corporate,Hospitality,Cold Call,Qualified,False,Active,CRM Professional,Spring Campaign,Email,Omar Mansour,2025-12-12,2025-12-31,19.0,,4,11,7,16.2,9.1,0.0,False
CUST10616,Aqaba,Consumer,Hospitality,Instagram,Negotiation,False,Active,CRM Enterprise,Year-End Campaign,Phone,Lina Haddad,2024-04-10,2025-01-20,285.0,54.0,9,11,1,34.6,8.0,209.14,True
CUST10617,Amman,Consumer,Education,Email Campaign,Qualified,False,Prospect,CRM Basic,Referral Program,Meeting,Omar Mansour,2025-04-19,2025-10-31,195.0,41.0,2,9,4,16.2,9.6,0.0,False
CUST10618,Salt,Small Business,Retail,Email Campaign,New Lead,False,Active,CRM Basic,No Campaign,Email,Samer Khalil,2025-07-20,2025-12-31,164.0,38.0,5,7,10,11.8,5.9,0.0,False
CUST10619,Zarqa,Consumer,Healthcare,Unknown,Negotiation,False,Inactive,Analytics Add-on,No Campaign,WhatsApp,Dana Nasser,2025-12-09,2025-12-31,22.0,74.0,7,13,4,12.8,4.3,98.95,True
CUST10620,Jerash,Corporate,Manufacturing,Unknown,Won,True,Active,CRM Professional,Summer Campaign,Meeting,Omar Mansour,2025-07-25,2025-11-08,106.0,90.0,4,5,7,5.6,5.8,1944.67,True
CUST10621,Jerash,Corporate,Construction,Referral,Won,True,Active,CRM Professional,No Campaign,Email,Samer Khalil,2024-10-24,2024-11-14,21.0,100.0,2,5,2,5.4,,2369.85,True
CUST10622,Zarqa,Consumer,Retail,Cold Call,Proposal,False,Active,CRM Professional,Year-End Campaign,Email,Dana Nasser,2024-12-20,2025-02-22,64.0,58.0,7,6,3,16.6,4.0,61.78,True
CUST10623,Karak,Corporate,Unknown,Email Campaign,Negotiation,False,Prospect,Marketing Add-on,Referral Program,Meeting,Dana Nasser,2025-06-08,,,85.0,1,11,1,9.6,10.0,183.61,True
CUST10624,Salt,Consumer,Construction,Cold Call,Negotiation,False,Active,CRM Basic,No Campaign,Phone,Yara Odeh,2025-07-23,2025-08-19,27.0,70.0,5,4,4,7.7,6.4,40.71,True
CUST10625,Amman,Consumer,Construction,Trade Show,New Lead,False,Active,Analytics Add-on,Q1 Acquisition,Phone,Yara Odeh,2025-08-21,2025-12-31,132.0,64.0,5,9,3,23.4,6.8,0.0,False
CUST10626,Amman,Enterprise,Retail,Instagram,Contacted,False,Prospect,CRM Professional,No Campaign,Social Media,Omar Mansour,2023-09-24,2024-07-05,285.0,33.0,4,7,6,2.3,,0.0,False
CUST10627,Zarqa,Enterprise,Manufacturing,Cold Call,New Lead,False,Inactive,Analytics Add-on,Back-to-School,Email,Ahmad Saleh,2023-01-15,2023-06-12,148.0,50.0,5,8,6,17.4,7.0,0.0,False
CUST10628,Amman,Small Business,Healthcare,Instagram,Contacted,False,Active,Marketing Add-on,Summer Campaign,Phone,Yara Odeh,2025-06-10,2025-12-31,204.0,33.0,6,10,0,15.7,6.4,0.0,False
CUST10629,Jerash,Enterprise,Technology,Facebook,Qualified,False,Inactive,CRM Professional,Summer Campaign,Email,Omar Mansour,2024-04-29,2025-03-21,326.0,42.0,8,10,2,12.6,6.6,0.0,False
CUST10630,Irbid,Small Business,Education,Cold Call,Lost,False,Active,CRM Basic,Referral Program,Email,Omar Mansour,2023-03-13,2024-01-26,319.0,36.0,4,9,4,,7.9,0.0,False
CUST10631,Irbid,Consumer,Education,LinkedIn,Qualified,False,Inactive,CRM Basic,Year-End Campaign,WhatsApp,Ahmad Saleh,2025-05-07,2025-10-18,164.0,18.0,6,3,4,18.1,3.3,0.0,False
CUST10632,Zarqa,Consumer,Education,Website,Negotiation,False,Active,CRM Enterprise,Referral Program,WhatsApp,Omar Mansour,2023-06-17,2024-01-27,224.0,93.0,5,10,4,11.2,10.0,557.68,True
CUST10633,Irbid,Enterprise,Hospitality,Email Campaign,Negotiation,False,Active,CRM Basic,Spring Campaign,Meeting,Samer Khalil,2023-11-18,2024-08-16,272.0,56.0,3,13,2,25.8,7.0,817.74,True
CUST10634,Madaba,Consumer,Technology,Email Campaign,Contacted,False,Active,CRM Basic,Spring Campaign,Email,Ahmad Saleh,2023-03-04,2023-07-28,146.0,41.0,4,7,8,3.1,6.9,0.0,False
CUST10635,Karak,Small Business,Construction,Email Campaign,New Lead,False,Active,CRM Basic,Referral Program,WhatsApp,Samer Khalil,2025-10-25,2025-12-31,67.0,21.0,6,4,4,,10.0,0.0,False
CUST10636,Irbid,Small Business,Education,Facebook,Proposal,False,Active,CRM Professional,Summer Campaign,Meeting,Dana Nasser,2025-11-09,2025-12-09,30.0,86.0,9,4,4,8.7,10.0,104.48,True
CUST10637,Zarqa,Corporate,Hospitality,Website,Negotiation,False,Prospect,CRM Basic,Spring Campaign,Phone,Ahmad Saleh,2024-10-04,2024-11-18,45.0,78.0,8,7,3,13.1,9.1,304.12,True
CUST10638,Karak,Small Business,Retail,Instagram,Lost,False,Prospect,Analytics Add-on,Spring Campaign,Email,Dana Nasser,2023-05-29,2024-02-28,275.0,56.0,4,14,3,12.9,6.0,0.0,False
CUST10639,Madaba,Consumer,Construction,Facebook,Qualified,False,Active,Analytics Add-on,Q1 Acquisition,WhatsApp,Yara Odeh,2025-05-24,2025-06-27,34.0,63.0,0,5,3,9.2,5.8,0.0,False
CUST10640,Madaba,Consumer,Technology,Email Campaign,Won,True,Active,CRM Professional,Back-to-School,Phone,Lina Haddad,2025-06-12,2025-10-31,141.0,83.0,4,8,2,14.6,6.0,429.07,True
CUST10641,Zarqa,Small Business,Technology,Email Campaign,Qualified,False,Active,CRM Enterprise,Spring Campaign,Email,Lina Haddad,2023-01-06,2023-11-20,318.0,67.0,7,7,4,13.9,8.1,0.0,False
CUST10642,Irbid,Corporate,Technology,Referral,Negotiation,False,Active,CRM Enterprise,No Campaign,Meeting,Samer Khalil,2025-06-01,2025-12-31,213.0,92.0,2,8,1,12.4,5.6,3230.16,True
CUST10643,Salt,Small Business,Finance,Referral,Proposal,False,Prospect,CRM Enterprise,Year-End Campaign,Email,Dana Nasser,2025-05-17,2025-12-31,228.0,44.0,4,10,1,1.6,6.4,331.34,True
CUST10644,Madaba,Corporate,Hospitality,Trade Show,New Lead,False,Inactive,CRM Professional,Referral Program,WhatsApp,Dana Nasser,2023-07-03,2023-07-25,22.0,29.0,4,8,4,32.4,9.0,0.0,False
CUST10645,Salt,Consumer,Construction,Referral,New Lead,False,Active,CRM Professional,Summer Campaign,Phone,Ahmad Saleh,2024-07-18,,,19.0,1,6,3,5.7,7.7,0.0,False
CUST10646,Zarqa,Corporate,Healthcare,Email Campaign,New Lead,False,Active,CRM Enterprise,Year-End Campaign,Email,Lina Haddad,2024-03-22,2025-02-14,329.0,52.0,3,8,3,31.0,,0.0,False
CUST10647,Irbid,Small Business,Finance,LinkedIn,Qualified,False,Inactive,CRM Enterprise,Back-to-School,Email,Samer Khalil,2025-05-04,2025-12-21,231.0,69.0,3,8,2,2.0,5.9,0.0,False
CUST10648,Jerash,Consumer,Finance,Website,Negotiation,False,Inactive,CRM Professional,Spring Campaign,Meeting,Samer Khalil,2024-05-26,2024-07-03,38.0,87.0,1,8,3,11.9,8.5,76.64,True
CUST10649,Salt,Consumer,Finance,LinkedIn,Contacted,False,Active,CRM Professional,Q1 Acquisition,Social Media,Ahmad Saleh,2025-11-03,2025-12-31,58.0,1.0,2,3,4,0.7,6.8,0.0,False
CUST10650,Karak,Corporate,Healthcare,Facebook,Proposal,False,Active,CRM Basic,Year-End Campaign,Email,Ahmad Saleh,2025-07-21,2025-11-14,116.0,58.0,12,9,3,18.7,8.5,174.31,True
CUST10651,Karak,Corporate,Finance,Instagram,Contacted,False,Active,CRM Professional,Q1 Acquisition,Social Media,Yara Odeh,2024-03-21,2024-11-15,239.0,2.0,7,7,3,17.0,6.8,0.0,False
CUST10652,Salt,Consumer,Education,Cold Call,Won,True,Active,CRM Professional,Unknown,Social Media,Samer Khalil,2023-08-10,2024-07-10,335.0,,6,10,3,18.5,6.7,460.89,True
CUST10653,Aqaba,Corporate,Technology,Cold Call,Won,True,Active,CRM Professional,Back-to-School,Phone,Ahmad Saleh,2025-10-10,2025-12-31,82.0,83.0,6,6,7,4.8,7.6,2061.15,True
CUST10654,Madaba,Consumer,Construction,Website,Won,True,Active,CRM Professional,Referral Program,Website,Yara Odeh,2023-08-29,2023-09-07,9.0,64.0,4,9,6,10.5,10.0,536.79,True
CUST10655,Amman,Consumer,Construction,Google Ads,Proposal,False,Prospect,Analytics Add-on,Referral Program,Meeting,Dana Nasser,2025-11-02,2025-12-31,59.0,65.0,7,8,4,3.6,4.8,25.02,True
CUST10656,Madaba,Small Business,Technology,Cold Call,Contacted,False,Active,CRM Basic,No Campaign,Social Media,Samer Khalil,2024-08-27,2024-10-16,50.0,50.0,4,6,1,22.5,6.6,0.0,False
CUST10657,Zarqa,Small Business,Hospitality,Website,Won,True,Prospect,CRM Professional,Spring Campaign,Phone,Omar Mansour,2024-03-30,2025-03-03,338.0,100.0,8,8,3,5.1,6.2,1247.31,True
CUST10658,Amman,Corporate,Retail,Google Ads,Contacted,False,Active,CRM Professional,No Campaign,Meeting,Lina Haddad,2023-02-26,2023-03-03,5.0,46.0,5,15,5,5.1,6.5,0.0,False
CUST10659,Salt,Consumer,Manufacturing,Facebook,Contacted,False,Active,CRM Professional,Referral Program,WhatsApp,Lina Haddad,2024-08-15,2025-07-24,343.0,,7,10,6,7.1,7.2,0.0,False
CUST10660,Amman,Consumer,Education,Google Ads,Contacted,False,Active,CRM Professional,Unknown,Social Media,Omar Mansour,2024-05-21,2024-09-24,126.0,38.0,4,11,4,1.7,6.1,0.0,False
CUST10661,Madaba,Consumer,Healthcare,Instagram,Negotiation,False,Active,Analytics Add-on,No Campaign,Website,Omar Mansour,2025-03-13,2025-05-27,75.0,100.0,6,2,3,11.3,5.4,78.57,True
CUST10662,Karak,Consumer,Manufacturing,Cold Call,Negotiation,False,Prospect,CRM Professional,Back-to-School,WhatsApp,Dana Nasser,2024-08-27,2025-02-08,165.0,100.0,4,7,5,1.6,7.9,153.08,True
CUST10663,Salt,Consumer,Technology,Email Campaign,Proposal,False,Active,Analytics Add-on,Q1 Acquisition,Meeting,Samer Khalil,2025-07-03,2025-12-31,181.0,28.0,5,8,6,3.1,8.4,24.8,True
CUST10664,Karak,Consumer,Finance,Referral,Qualified,False,Active,Marketing Add-on,Q1 Acquisition,Social Media,Ahmad Saleh,2024-10-01,2025-08-21,324.0,77.0,1,7,0,13.9,6.8,0.0,False
CUST10665,Zarqa,Consumer,Construction,Facebook,New Lead,False,Prospect,CRM Enterprise,Back-to-School,Social Media,Lina Haddad,2024-07-15,2025-05-11,300.0,49.0,4,9,2,11.7,8.8,0.0,False
CUST10666,Aqaba,Consumer,Hospitality,Facebook,Won,True,Active,Analytics Add-on,Back-to-School,Website,Omar Mansour,2023-05-29,2024-03-14,290.0,64.0,8,6,4,21.9,7.4,214.14,True
CUST10667,Irbid,Small Business,Hospitality,Website,Qualified,False,Active,CRM Enterprise,No Campaign,Email,Samer Khalil,2024-01-29,2024-04-15,77.0,40.0,1,7,4,8.6,8.2,0.0,False
CUST10668,Salt,Consumer,Retail,Trade Show,Qualified,False,Active,CRM Professional,Spring Campaign,Website,Ahmad Saleh,2023-01-28,2023-11-22,298.0,19.0,4,10,7,26.6,7.5,0.0,False
CUST10669,Irbid,Consumer,Retail,Google Ads,Proposal,False,Active,Marketing Add-on,Back-to-School,Phone,Lina Haddad,2024-10-04,2025-02-18,137.0,80.0,7,9,2,12.5,5.4,27.49,True
CUST10670,Salt,Small Business,Technology,Google Ads,Contacted,False,Active,CRM Professional,Spring Campaign,Phone,Samer Khalil,2024-05-10,2024-08-24,106.0,23.0,8,7,4,24.9,8.2,0.0,False
CUST10671,Amman,Consumer,Education,Website,New Lead,False,Active,CRM Basic,Year-End Campaign,Website,Lina Haddad,2023-08-07,2023-11-10,95.0,46.0,7,6,4,14.7,7.8,0.0,False
CUST10672,Amman,Small Business,Hospitality,Referral,Qualified,False,Prospect,CRM Professional,No Campaign,Website,Dana Nasser,2024-02-15,2024-06-29,135.0,38.0,8,5,1,8.8,6.8,0.0,False
CUST10673,Amman,Consumer,Manufacturing,Email Campaign,Contacted,False,Prospect,CRM Enterprise,Year-End Campaign,Website,Lina Haddad,2024-10-20,2024-12-27,68.0,26.0,6,11,7,10.7,5.6,0.0,False
CUST10674,Karak,Consumer,Retail,Facebook,Contacted,False,Active,CRM Basic,Back-to-School,Website,Dana Nasser,2025-04-27,2025-09-21,147.0,,3,3,7,2.8,8.5,0.0,False
CUST10675,Aqaba,Consumer,Construction,Referral,Won,True,Active,Marketing Add-on,Referral Program,Website,Dana Nasser,2023-05-08,2023-10-14,159.0,100.0,2,7,10,12.0,7.5,181.19,True
CUST10676,Irbid,Consumer,Construction,Email Campaign,Proposal,False,Active,CRM Professional,Q1 Acquisition,Social Media,Dana Nasser,2024-04-13,2024-09-23,163.0,52.0,4,12,5,12.6,8.3,64.35,True
CUST10677,Karak,Small Business,Technology,Trade Show,Qualified,False,Active,Analytics Add-on,No Campaign,Meeting,Ahmad Saleh,2025-12-20,2025-12-31,11.0,59.0,5,12,7,2.1,6.6,0.0,False
CUST10678,Madaba,Enterprise,Education,Website,Negotiation,False,Active,CRM Basic,Year-End Campaign,Meeting,Yara Odeh,2024-04-02,2024-10-08,189.0,75.0,1,9,3,7.8,9.3,459.68,True
CUST10679,Irbid,Consumer,Technology,Instagram,Lost,False,Prospect,CRM Professional,Year-End Campaign,WhatsApp,Ahmad Saleh,2025-07-01,2025-12-31,183.0,43.0,4,8,5,7.9,6.3,,False
CUST10680,Jerash,Consumer,Technology,Trade Show,New Lead,False,Inactive,CRM Basic,No Campaign,Phone,Dana Nasser,2024-12-06,2025-03-11,95.0,46.0,3,7,1,10.5,6.7,0.0,False
CUST10681,Jerash,Corporate,Education,Website,Won,True,Active,CRM Basic,Year-End Campaign,Phone,Samer Khalil,2024-03-23,2024-09-20,181.0,80.0,5,4,4,10.6,7.5,1181.69,True
CUST10682,Madaba,Consumer,Education,Website,Proposal,False,Inactive,CRM Professional,Year-End Campaign,Meeting,Yara Odeh,2025-11-19,2025-12-31,42.0,32.0,6,14,5,8.2,7.3,64.94,True
CUST10683,Karak,Corporate,Education,Website,New Lead,False,Active,Marketing Add-on,Referral Program,Meeting,Yara Odeh,2024-10-03,2025-08-21,322.0,66.0,1,8,4,5.0,6.2,0.0,False
CUST10684,Irbid,Consumer,Construction,Cold Call,Contacted,False,Active,CRM Professional,Q1 Acquisition,WhatsApp,Dana Nasser,2025-01-28,2025-08-03,187.0,58.0,4,14,4,19.5,8.6,0.0,False
CUST10685,Aqaba,Enterprise,Construction,Referral,Qualified,False,Active,CRM Enterprise,Summer Campaign,Website,Samer Khalil,2025-08-28,2025-12-31,125.0,56.0,4,8,6,17.2,9.7,0.0,False
CUST10686,Salt,Consumer,Technology,Email Campaign,Negotiation,False,Active,CRM Professional,No Campaign,Meeting,Lina Haddad,2025-06-21,2025-10-29,130.0,53.0,5,5,4,8.0,8.1,123.53,True
CUST10687,Irbid,Consumer,Retail,Google Ads,Contacted,False,Active,CRM Basic,Spring Campaign,Meeting,Ahmad Saleh,2024-10-08,2025-04-20,194.0,43.0,9,12,3,6.3,6.1,0.0,False
CUST10688,Amman,Corporate,Healthcare,Facebook,Proposal,False,Active,CRM Professional,Back-to-School,WhatsApp,Samer Khalil,2024-10-29,2025-09-10,316.0,84.0,2,5,3,3.7,,251.14,True
CUST10689,Madaba,Small Business,Healthcare,Facebook,Negotiation,False,Active,CRM Basic,Spring Campaign,Website,Yara Odeh,2023-01-31,2023-10-31,273.0,46.0,4,13,1,3.3,,98.08,True
CUST10690,Unknown,Small Business,Technology,Instagram,Qualified,False,Prospect,Marketing Add-on,Summer Campaign,Phone,Samer Khalil,2025-12-22,2025-12-31,9.0,43.0,7,7,7,18.9,9.8,0.0,False
CUST10691,Jerash,Corporate,Technology,Instagram,Won,True,Active,CRM Enterprise,Unknown,Meeting,Samer Khalil,2024-10-21,2025-03-14,144.0,78.0,6,10,1,13.4,5.7,3980.8,True
CUST10692,Aqaba,Small Business,Retail,Instagram,Won,True,Active,CRM Professional,Year-End Campaign,Email,Omar Mansour,2024-04-22,2024-05-08,16.0,48.0,3,6,2,11.7,7.5,1011.1,True
CUST10693,Zarqa,Consumer,Education,LinkedIn,Qualified,False,Active,CRM Enterprise,Summer Campaign,Phone,Ahmad Saleh,2024-06-13,2025-04-11,302.0,41.0,5,10,3,4.0,8.5,0.0,False
CUST10694,Amman,Small Business,Technology,Instagram,Lost,False,Active,CRM Basic,No Campaign,Phone,Omar Mansour,2025-11-17,2025-12-31,44.0,39.0,10,2,7,6.2,6.0,0.0,False
CUST10695,Karak,Consumer,Hospitality,Facebook,New Lead,False,Prospect,CRM Enterprise,Referral Program,Email,Lina Haddad,2025-03-03,2025-06-18,107.0,1.0,2,6,4,11.6,8.1,0.0,False
CUST10696,Amman,Corporate,Construction,Trade Show,New Lead,False,Active,Analytics Add-on,Spring Campaign,WhatsApp,Samer Khalil,2025-01-27,2025-04-25,88.0,35.0,3,6,3,4.4,9.7,0.0,False
CUST10697,Aqaba,Enterprise,Finance,Email Campaign,Qualified,False,Prospect,Analytics Add-on,Back-to-School,Social Media,Ahmad Saleh,2025-04-04,2025-08-11,129.0,34.0,7,6,5,32.5,10.0,0.0,False
CUST10698,Jerash,Consumer,Education,Instagram,Proposal,False,Active,CRM Professional,No Campaign,Website,Yara Odeh,2023-10-08,2024-09-13,341.0,91.0,8,8,5,14.4,5.5,32.88,True
CUST10699,Irbid,Consumer,Hospitality,Trade Show,Proposal,False,Active,CRM Basic,Q1 Acquisition,Website,Ahmad Saleh,2024-05-09,2024-05-13,4.0,56.0,4,11,6,3.2,6.0,18.49,True
CUST10700,Salt,Consumer,Construction,LinkedIn,Qualified,False,Active,CRM Professional,Year-End Campaign,Phone,Ahmad Saleh,2025-05-17,2025-12-31,228.0,75.0,8,7,2,7.4,8.5,0.0,False
CUST10701,Salt,Consumer,Technology,LinkedIn,New Lead,False,Inactive,Marketing Add-on,Spring Campaign,Email,Samer Khalil,2025-02-21,2025-12-24,306.0,48.0,2,6,4,2.5,8.2,0.0,False
CUST10702,Irbid,Enterprise,Finance,Google Ads,Contacted,False,Active,Marketing Add-on,Q1 Acquisition,Phone,Yara Odeh,2024-06-13,2024-09-16,95.0,34.0,4,6,2,14.5,10.0,0.0,False
CUST10703,Jerash,Consumer,Hospitality,Cold Call,Won,True,Prospect,CRM Professional,No Campaign,Phone,Dana Nasser,2023-02-22,2023-09-19,209.0,87.0,3,9,3,5.6,5.9,251.77,True
CUST10704,Jerash,Consumer,Manufacturing,Cold Call,Won,True,Active,Analytics Add-on,No Campaign,Meeting,Dana Nasser,2023-08-29,,,100.0,3,6,4,3.6,9.7,189.78,True
CUST10705,Irbid,Corporate,Retail,Cold Call,Negotiation,False,Active,Marketing Add-on,Spring Campaign,WhatsApp,Dana Nasser,2023-09-04,2024-08-17,348.0,74.0,5,7,3,10.8,6.6,464.92,True
CUST10706,Jerash,Corporate,Construction,Referral,Negotiation,False,Active,CRM Basic,No Campaign,Website,Omar Mansour,2023-03-06,2024-01-21,321.0,66.0,3,4,1,3.9,9.8,530.76,True
CUST10707,Salt,Small Business,Finance,Cold Call,Proposal,False,Active,Analytics Add-on,Q1 Acquisition,Social Media,Samer Khalil,2024-03-24,2024-05-10,47.0,75.0,4,5,1,4.2,7.6,113.51,True
CUST10708,Aqaba,Small Business,Technology,LinkedIn,Contacted,False,Active,CRM Basic,Back-to-School,Email,Lina Haddad,2025-11-07,2025-12-31,54.0,60.0,9,5,0,12.2,8.1,0.0,False
CUST10709,Jerash,Small Business,Healthcare,Google Ads,Qualified,False,Active,CRM Professional,Referral Program,Social Media,Omar Mansour,2023-11-13,2024-02-27,106.0,,6,9,3,21.9,9.1,0.0,False
CUST10710,Zarqa,Enterprise,Hospitality,Trade Show,Negotiation,False,Active,CRM Basic,Back-to-School,Email,Ahmad Saleh,2024-02-11,2024-08-28,199.0,15.0,4,9,8,1.9,9.1,577.17,True
CUST10711,Zarqa,Small Business,Technology,Instagram,Proposal,False,Inactive,CRM Professional,No Campaign,Website,Dana Nasser,2023-08-21,2023-12-05,106.0,,4,7,1,20.6,7.7,107.71,True
CUST10712,Zarqa,Small Business,Healthcare,Cold Call,New Lead,False,Inactive,Analytics Add-on,Year-End Campaign,WhatsApp,Ahmad Saleh,2024-11-12,2025-08-19,280.0,14.0,6,11,5,7.8,7.9,0.0,False
CUST10713,Jerash,Consumer,Retail,Trade Show,Lost,False,Inactive,CRM Professional,Back-to-School,Social Media,Omar Mansour,2024-05-13,2025-01-28,260.0,45.0,5,5,3,4.2,7.0,0.0,False
CUST10714,Amman,Consumer,Retail,Website,Won,True,Active,CRM Basic,No Campaign,Email,Yara Odeh,2023-05-31,2023-09-16,108.0,100.0,2,8,3,33.4,7.3,133.67,True
CUST10715,Salt,Small Business,Education,Facebook,Contacted,False,Prospect,CRM Basic,Q1 Acquisition,Phone,Dana Nasser,2024-09-03,2024-09-22,19.0,60.0,4,6,6,13.3,8.4,0.0,False
CUST10716,Salt,Enterprise,Hospitality,Cold Call,Proposal,False,Prospect,CRM Professional,Back-to-School,Website,Samer Khalil,2024-05-31,2025-03-23,296.0,57.0,1,9,3,20.1,10.0,1129.84,True
CUST10717,Madaba,Corporate,Education,Facebook,Lost,False,Active,CRM Enterprise,Year-End Campaign,WhatsApp,Dana Nasser,2023-12-13,2024-10-14,306.0,50.0,6,10,1,7.1,7.0,0.0,False
CUST10718,Madaba,Enterprise,Healthcare,Cold Call,New Lead,False,Active,CRM Professional,No Campaign,Meeting,Dana Nasser,2025-07-16,2025-12-31,168.0,40.0,4,12,2,4.0,8.8,0.0,False
CUST10719,Karak,Small Business,Healthcare,Website,Qualified,False,Active,CRM Basic,Back-to-School,Phone,Yara Odeh,2025-09-04,2025-12-31,118.0,70.0,7,8,1,4.4,6.7,0.0,False
CUST10720,Irbid,Corporate,Retail,Instagram,Qualified,False,Active,CRM Enterprise,No Campaign,WhatsApp,Dana Nasser,2024-10-04,2025-04-17,195.0,72.0,2,9,9,19.3,8.0,0.0,False
CUST10721,Zarqa,Corporate,Finance,Referral,Qualified,False,Prospect,Marketing Add-on,Back-to-School,Email,Omar Mansour,2024-08-19,2024-08-31,12.0,86.0,4,6,3,4.2,8.9,0.0,False
CUST10722,Aqaba,Small Business,Healthcare,Email Campaign,Won,True,Inactive,CRM Professional,Summer Campaign,Phone,Dana Nasser,2025-10-03,2025-12-31,89.0,77.0,2,6,4,5.1,9.3,752.64,True
CUST10723,Karak,Consumer,Healthcare,Trade Show,Qualified,False,Prospect,CRM Enterprise,No Campaign,Meeting,Yara Odeh,2023-03-24,2024-01-01,283.0,24.0,4,5,1,4.5,7.5,0.0,False
CUST10724,Amman,Consumer,Hospitality,Trade Show,New Lead,False,Active,Marketing Add-on,Year-End Campaign,Meeting,Omar Mansour,2025-10-08,2025-12-31,84.0,13.0,4,5,3,,7.2,0.0,False
CUST10725,Aqaba,Corporate,Finance,Instagram,New Lead,False,Active,CRM Enterprise,Back-to-School,WhatsApp,Ahmad Saleh,2024-11-25,2025-09-26,305.0,40.0,2,11,4,17.8,7.2,0.0,False
CUST10726,Aqaba,Consumer,Education,Google Ads,New Lead,False,Active,CRM Enterprise,No Campaign,Website,Samer Khalil,2024-03-02,2024-07-24,144.0,35.0,5,11,2,9.0,5.7,0.0,False
CUST10727,Irbid,Enterprise,Education,LinkedIn,Qualified,False,Active,CRM Enterprise,Year-End Campaign,Social Media,Dana Nasser,2023-09-06,2024-07-18,316.0,74.0,6,4,4,24.0,8.4,0.0,False
CUST10728,Jerash,Consumer,Healthcare,Cold Call,Negotiation,False,Inactive,CRM Basic,Year-End Campaign,Meeting,Omar Mansour,2023-03-14,2023-09-12,182.0,94.0,5,8,4,8.7,7.0,38.85,True
CUST10729,Aqaba,Corporate,Hospitality,Email Campaign,Contacted,False,Active,CRM Enterprise,Referral Program,Meeting,Dana Nasser,2024-07-31,2024-08-30,30.0,51.0,3,8,2,10.8,9.0,0.0,False
CUST10730,Amman,Small Business,Education,Google Ads,Proposal,False,Inactive,Analytics Add-on,Referral Program,Social Media,Dana Nasser,2025-07-09,2025-10-01,84.0,42.0,3,11,3,13.0,9.6,56.39,True
CUST10731,Salt,Corporate,Education,Email Campaign,Negotiation,False,Inactive,CRM Professional,Back-to-School,Phone,Yara Odeh,2025-04-02,2025-09-15,166.0,84.0,3,11,3,22.0,8.9,1147.7,True
CUST10732,Aqaba,Consumer,Manufacturing,LinkedIn,Contacted,False,Prospect,Marketing Add-on,Summer Campaign,Website,Dana Nasser,2023-03-28,2024-01-06,284.0,56.0,3,9,5,6.2,5.9,0.0,False
CUST10733,Aqaba,Enterprise,Hospitality,Facebook,Proposal,False,Active,CRM Enterprise,No Campaign,Website,Lina Haddad,2023-01-19,2023-10-27,281.0,80.0,6,8,1,3.9,7.7,2387.67,True
CUST10734,Jerash,Small Business,Education,Cold Call,Negotiation,False,Inactive,CRM Professional,Back-to-School,WhatsApp,Samer Khalil,2023-10-20,2024-01-24,96.0,59.0,11,8,3,25.8,6.5,357.48,True
CUST10735,Aqaba,Consumer,Retail,LinkedIn,Qualified,False,Prospect,CRM Enterprise,Spring Campaign,Phone,Samer Khalil,2025-06-13,2025-12-31,201.0,100.0,9,10,3,9.6,7.2,0.0,False
CUST10736,Salt,Small Business,Technology,Trade Show,Contacted,False,Prospect,CRM Professional,Back-to-School,Website,Omar Mansour,2023-02-27,2023-12-22,298.0,15.0,1,11,2,5.3,6.7,0.0,False
CUST10737,Salt,Consumer,Healthcare,Trade Show,Proposal,False,Inactive,Analytics Add-on,Q1 Acquisition,WhatsApp,Ahmad Saleh,2025-04-08,2025-12-31,267.0,69.0,4,5,3,8.2,5.6,64.98,True
CUST10738,Karak,Consumer,Construction,Cold Call,Lost,False,Inactive,CRM Professional,Referral Program,Website,Ahmad Saleh,2023-11-24,2024-07-06,225.0,59.0,6,4,6,11.4,7.5,0.0,False
CUST10739,Amman,Consumer,Healthcare,Referral,Qualified,False,Active,Marketing Add-on,Q1 Acquisition,Phone,Ahmad Saleh,2023-02-20,2024-01-19,333.0,77.0,5,11,5,20.8,10.0,0.0,False
CUST10740,Salt,Corporate,Retail,Instagram,Qualified,False,Inactive,CRM Professional,Q1 Acquisition,Website,Dana Nasser,2023-10-04,2024-09-29,361.0,60.0,4,7,3,4.8,7.9,0.0,False
CUST10741,Jerash,Small Business,Construction,Instagram,Qualified,False,Inactive,CRM Enterprise,No Campaign,Website,Yara Odeh,2024-03-01,2024-04-12,42.0,,3,8,3,13.8,10.0,0.0,False
CUST10742,Madaba,Small Business,Technology,Trade Show,New Lead,False,Inactive,Marketing Add-on,Referral Program,Website,Omar Mansour,2024-03-16,2025-01-13,303.0,58.0,4,8,5,20.2,7.4,0.0,False
CUST10743,Irbid,Consumer,Technology,Trade Show,Proposal,False,Inactive,CRM Basic,Summer Campaign,Social Media,Dana Nasser,2024-11-10,,,69.0,4,5,7,13.1,6.7,29.34,True
CUST10744,Jerash,Consumer,Retail,LinkedIn,Contacted,False,Active,CRM Enterprise,Spring Campaign,Email,Yara Odeh,2024-10-01,2025-04-27,208.0,55.0,4,11,6,20.9,9.8,0.0,False
CUST10745,Amman,Enterprise,Finance,Website,New Lead,False,Active,CRM Basic,No Campaign,Phone,Lina Haddad,2025-11-08,2025-12-31,53.0,53.0,6,6,10,6.6,9.4,0.0,False
CUST10746,Amman,Small Business,Finance,Referral,Qualified,False,Active,Analytics Add-on,No Campaign,Social Media,Omar Mansour,2023-07-29,2023-08-20,22.0,60.0,4,12,3,4.2,5.9,0.0,False
CUST10747,Aqaba,Enterprise,Technology,Google Ads,New Lead,False,Active,CRM Enterprise,Back-to-School,Email,Omar Mansour,2023-01-20,2023-07-24,185.0,67.0,3,4,7,7.6,10.0,0.0,False
CUST10748,Aqaba,Consumer,Finance,LinkedIn,Qualified,False,Active,Marketing Add-on,Year-End Campaign,Meeting,Yara Odeh,2023-06-03,2024-01-31,242.0,80.0,3,6,4,2.6,6.2,0.0,False
CUST10749,Amman,Consumer,Finance,LinkedIn,New Lead,False,Active,Analytics Add-on,Spring Campaign,Website,Omar Mansour,2023-12-10,2024-12-07,363.0,34.0,3,9,5,3.1,6.5,0.0,False
CUST10750,Irbid,Corporate,Finance,Trade Show,New Lead,False,Active,CRM Basic,Year-End Campaign,Website,Yara Odeh,2025-08-01,2025-12-31,152.0,26.0,7,3,5,1.9,10.0,0.0,False
CUST10751,Amman,Small Business,Technology,Trade Show,Won,True,Prospect,CRM Basic,Summer Campaign,Social Media,Lina Haddad,2024-01-02,2024-02-12,41.0,95.0,7,11,4,7.3,5.9,327.07,True
CUST10752,Salt,Consumer,Construction,Cold Call,Won,True,Active,CRM Enterprise,No Campaign,WhatsApp,Omar Mansour,2023-12-28,2024-11-28,336.0,82.0,6,7,4,7.0,10.0,656.05,True
CUST10753,Irbid,Consumer,Finance,Google Ads,Contacted,False,Active,CRM Professional,Summer Campaign,Phone,Yara Odeh,2023-12-19,2024-05-29,162.0,38.0,6,9,3,6.5,6.4,0.0,False
CUST10754,Salt,Corporate,Construction,LinkedIn,Proposal,False,Active,CRM Basic,Year-End Campaign,Email,Yara Odeh,2023-10-21,2024-03-29,160.0,57.0,1,8,3,17.4,4.8,163.46,True
CUST10755,Amman,Consumer,Healthcare,Google Ads,Contacted,False,Active,CRM Basic,Spring Campaign,Website,Lina Haddad,2023-05-22,2023-08-19,89.0,63.0,4,8,3,29.2,8.8,0.0,False
CUST10756,Amman,Small Business,Manufacturing,Email Campaign,Qualified,False,Active,CRM Professional,Q1 Acquisition,Phone,Ahmad Saleh,2024-10-10,2025-08-28,322.0,51.0,6,12,5,25.2,6.8,0.0,False
CUST10757,Salt,Consumer,Technology,Instagram,Qualified,False,Active,CRM Basic,Q1 Acquisition,Website,Yara Odeh,2025-05-22,2025-06-03,12.0,89.0,5,11,8,2.7,6.6,0.0,False
CUST10758,Karak,Consumer,Retail,Cold Call,Contacted,False,Prospect,Analytics Add-on,Summer Campaign,Website,Yara Odeh,2023-07-26,2023-10-07,73.0,30.0,5,8,3,14.2,8.8,0.0,False
CUST10759,Karak,Enterprise,Finance,Instagram,Negotiation,False,Active,Analytics Add-on,Spring Campaign,Website,Omar Mansour,2023-03-13,2023-05-28,76.0,63.0,4,8,5,11.6,5.9,1280.03,True
CUST10760,Madaba,Consumer,Education,Cold Call,New Lead,False,Inactive,Analytics Add-on,No Campaign,Phone,Dana Nasser,2025-04-02,2025-12-31,273.0,21.0,3,6,3,5.4,6.9,0.0,False
CUST10761,Karak,Small Business,Technology,Referral,New Lead,False,Prospect,CRM Basic,Referral Program,Social Media,Samer Khalil,2024-09-09,2025-03-29,201.0,16.0,2,7,7,17.9,7.2,0.0,False
CUST10762,Irbid,Corporate,Hospitality,LinkedIn,Won,True,Prospect,CRM Basic,Referral Program,Phone,Lina Haddad,2025-09-07,2025-09-17,10.0,,2,8,6,5.1,6.7,1124.89,True
CUST10763,Karak,Consumer,Retail,Instagram,Negotiation,False,Active,CRM Professional,Unknown,Phone,Ahmad Saleh,2024-05-06,2025-04-23,352.0,63.0,9,7,4,6.6,5.9,35.57,True
CUST10764,Salt,Consumer,Manufacturing,Google Ads,Qualified,False,Active,Marketing Add-on,Spring Campaign,Meeting,Ahmad Saleh,2023-06-10,2024-01-22,226.0,52.0,8,9,7,8.3,8.7,0.0,False
CUST10765,Aqaba,Small Business,Healthcare,LinkedIn,Qualified,False,Active,CRM Professional,No Campaign,WhatsApp,Samer Khalil,2025-02-07,2025-08-02,176.0,17.0,6,9,5,1.3,5.9,0.0,False
CUST10766,Irbid,Small Business,Construction,Google Ads,Qualified,False,Active,CRM Professional,No Campaign,WhatsApp,Omar Mansour,2023-12-14,2024-09-15,276.0,36.0,5,11,4,20.8,7.7,0.0,False
CUST10767,Irbid,Consumer,Construction,Instagram,Qualified,False,Active,CRM Basic,Spring Campaign,Social Media,Dana Nasser,2025-02-16,2025-03-27,39.0,64.0,4,8,3,7.2,6.9,0.0,False
CUST10768,Irbid,Consumer,Hospitality,Unknown,Qualified,False,Prospect,CRM Enterprise,No Campaign,WhatsApp,Samer Khalil,2024-12-17,2025-02-15,60.0,46.0,5,10,5,3.1,7.8,0.0,False
CUST10769,Zarqa,Small Business,Retail,Email Campaign,Qualified,False,Active,CRM Enterprise,Summer Campaign,Social Media,Omar Mansour,2025-07-17,2025-09-21,66.0,81.0,6,5,3,4.4,10.0,0.0,False
CUST10770,Irbid,Small Business,Finance,Referral,Proposal,False,Active,CRM Basic,Q1 Acquisition,Website,Yara Odeh,2025-09-11,2025-12-31,111.0,62.0,4,8,6,6.9,10.0,69.34,True
CUST10771,Madaba,Small Business,Education,Referral,Negotiation,False,Active,CRM Professional,Summer Campaign,Website,Omar Mansour,2025-01-31,2025-06-04,124.0,85.0,6,9,6,7.2,7.0,240.22,True
CUST10772,Jerash,Consumer,Finance,Unknown,Negotiation,False,Prospect,CRM Enterprise,No Campaign,Phone,Lina Haddad,2025-10-06,2025-12-31,86.0,66.0,8,7,0,17.3,7.3,434.38,True
CUST10773,Irbid,Small Business,Retail,Facebook,Qualified,False,Inactive,CRM Professional,Year-End Campaign,Website,Dana Nasser,2024-01-06,2024-06-13,159.0,78.0,3,8,6,17.0,9.1,0.0,False
CUST10774,Jerash,Enterprise,Technology,Email Campaign,Qualified,False,Active,CRM Enterprise,Referral Program,WhatsApp,Dana Nasser,2025-07-27,2025-09-22,57.0,13.0,6,12,7,4.4,6.6,0.0,False
CUST10775,Jerash,Small Business,Hospitality,Website,Qualified,False,Active,Analytics Add-on,Spring Campaign,Email,Lina Haddad,2025-09-29,2025-12-16,78.0,62.0,3,6,6,4.0,7.7,0.0,False
CUST10776,Zarqa,Corporate,Education,Cold Call,Proposal,False,Active,CRM Enterprise,Q1 Acquisition,Phone,Omar Mansour,2024-02-24,2024-09-05,194.0,98.0,8,6,4,3.8,9.7,739.25,True
CUST10777,Karak,Small Business,Construction,Referral,Qualified,False,Inactive,CRM Enterprise,No Campaign,Social Media,Omar Mansour,2023-07-13,2024-04-23,285.0,31.0,6,5,3,3.2,10.0,0.0,False
CUST10778,Madaba,Corporate,Hospitality,LinkedIn,Won,True,Inactive,Analytics Add-on,Summer Campaign,Website,Dana Nasser,2025-10-23,2025-11-07,15.0,95.0,5,9,2,7.2,5.7,1517.28,True
CUST10779,Aqaba,Enterprise,Hospitality,Trade Show,Negotiation,False,Active,Marketing Add-on,Q1 Acquisition,Phone,Dana Nasser,2023-03-24,2023-04-05,12.0,81.0,5,13,3,5.0,7.5,545.63,True
CUST10780,Zarqa,Consumer,Education,Website,Won,True,Active,CRM Professional,Summer Campaign,Phone,Dana Nasser,2024-06-09,2024-09-18,101.0,51.0,3,9,7,15.6,8.7,280.52,True
CUST10781,Amman,Consumer,Construction,LinkedIn,Negotiation,False,Inactive,CRM Basic,Spring Campaign,Phone,Dana Nasser,2024-03-24,2024-08-27,156.0,80.0,11,4,3,26.1,4.2,54.86,True
CUST10782,Madaba,Consumer,Construction,Instagram,Lost,False,Inactive,Analytics Add-on,Year-End Campaign,Website,Omar Mansour,2024-07-15,2025-06-20,340.0,52.0,5,8,4,3.0,8.1,0.0,False
CUST10783,Salt,Consumer,Retail,Email Campaign,Proposal,False,Prospect,CRM Basic,Referral Program,Social Media,Dana Nasser,2024-12-11,,,65.0,3,7,4,10.5,9.5,23.56,True
CUST10784,Madaba,Consumer,Manufacturing,Referral,Lost,False,Active,Marketing Add-on,Back-to-School,Phone,Yara Odeh,2023-09-13,2024-09-06,359.0,68.0,7,4,7,15.5,9.7,0.0,False
CUST10785,Amman,Corporate,Manufacturing,Cold Call,New Lead,False,Active,CRM Basic,Spring Campaign,Phone,Omar Mansour,2023-06-19,2024-03-25,280.0,60.0,13,13,4,8.6,8.9,0.0,False
CUST10786,Madaba,Consumer,Finance,Website,New Lead,False,Active,Marketing Add-on,Q1 Acquisition,Phone,Lina Haddad,2024-12-14,2025-04-03,110.0,56.0,6,9,2,37.1,6.9,0.0,False
CUST10787,Karak,Small Business,Retail,Referral,Proposal,False,Active,CRM Enterprise,Summer Campaign,Meeting,Yara Odeh,2025-04-04,2025-12-31,271.0,95.0,7,5,7,28.6,5.8,163.62,True
CUST10788,Jerash,Small Business,Education,Facebook,Lost,False,Inactive,Analytics Add-on,Referral Program,Website,Ahmad Saleh,2024-07-19,2025-07-11,357.0,29.0,6,8,1,8.8,9.8,0.0,False
CUST10789,Salt,Consumer,Retail,Facebook,Qualified,False,Inactive,CRM Professional,Summer Campaign,Meeting,Lina Haddad,2024-12-24,2025-05-19,146.0,50.0,4,8,5,7.6,7.1,0.0,False
CUST10790,Madaba,Enterprise,Education,Facebook,Contacted,False,Active,Marketing Add-on,Spring Campaign,WhatsApp,Lina Haddad,2024-08-05,2025-03-09,216.0,37.0,4,8,4,14.8,,0.0,False
CUST10791,Jerash,Corporate,Hospitality,Trade Show,Proposal,False,Active,CRM Basic,Q1 Acquisition,Social Media,Samer Khalil,2023-12-06,2024-05-16,162.0,57.0,5,9,2,2.8,10.0,138.87,True
CUST10792,Madaba,Consumer,Finance,Unknown,Proposal,False,Active,CRM Basic,Back-to-School,Phone,Lina Haddad,2024-12-13,2025-04-20,128.0,57.0,3,4,4,1.8,9.5,22.52,True
CUST10793,Aqaba,Consumer,Technology,LinkedIn,Contacted,False,Prospect,CRM Basic,Year-End Campaign,Meeting,Samer Khalil,2024-08-01,2025-06-11,314.0,47.0,5,9,7,7.0,6.6,0.0,False
CUST10794,Madaba,Consumer,Hospitality,Referral,Negotiation,False,Active,Marketing Add-on,Spring Campaign,Phone,Samer Khalil,2025-05-07,2025-12-31,238.0,65.0,5,6,4,18.3,7.9,30.55,True
CUST10795,Aqaba,Corporate,Construction,LinkedIn,Lost,False,Active,CRM Professional,Back-to-School,Meeting,Samer Khalil,2024-01-16,2024-06-14,150.0,23.0,9,8,6,7.7,7.4,0.0,False
CUST10796,Irbid,Consumer,Technology,LinkedIn,Won,True,Active,CRM Enterprise,Back-to-School,Phone,Yara Odeh,2023-08-12,2023-09-17,36.0,96.0,2,6,5,1.9,6.0,750.38,True
CUST10797,Madaba,Small Business,Retail,Referral,Contacted,False,Active,CRM Enterprise,Referral Program,Website,Lina Haddad,2025-03-16,2025-09-05,173.0,32.0,5,5,2,16.4,6.2,0.0,False
CUST10798,Aqaba,Corporate,Education,Trade Show,Contacted,False,Inactive,Analytics Add-on,No Campaign,WhatsApp,Ahmad Saleh,2024-11-26,2024-12-18,22.0,81.0,3,10,3,16.7,3.3,0.0,False
CUST10799,Zarqa,Consumer,Technology,Trade Show,Qualified,False,Prospect,CRM Enterprise,Summer Campaign,Phone,Yara Odeh,2024-10-28,2025-05-22,206.0,76.0,7,4,0,4.1,9.3,0.0,False
CUST10800,Salt,Corporate,Hospitality,Email Campaign,Qualified,False,Active,CRM Professional,No Campaign,Meeting,Samer Khalil,2023-04-30,2023-09-04,127.0,36.0,11,6,3,25.8,5.7,0.0,False
CUST10801,Karak,Consumer,Education,Instagram,New Lead,False,Inactive,CRM Enterprise,Referral Program,Phone,Dana Nasser,2023-07-29,2024-06-29,336.0,40.0,5,14,4,2.1,5.6,0.0,False
CUST10802,Amman,Enterprise,Finance,Email Campaign,Won,True,Active,CRM Enterprise,Q1 Acquisition,Website,Dana Nasser,2025-12-06,2025-12-31,25.0,52.0,3,6,9,1.1,6.5,13144.22,True
CUST10803,Aqaba,Consumer,Hospitality,LinkedIn,Qualified,False,Prospect,CRM Basic,Referral Program,Social Media,Omar Mansour,2025-03-11,2025-04-10,30.0,85.0,3,10,5,6.0,5.0,0.0,False
CUST10804,Karak,Small Business,Construction,Instagram,Won,True,Active,CRM Basic,Back-to-School,Social Media,Dana Nasser,2025-07-14,2025-10-18,96.0,80.0,3,16,5,23.5,6.4,258.2,True
CUST10805,Amman,Consumer,Retail,Email Campaign,Lost,False,Active,CRM Basic,No Campaign,WhatsApp,Dana Nasser,2024-05-19,2024-10-30,164.0,44.0,2,9,4,4.7,10.0,0.0,False
CUST10806,Madaba,Corporate,Education,Email Campaign,New Lead,False,Active,CRM Professional,Summer Campaign,Social Media,Samer Khalil,2024-08-20,2025-01-15,148.0,44.0,8,5,5,13.8,8.6,0.0,False
CUST10807,Karak,Small Business,Retail,Facebook,Lost,False,Active,CRM Professional,Year-End Campaign,Phone,Yara Odeh,2025-01-26,2025-02-13,18.0,42.0,3,6,2,15.3,7.3,0.0,False
CUST10808,Aqaba,Consumer,Education,Trade Show,Negotiation,False,Active,CRM Enterprise,Unknown,Website,Lina Haddad,2025-12-22,2025-12-31,9.0,60.0,1,8,1,3.0,7.3,271.33,True
CUST10809,Irbid,Small Business,Hospitality,Unknown,Proposal,False,Inactive,Marketing Add-on,Spring Campaign,Phone,Yara Odeh,2025-10-07,2025-12-31,85.0,65.0,2,6,3,4.4,8.6,94.98,True
CUST10810,Amman,Consumer,Manufacturing,Email Campaign,Qualified,False,Inactive,CRM Professional,Back-to-School,Phone,Yara Odeh,2025-07-29,2025-12-27,151.0,85.0,5,6,3,2.0,6.5,0.0,False
CUST10811,Aqaba,Small Business,Manufacturing,Website,Qualified,False,Active,Analytics Add-on,Referral Program,WhatsApp,Dana Nasser,2024-02-14,2024-06-16,123.0,49.0,4,7,4,7.3,6.7,0.0,False
CUST10812,Irbid,Corporate,Education,Facebook,Contacted,False,Inactive,CRM Professional,Referral Program,Social Media,Lina Haddad,2023-07-05,2024-01-08,187.0,78.0,5,5,7,27.8,7.3,0.0,False
CUST10813,Madaba,Consumer,Finance,LinkedIn,Proposal,False,Active,CRM Basic,No Campaign,Social Media,Ahmad Saleh,2025-12-11,2025-12-31,20.0,58.0,4,7,4,17.3,8.8,10.25,True
CUST10814,Amman,Consumer,Retail,Cold Call,New Lead,False,Inactive,CRM Enterprise,Back-to-School,Social Media,Yara Odeh,2024-12-27,2025-04-10,104.0,44.0,2,9,3,8.7,8.1,0.0,False
CUST10815,Irbid,Consumer,Construction,Trade Show,Proposal,False,Active,Marketing Add-on,Summer Campaign,Meeting,Yara Odeh,2024-07-14,2025-03-14,243.0,100.0,8,9,5,9.2,9.6,58.76,True
CUST10816,Irbid,Small Business,Healthcare,Referral,Contacted,False,Inactive,CRM Basic,Back-to-School,Phone,Dana Nasser,2023-07-02,2024-02-18,231.0,61.0,8,8,2,1.3,6.3,0.0,False
CUST10817,Amman,Consumer,Education,Facebook,New Lead,False,Active,CRM Professional,Summer Campaign,Website,Ahmad Saleh,2025-03-18,2025-10-10,206.0,47.0,6,5,3,3.6,6.0,0.0,False
CUST10818,Amman,Consumer,Education,Website,Proposal,False,Active,CRM Basic,Spring Campaign,Website,Ahmad Saleh,2025-12-11,2025-12-31,20.0,80.0,2,7,4,6.4,7.2,16.2,True
CUST10819,Salt,Consumer,Manufacturing,Website,Proposal,False,Active,CRM Professional,Year-End Campaign,Phone,Omar Mansour,2024-02-22,2025-01-24,337.0,87.0,8,10,6,,8.7,127.48,True
CUST10820,Jerash,Consumer,Technology,Unknown,Qualified,False,Active,CRM Enterprise,Q1 Acquisition,Email,Lina Haddad,2025-05-02,2025-07-28,87.0,43.0,5,10,2,6.4,4.6,0.0,False
CUST10821,Karak,Enterprise,Hospitality,Cold Call,New Lead,False,Inactive,Analytics Add-on,Q1 Acquisition,Phone,Lina Haddad,2025-11-29,2025-12-31,32.0,50.0,4,8,8,16.9,8.0,0.0,False
CUST10822,Madaba,Consumer,Manufacturing,Trade Show,Won,True,Active,CRM Enterprise,Q1 Acquisition,Meeting,Omar Mansour,2024-10-26,2025-09-08,317.0,85.0,4,10,3,7.4,9.5,613.28,True
CUST10823,Zarqa,Small Business,Retail,Trade Show,Proposal,False,Active,CRM Professional,Year-End Campaign,Social Media,Samer Khalil,2023-10-26,,,24.0,4,9,4,26.2,7.2,153.47,True
CUST10824,Salt,Corporate,Manufacturing,Google Ads,New Lead,False,Active,Marketing Add-on,Summer Campaign,Phone,Omar Mansour,2023-07-12,2023-08-27,46.0,45.0,3,5,8,9.8,7.9,0.0,False
CUST10825,Karak,Corporate,Healthcare,Website,Qualified,False,Active,CRM Professional,Back-to-School,Meeting,Yara Odeh,2023-06-01,2024-03-15,288.0,40.0,3,8,1,10.8,9.2,0.0,False
CUST10826,Madaba,Consumer,Finance,Referral,Qualified,False,Inactive,CRM Enterprise,Summer Campaign,Email,Omar Mansour,2024-11-18,2024-12-03,15.0,62.0,4,7,6,7.6,7.0,0.0,False
CUST10827,Aqaba,Small Business,Hospitality,Email Campaign,New Lead,False,Active,CRM Professional,Spring Campaign,Phone,Omar Mansour,2024-05-20,2024-07-03,44.0,60.0,7,13,2,8.0,7.3,0.0,False
CUST10828,Karak,Corporate,Healthcare,Email Campaign,Proposal,False,Inactive,Marketing Add-on,Summer Campaign,Social Media,Ahmad Saleh,2025-02-28,2025-08-16,169.0,48.0,4,5,2,6.6,6.5,218.44,True
CUST10829,Madaba,Consumer,Finance,LinkedIn,Won,True,Active,Analytics Add-on,Spring Campaign,WhatsApp,Lina Haddad,2024-03-23,2025-01-27,310.0,78.0,7,5,4,,7.2,200.6,True
CUST10830,Aqaba,Consumer,Healthcare,Website,Negotiation,False,Prospect,Marketing Add-on,Unknown,Website,Samer Khalil,2023-04-06,2023-05-20,44.0,64.0,5,7,5,17.4,6.2,31.22,True
CUST10831,Amman,Consumer,Construction,Instagram,Contacted,False,Prospect,CRM Basic,Q1 Acquisition,Email,Dana Nasser,2023-09-26,2024-01-02,98.0,,7,8,6,5.7,5.2,0.0,False
CUST10832,Salt,Consumer,Hospitality,LinkedIn,Won,True,Inactive,CRM Enterprise,Back-to-School,WhatsApp,Dana Nasser,2025-12-19,2025-12-31,12.0,69.0,5,13,8,22.6,9.2,737.98,True
CUST10833,Zarqa,Consumer,Manufacturing,LinkedIn,Qualified,False,Prospect,CRM Enterprise,Back-to-School,Website,Dana Nasser,2023-09-17,2024-01-04,109.0,64.0,6,10,5,14.2,7.3,0.0,False
CUST10834,Irbid,Corporate,Healthcare,LinkedIn,Lost,False,Active,CRM Enterprise,Summer Campaign,WhatsApp,Samer Khalil,2025-01-27,2025-11-06,283.0,58.0,6,8,3,4.8,8.0,0.0,False
CUST10835,Irbid,Consumer,Manufacturing,Referral,New Lead,False,Prospect,CRM Professional,Q1 Acquisition,Phone,Dana Nasser,2024-07-16,2025-06-24,343.0,55.0,4,8,4,6.1,8.2,0.0,False
CUST10836,Zarqa,Small Business,Hospitality,Trade Show,Qualified,False,Prospect,CRM Basic,Referral Program,Phone,Samer Khalil,2023-08-05,2023-11-17,104.0,41.0,2,8,1,3.4,5.6,0.0,False
CUST10837,Madaba,Small Business,Manufacturing,LinkedIn,Proposal,False,Prospect,CRM Basic,Year-End Campaign,Website,Dana Nasser,2025-03-09,2025-11-20,256.0,62.0,3,7,3,31.5,7.7,37.24,True
CUST10838,Madaba,Small Business,Retail,Trade Show,Contacted,False,Inactive,CRM Professional,Referral Program,Website,Dana Nasser,2024-02-11,2024-09-04,206.0,82.0,11,9,3,27.8,9.0,0.0,False
CUST10839,Madaba,Corporate,Manufacturing,Trade Show,Won,True,Inactive,Analytics Add-on,Spring Campaign,Phone,Samer Khalil,2023-08-27,2024-07-27,335.0,80.0,10,8,7,3.6,9.0,2090.74,True
CUST10840,Madaba,Consumer,Technology,Website,Proposal,False,Active,Analytics Add-on,Referral Program,Phone,Lina Haddad,2023-09-11,2023-10-24,43.0,88.0,6,2,1,3.2,7.0,35.55,True
CUST10841,Salt,Enterprise,Healthcare,Unknown,New Lead,False,Active,CRM Basic,Summer Campaign,Meeting,Yara Odeh,2024-04-23,,,81.0,6,2,3,22.9,9.6,0.0,False
CUST10842,Salt,Small Business,Hospitality,Trade Show,Proposal,False,Active,Marketing Add-on,Q1 Acquisition,Website,Yara Odeh,2024-04-06,2024-12-07,245.0,66.0,4,7,4,3.6,9.0,87.16,True
CUST10843,Salt,Small Business,Education,LinkedIn,Qualified,False,Prospect,CRM Basic,Q1 Acquisition,Website,Samer Khalil,2024-09-22,2025-07-06,287.0,77.0,5,14,4,,6.2,0.0,False
CUST10844,Aqaba,Corporate,Education,Referral,Contacted,False,Active,CRM Professional,Spring Campaign,Meeting,Samer Khalil,2023-03-08,2024-02-26,355.0,69.0,10,8,4,11.1,10.0,0.0,False
CUST10845,Salt,Consumer,Education,LinkedIn,Lost,False,Active,CRM Basic,Year-End Campaign,Website,Omar Mansour,2023-07-12,2024-04-10,273.0,18.0,8,10,6,6.6,6.0,0.0,False
CUST10846,Karak,Consumer,Hospitality,Facebook,Won,True,Active,Analytics Add-on,Spring Campaign,Social Media,Ahmad Saleh,2025-10-29,2025-12-31,63.0,88.0,4,9,8,28.2,6.0,330.27,True
CUST10847,Amman,Corporate,Technology,Facebook,Contacted,False,Active,CRM Enterprise,Year-End Campaign,Meeting,Ahmad Saleh,2023-01-28,2023-05-18,110.0,80.0,5,16,6,17.9,9.4,0.0,False
CUST10848,Salt,Small Business,Manufacturing,Facebook,Proposal,False,Prospect,CRM Professional,Spring Campaign,Social Media,Lina Haddad,2025-05-18,2025-11-24,190.0,35.0,6,9,3,10.6,7.1,148.54,True
CUST10849,Irbid,Corporate,Healthcare,Website,Contacted,False,Prospect,CRM Enterprise,Summer Campaign,Phone,Lina Haddad,2023-06-07,2024-03-21,288.0,48.0,4,10,4,5.7,5.9,0.0,False
CUST10850,Amman,Enterprise,Finance,Instagram,Won,True,Active,CRM Basic,No Campaign,Social Media,Lina Haddad,2024-08-31,2025-05-09,251.0,82.0,7,9,1,3.8,6.6,1727.34,True
CUST10851,Amman,Consumer,Finance,Website,Lost,False,Active,CRM Professional,Back-to-School,Email,Ahmad Saleh,2025-07-25,2025-12-31,159.0,43.0,6,9,1,15.0,10.0,0.0,False
CUST10852,Aqaba,Consumer,Hospitality,LinkedIn,Qualified,False,Active,CRM Professional,Year-End Campaign,Phone,Lina Haddad,2025-08-13,2025-12-31,140.0,56.0,5,4,3,20.0,10.0,0.0,False
CUST10853,Irbid,Consumer,Retail,Website,Won,True,Active,CRM Basic,Spring Campaign,Email,Yara Odeh,2025-10-17,2025-12-31,75.0,58.0,2,10,4,1.0,5.7,200.55,True
CUST10854,Karak,Consumer,Technology,LinkedIn,Qualified,False,Active,Analytics Add-on,Q1 Acquisition,WhatsApp,Lina Haddad,2023-07-06,2024-01-23,201.0,68.0,7,12,5,5.7,7.4,0.0,False
CUST10855,Irbid,Corporate,Healthcare,Instagram,Qualified,False,Active,CRM Enterprise,Summer Campaign,Email,Samer Khalil,2023-06-19,2024-03-30,285.0,45.0,6,8,6,12.0,7.2,0.0,False
CUST10856,Jerash,Corporate,Manufacturing,Trade Show,Lost,False,Active,CRM Basic,No Campaign,WhatsApp,Yara Odeh,2025-05-24,2025-12-31,221.0,31.0,8,10,2,9.8,,0.0,False
CUST10857,Jerash,Consumer,Education,Website,Qualified,False,Active,CRM Basic,Spring Campaign,Email,Yara Odeh,2023-05-24,2023-08-27,95.0,22.0,2,7,5,10.9,8.0,0.0,False
CUST10858,Aqaba,Consumer,Technology,Google Ads,Qualified,False,Inactive,CRM Basic,Year-End Campaign,WhatsApp,Samer Khalil,2024-03-27,2024-12-30,278.0,32.0,6,13,3,17.0,6.6,0.0,False
CUST10859,Amman,Consumer,Technology,Unknown,Negotiation,False,Active,CRM Professional,No Campaign,WhatsApp,Ahmad Saleh,2024-02-05,2024-12-26,325.0,100.0,7,12,1,,7.7,82.3,True
CUST10860,Amman,Consumer,Healthcare,Cold Call,Contacted,False,Active,CRM Professional,No Campaign,Phone,Samer Khalil,2025-06-21,2025-12-31,193.0,52.0,7,9,2,16.6,10.0,0.0,False
CUST10861,Salt,Corporate,Hospitality,Website,Contacted,False,Active,CRM Basic,No Campaign,Website,Lina Haddad,2024-09-08,2024-12-06,89.0,65.0,3,13,3,1.5,7.2,0.0,False
CUST10862,Amman,Consumer,Manufacturing,LinkedIn,Lost,False,Prospect,CRM Enterprise,Referral Program,Website,Samer Khalil,2023-05-25,2023-08-05,72.0,27.0,6,6,3,15.8,,0.0,False
CUST10863,Salt,Corporate,Construction,Website,Negotiation,False,Active,CRM Professional,Q1 Acquisition,Phone,Yara Odeh,2023-01-15,,,34.0,5,7,0,1.4,9.3,856.81,True
CUST10864,Zarqa,Small Business,Construction,Unknown,Won,True,Active,CRM Professional,No Campaign,WhatsApp,Omar Mansour,2025-08-15,2025-12-22,129.0,67.0,2,12,5,6.4,8.9,1456.97,True
CUST10865,Irbid,Corporate,Hospitality,Instagram,Contacted,False,Active,Marketing Add-on,No Campaign,Website,Samer Khalil,2024-08-02,2025-03-02,212.0,12.0,4,11,4,4.4,8.2,0.0,False
CUST10866,Salt,Consumer,Hospitality,Facebook,Proposal,False,Prospect,CRM Basic,Year-End Campaign,Website,Ahmad Saleh,2023-02-06,2024-01-15,343.0,53.0,2,5,2,23.2,6.1,25.11,True
CUST10867,Jerash,Small Business,Retail,Website,Lost,False,Inactive,CRM Professional,Q1 Acquisition,Email,Lina Haddad,2024-12-27,2025-04-02,96.0,68.0,2,8,6,3.5,8.3,0.0,False
CUST10868,Irbid,Small Business,Hospitality,Email Campaign,Contacted,False,Inactive,CRM Professional,Back-to-School,Social Media,Yara Odeh,2023-04-24,2023-07-08,75.0,48.0,2,7,3,13.0,6.4,0.0,False
CUST10869,Jerash,Corporate,Manufacturing,Cold Call,Contacted,False,Active,CRM Basic,Spring Campaign,Phone,Yara Odeh,2023-05-09,2023-07-02,54.0,79.0,6,7,1,16.7,,0.0,False
CUST10870,Zarqa,Consumer,Retail,Email Campaign,Qualified,False,Inactive,CRM Basic,Back-to-School,Social Media,Lina Haddad,2025-12-30,2025-12-31,1.0,71.0,3,6,4,19.4,9.0,0.0,False
CUST10871,Jerash,Consumer,Construction,Trade Show,Qualified,False,Inactive,CRM Professional,Referral Program,WhatsApp,Ahmad Saleh,2023-06-25,2023-08-18,54.0,81.0,3,6,6,13.0,5.1,0.0,False
CUST10872,Aqaba,Small Business,Unknown,Trade Show,New Lead,False,Active,Analytics Add-on,Year-End Campaign,Email,Samer Khalil,2025-05-20,2025-12-24,218.0,35.0,3,9,3,4.3,5.8,0.0,False
CUST10873,Jerash,Consumer,Education,Facebook,Won,True,Prospect,Analytics Add-on,Referral Program,Website,Lina Haddad,2025-12-22,2025-12-31,9.0,52.0,12,9,4,6.5,8.6,179.38,True
CUST10874,Jerash,Consumer,Education,Facebook,Lost,False,Active,CRM Enterprise,Back-to-School,Meeting,Lina Haddad,2023-09-23,2023-12-31,99.0,25.0,6,9,3,,4.7,0.0,False
CUST10875,Madaba,Enterprise,Construction,Trade Show,Proposal,False,Active,CRM Professional,Back-to-School,Email,Omar Mansour,2025-06-03,2025-06-23,20.0,92.0,5,6,2,23.6,6.7,949.15,True
CUST10876,Jerash,Consumer,Healthcare,Website,Won,True,Prospect,CRM Professional,No Campaign,Phone,Ahmad Saleh,2025-02-23,2025-04-10,46.0,84.0,5,2,3,16.3,6.4,236.0,True
CUST10877,Karak,Consumer,Construction,Referral,Won,True,Inactive,CRM Basic,Year-End Campaign,WhatsApp,Yara Odeh,2025-05-13,,,53.0,9,4,3,,4.4,208.75,True
CUST10878,Amman,Consumer,Manufacturing,Website,Negotiation,False,Active,CRM Basic,Referral Program,Email,Yara Odeh,2024-05-09,2024-07-06,58.0,86.0,5,6,4,11.7,,83.87,True
CUST10879,Karak,Small Business,Hospitality,Cold Call,New Lead,False,Active,CRM Professional,Year-End Campaign,Email,Samer Khalil,2023-01-01,2023-04-22,111.0,9.0,7,10,4,9.1,,0.0,False
CUST10880,Karak,Consumer,Retail,Trade Show,New Lead,False,Prospect,CRM Professional,Year-End Campaign,Email,Samer Khalil,2023-03-29,2023-08-05,129.0,49.0,3,5,1,14.3,7.3,0.0,False
CUST10881,Jerash,Small Business,Healthcare,Email Campaign,New Lead,False,Active,CRM Basic,No Campaign,Website,Lina Haddad,2023-09-28,2024-08-30,337.0,35.0,5,8,3,9.7,5.9,0.0,False
CUST10882,Irbid,Consumer,Unknown,Facebook,New Lead,False,Active,CRM Basic,Summer Campaign,WhatsApp,Dana Nasser,2023-05-02,2023-11-12,194.0,54.0,7,8,4,2.0,6.2,0.0,False
CUST10883,Madaba,Consumer,Technology,Email Campaign,Contacted,False,Active,CRM Basic,Back-to-School,Website,Omar Mansour,2024-02-08,2025-01-13,340.0,45.0,5,12,4,7.9,7.8,0.0,False
CUST10884,Salt,Corporate,Finance,Trade Show,Qualified,False,Prospect,CRM Professional,Summer Campaign,Email,Omar Mansour,2025-10-01,2025-12-31,91.0,75.0,5,6,7,12.3,6.2,0.0,False
CUST10885,Karak,Consumer,Finance,Instagram,Contacted,False,Prospect,CRM Professional,Referral Program,Website,Omar Mansour,2023-02-04,2023-02-12,8.0,19.0,4,10,4,10.1,6.2,0.0,False
CUST10886,Irbid,Enterprise,Retail,Trade Show,New Lead,False,Active,CRM Basic,No Campaign,Website,Yara Odeh,2024-08-03,2024-09-01,29.0,47.0,6,11,6,11.0,6.9,0.0,False
CUST10887,Karak,Consumer,Healthcare,Google Ads,Proposal,False,Active,CRM Basic,Summer Campaign,Phone,Lina Haddad,2023-02-12,,,58.0,5,5,6,24.4,7.2,11.26,True
CUST10888,Irbid,Consumer,Construction,Cold Call,Contacted,False,Active,CRM Basic,Q1 Acquisition,Social Media,Ahmad Saleh,2024-10-29,2025-04-08,161.0,57.0,4,6,4,2.5,5.9,0.0,False
CUST10889,Jerash,Consumer,Education,Google Ads,Won,True,Active,CRM Basic,Back-to-School,Social Media,Ahmad Saleh,2024-05-07,2024-09-15,131.0,74.0,6,9,3,3.2,6.0,154.47,True
CUST10890,Jerash,Consumer,Manufacturing,Email Campaign,New Lead,False,Prospect,CRM Professional,No Campaign,Phone,Omar Mansour,2024-05-31,,,22.0,9,7,2,37.2,8.1,0.0,False
CUST10891,Madaba,Enterprise,Retail,Instagram,Won,True,Active,CRM Basic,Spring Campaign,Phone,Yara Odeh,2023-03-09,2023-08-19,163.0,78.0,5,4,4,20.7,5.1,2676.45,True
CUST10892,Madaba,Corporate,Retail,Cold Call,Lost,False,Active,CRM Enterprise,Back-to-School,Meeting,Dana Nasser,2024-07-06,2025-01-19,197.0,70.0,6,14,7,11.7,9.7,0.0,False
CUST10893,Karak,Consumer,Manufacturing,LinkedIn,Negotiation,False,Inactive,CRM Professional,Spring Campaign,Website,Yara Odeh,2025-08-14,2025-12-31,139.0,61.0,7,8,5,6.7,,129.98,True
CUST10894,Aqaba,Small Business,Construction,Unknown,Negotiation,False,Active,CRM Professional,No Campaign,Meeting,Dana Nasser,2025-07-16,2025-12-31,168.0,77.0,5,15,4,4.7,8.9,493.59,True
CUST10895,Jerash,Small Business,Hospitality,Google Ads,Lost,False,Active,CRM Basic,Unknown,Website,Samer Khalil,2023-04-24,2023-11-22,212.0,32.0,5,10,4,22.9,8.5,0.0,False
CUST10896,Madaba,Consumer,Education,Cold Call,Contacted,False,Active,CRM Basic,Year-End Campaign,WhatsApp,Dana Nasser,2025-09-24,2025-12-31,98.0,11.0,7,8,0,10.8,7.2,0.0,False
CUST10897,Irbid,Consumer,Unknown,Cold Call,Lost,False,Inactive,CRM Basic,Q1 Acquisition,Social Media,Omar Mansour,2023-03-14,2023-12-15,276.0,,2,4,3,15.6,8.0,0.0,False
CUST10898,Zarqa,Enterprise,Technology,Google Ads,Won,True,Active,Marketing Add-on,Year-End Campaign,Website,Samer Khalil,2024-04-21,2024-07-03,73.0,100.0,14,5,2,,,2215.3,True
CUST10899,Karak,Enterprise,Education,Instagram,Negotiation,False,Active,Analytics Add-on,Summer Campaign,WhatsApp,Omar Mansour,2025-01-15,2025-07-01,167.0,46.0,3,5,4,0.5,7.1,639.22,True
CUST10900,Salt,Enterprise,Technology,Instagram,Qualified,False,Active,CRM Basic,Back-to-School,Meeting,Yara Odeh,2023-07-23,2024-04-08,260.0,79.0,3,7,5,1.4,6.2,0.0,False
CUST10901,Madaba,Corporate,Finance,Facebook,Proposal,False,Prospect,CRM Enterprise,Back-to-School,Social Media,Yara Odeh,2024-12-20,2025-08-20,243.0,20.0,7,7,5,7.7,8.8,812.92,True
CUST10902,Madaba,Small Business,Manufacturing,Website,Proposal,False,Active,CRM Basic,Year-End Campaign,WhatsApp,Ahmad Saleh,2025-02-10,2025-11-12,275.0,66.0,5,6,2,48.5,6.0,85.8,True
CUST10903,Jerash,Consumer,Education,Email Campaign,Proposal,False,Prospect,CRM Basic,No Campaign,WhatsApp,Omar Mansour,2023-09-17,2023-12-28,102.0,39.0,3,7,4,7.6,7.1,14.26,True
CUST10904,Jerash,Consumer,Hospitality,Email Campaign,Negotiation,False,Inactive,CRM Enterprise,Summer Campaign,Phone,Samer Khalil,2024-07-18,2025-01-07,173.0,82.0,6,12,3,12.8,8.4,309.44,True
CUST10905,Salt,Consumer,Education,Google Ads,New Lead,False,Prospect,CRM Basic,Spring Campaign,Email,Omar Mansour,2024-01-29,2024-07-18,171.0,29.0,10,9,5,12.2,6.6,0.0,False
CUST10906,Madaba,Small Business,Healthcare,Email Campaign,Qualified,False,Active,CRM Professional,Referral Program,Email,Lina Haddad,2024-06-22,2024-11-10,141.0,48.0,3,7,2,3.6,7.9,0.0,False
CUST10907,Karak,Corporate,Healthcare,Email Campaign,Qualified,False,Active,CRM Enterprise,Referral Program,Email,Yara Odeh,2025-12-14,2025-12-31,17.0,37.0,5,7,3,5.3,6.0,0.0,False
CUST10908,Aqaba,Corporate,Manufacturing,Website,Contacted,False,Active,CRM Professional,Spring Campaign,WhatsApp,Samer Khalil,2023-10-19,2024-01-13,86.0,7.0,4,7,3,15.5,6.8,,False
CUST10909,Madaba,Enterprise,Hospitality,Cold Call,Contacted,False,Active,Marketing Add-on,Q1 Acquisition,Website,Dana Nasser,2025-06-17,2025-08-08,52.0,44.0,4,7,2,8.3,7.6,0.0,False
CUST10910,Unknown,Corporate,Education,Cold Call,New Lead,False,Prospect,Analytics Add-on,Year-End Campaign,Meeting,Ahmad Saleh,2023-04-08,2023-07-28,111.0,26.0,5,9,9,6.4,5.6,0.0,False
CUST10911,Irbid,Enterprise,Construction,Trade Show,Qualified,False,Active,Analytics Add-on,Q1 Acquisition,Email,Dana Nasser,2023-05-09,2024-04-15,342.0,52.0,1,13,1,3.6,4.7,0.0,False
CUST10912,Aqaba,Consumer,Finance,Cold Call,Qualified,False,Active,CRM Professional,No Campaign,Website,Omar Mansour,2023-07-07,2023-08-19,43.0,53.0,6,9,6,5.0,6.9,0.0,False
CUST10913,Aqaba,Corporate,Hospitality,Google Ads,New Lead,False,Active,CRM Basic,Year-End Campaign,Social Media,Dana Nasser,2023-05-06,2023-12-03,211.0,23.0,2,14,3,24.8,6.8,0.0,False
CUST10914,Aqaba,Small Business,Retail,LinkedIn,Lost,False,Inactive,CRM Enterprise,No Campaign,Meeting,Samer Khalil,2025-08-19,2025-12-31,134.0,47.0,4,5,5,,7.6,0.0,False
CUST10915,Jerash,Consumer,Manufacturing,Trade Show,Won,True,Active,Marketing Add-on,Referral Program,Meeting,Lina Haddad,2025-11-05,2025-12-31,56.0,76.0,13,8,0,7.7,7.2,104.1,True
CUST10916,Salt,Enterprise,Construction,Website,Negotiation,False,Active,CRM Professional,Year-End Campaign,Email,Dana Nasser,2024-11-17,2025-10-29,346.0,90.0,9,6,1,20.6,7.3,2125.06,True
CUST10917,Madaba,Corporate,Hospitality,Unknown,Contacted,False,Active,Marketing Add-on,Back-to-School,WhatsApp,Omar Mansour,2024-02-16,2024-10-13,240.0,98.0,4,4,3,2.7,8.0,0.0,False
CUST10918,Aqaba,Consumer,Manufacturing,Instagram,Proposal,False,Inactive,CRM Basic,Back-to-School,Phone,Dana Nasser,2024-09-05,2024-12-29,115.0,72.0,1,6,4,1.1,6.0,15.73,True
CUST10919,Amman,Consumer,Hospitality,Website,Proposal,False,Active,CRM Professional,Referral Program,WhatsApp,Dana Nasser,2025-06-02,2025-06-28,26.0,89.0,6,11,5,6.5,7.1,41.7,True
CUST10920,Salt,Small Business,Healthcare,Facebook,Lost,False,Active,CRM Basic,Year-End Campaign,Meeting,Samer Khalil,2025-06-06,2025-12-31,208.0,48.0,8,11,4,5.0,8.0,0.0,False
CUST10921,Amman,Small Business,Finance,Email Campaign,Negotiation,False,Active,CRM Professional,Spring Campaign,Website,Omar Mansour,2024-08-20,2024-11-05,77.0,82.0,7,6,3,6.8,,421.52,True
CUST10922,Amman,Enterprise,Manufacturing,Referral,Proposal,False,Prospect,Analytics Add-on,Year-End Campaign,Social Media,Omar Mansour,2025-07-07,2025-11-21,137.0,60.0,5,10,3,3.8,7.9,673.42,True
CUST10923,Jerash,Consumer,Finance,Unknown,Won,True,Active,CRM Professional,Summer Campaign,Meeting,Lina Haddad,2024-01-10,2024-01-30,20.0,78.0,7,9,3,5.7,5.9,315.96,True
CUST10924,Zarqa,Consumer,Manufacturing,Trade Show,New Lead,False,Inactive,Marketing Add-on,Q1 Acquisition,WhatsApp,Samer Khalil,2024-02-04,2024-09-02,211.0,100.0,6,2,9,3.8,8.5,0.0,False
CUST10925,Jerash,Consumer,Healthcare,Google Ads,New Lead,False,Inactive,CRM Professional,Summer Campaign,Meeting,Yara Odeh,2023-11-24,2024-07-21,240.0,68.0,6,4,8,1.2,5.7,0.0,False
CUST10926,Jerash,Consumer,Retail,Instagram,Negotiation,False,Active,CRM Professional,Spring Campaign,Phone,Samer Khalil,2025-12-10,2025-12-31,21.0,92.0,6,6,3,8.1,8.5,138.69,True
CUST10927,Zarqa,Consumer,Construction,Facebook,New Lead,False,Active,Analytics Add-on,No Campaign,Phone,Ahmad Saleh,2025-08-05,2025-12-31,148.0,45.0,6,10,4,6.7,6.4,0.0,False
CUST10928,Zarqa,Enterprise,Healthcare,Google Ads,New Lead,False,Active,CRM Basic,Unknown,Social Media,Lina Haddad,2023-08-09,2024-03-03,207.0,19.0,4,3,5,0.9,8.9,0.0,False
CUST10929,Madaba,Consumer,Manufacturing,Referral,Negotiation,False,Active,Analytics Add-on,Summer Campaign,Email,Lina Haddad,2023-12-18,2024-09-10,267.0,69.0,7,9,6,10.8,4.5,43.73,True
CUST10930,Jerash,Consumer,Finance,Trade Show,Contacted,False,Active,CRM Basic,Referral Program,WhatsApp,Omar Mansour,2023-07-11,2023-12-12,154.0,69.0,8,7,3,6.0,6.7,0.0,False
CUST10931,Zarqa,Consumer,Technology,Website,Proposal,False,Active,CRM Professional,No Campaign,Meeting,Omar Mansour,2025-05-01,2025-06-12,42.0,100.0,4,7,3,,9.3,58.61,True
CUST10932,Madaba,Consumer,Healthcare,Instagram,Won,True,Active,CRM Enterprise,Summer Campaign,WhatsApp,Lina Haddad,2025-12-17,2025-12-28,11.0,82.0,3,13,4,19.3,7.7,883.87,True
CUST10933,Madaba,Corporate,Finance,Referral,Contacted,False,Active,Marketing Add-on,Year-End Campaign,Phone,Samer Khalil,2025-05-31,2025-12-31,214.0,75.0,1,6,4,18.1,7.1,0.0,False
CUST10934,Zarqa,Small Business,Hospitality,Facebook,Contacted,False,Inactive,CRM Professional,Summer Campaign,Website,Ahmad Saleh,2025-10-10,2025-12-31,82.0,53.0,6,9,6,25.2,8.2,0.0,False
CUST10935,Irbid,Corporate,Hospitality,Instagram,New Lead,False,Inactive,CRM Enterprise,Spring Campaign,WhatsApp,Omar Mansour,2025-06-25,2025-12-31,189.0,66.0,2,9,2,4.2,9.6,0.0,False
CUST10936,Jerash,Consumer,Healthcare,LinkedIn,New Lead,False,Active,Analytics Add-on,Summer Campaign,Phone,Ahmad Saleh,2023-07-26,2024-03-12,230.0,1.0,3,11,5,29.4,10.0,0.0,False
CUST10937,Madaba,Consumer,Manufacturing,LinkedIn,New Lead,False,Active,CRM Basic,Year-End Campaign,Website,Lina Haddad,2024-04-15,2024-11-21,220.0,23.0,4,7,3,13.9,5.1,0.0,False
CUST10938,Jerash,Small Business,Hospitality,Trade Show,New Lead,False,Prospect,Analytics Add-on,Referral Program,Email,Samer Khalil,2024-11-08,2025-01-12,65.0,46.0,9,9,7,7.2,10.0,0.0,False
CUST10939,Zarqa,Consumer,Finance,Website,Qualified,False,Inactive,CRM Professional,Summer Campaign,Email,Ahmad Saleh,2025-06-28,2025-12-31,186.0,36.0,4,6,3,5.5,8.5,0.0,False
CUST10940,Karak,Corporate,Construction,Trade Show,Contacted,False,Prospect,CRM Basic,Q1 Acquisition,Phone,Yara Odeh,2025-12-10,,,58.0,5,8,1,8.2,8.1,0.0,False
CUST10941,Madaba,Consumer,Retail,Trade Show,Negotiation,False,Active,CRM Professional,Q1 Acquisition,Phone,Dana Nasser,2024-11-02,2025-09-26,328.0,74.0,4,5,7,10.8,7.6,115.58,True
CUST10942,Madaba,Small Business,Finance,Email Campaign,Won,True,Active,CRM Basic,No Campaign,Email,Lina Haddad,2023-02-05,2023-03-29,52.0,48.0,2,8,6,24.8,10.0,304.64,True
CUST10943,Amman,Consumer,Hospitality,Website,Won,True,Active,CRM Basic,Year-End Campaign,Phone,Samer Khalil,2024-07-08,2025-03-28,263.0,44.0,8,11,3,3.9,7.5,166.68,True
CUST10944,Amman,Small Business,Hospitality,Email Campaign,Proposal,False,Inactive,CRM Professional,Referral Program,Social Media,Lina Haddad,2025-12-17,2025-12-31,14.0,74.0,9,7,3,15.5,7.9,118.86,True
CUST10945,Madaba,Enterprise,Unknown,Google Ads,New Lead,False,Active,CRM Basic,Back-to-School,WhatsApp,Lina Haddad,2023-09-21,2024-09-14,359.0,17.0,9,12,2,18.1,6.5,0.0,False
CUST10946,Zarqa,Small Business,Technology,Referral,Negotiation,False,Active,CRM Enterprise,Back-to-School,Social Media,Ahmad Saleh,2023-08-16,2024-06-28,317.0,64.0,7,8,2,4.4,8.9,489.44,True
CUST10947,Amman,Small Business,Unknown,Referral,Qualified,False,Active,CRM Professional,Spring Campaign,Website,Ahmad Saleh,2023-11-11,2024-09-30,324.0,73.0,4,7,5,24.2,9.2,0.0,False
CUST10948,Irbid,Enterprise,Finance,Website,New Lead,False,Inactive,CRM Enterprise,Spring Campaign,Phone,Dana Nasser,2024-01-28,2024-06-30,154.0,38.0,4,10,7,12.9,9.7,0.0,False
CUST10949,Irbid,Small Business,Hospitality,Website,Won,True,Active,CRM Professional,Q1 Acquisition,Phone,Omar Mansour,2025-12-29,2025-12-31,2.0,72.0,9,6,3,10.0,6.9,663.84,True
CUST10950,Jerash,Consumer,Manufacturing,Google Ads,Contacted,False,Active,Analytics Add-on,No Campaign,Website,Dana Nasser,2024-12-28,2025-05-17,140.0,20.0,4,8,4,4.9,6.0,0.0,False
CUST10951,Salt,Consumer,Healthcare,Referral,Contacted,False,Prospect,CRM Basic,No Campaign,WhatsApp,Yara Odeh,2023-07-26,2023-09-15,51.0,80.0,11,5,6,4.3,,0.0,False
CUST10952,Irbid,Corporate,Healthcare,Google Ads,Won,True,Inactive,CRM Professional,Year-End Campaign,Email,Samer Khalil,2024-09-08,2025-01-03,117.0,96.0,8,9,6,11.3,7.8,3615.8,True
CUST10953,Jerash,Corporate,Finance,Facebook,Won,True,Active,CRM Basic,Spring Campaign,Social Media,Samer Khalil,2024-02-20,2024-04-06,46.0,67.0,4,12,2,4.7,7.3,644.73,True
CUST10954,Irbid,Consumer,Education,LinkedIn,Contacted,False,Prospect,CRM Professional,Summer Campaign,WhatsApp,Lina Haddad,2023-07-08,2024-05-12,309.0,32.0,5,7,4,19.2,7.4,0.0,False
CUST10955,Jerash,Consumer,Hospitality,Trade Show,Qualified,False,Active,CRM Professional,Summer Campaign,Email,Ahmad Saleh,2024-03-28,2024-06-24,88.0,49.0,5,8,2,12.2,5.3,0.0,False
CUST10956,Karak,Enterprise,Finance,Instagram,Proposal,False,Active,Analytics Add-on,Back-to-School,Email,Lina Haddad,2024-01-27,2024-08-22,208.0,47.0,6,9,0,1.6,7.0,769.62,True
CUST10957,Zarqa,Consumer,Retail,Email Campaign,Negotiation,False,Prospect,Marketing Add-on,Back-to-School,Phone,Omar Mansour,2025-08-26,2025-12-31,127.0,67.0,2,8,0,5.2,5.5,94.58,True
CUST10958,Madaba,Consumer,Education,Cold Call,New Lead,False,Active,CRM Enterprise,No Campaign,Website,Lina Haddad,2025-05-23,2025-08-20,89.0,62.0,7,6,2,20.5,5.8,0.0,False
CUST10959,Aqaba,Consumer,Hospitality,Instagram,Proposal,False,Active,CRM Basic,Referral Program,Meeting,Yara Odeh,2024-07-09,2024-11-04,118.0,87.0,6,1,4,3.7,5.4,43.44,True
CUST10960,Karak,Corporate,Hospitality,Website,Lost,False,Active,CRM Basic,Q1 Acquisition,Phone,Samer Khalil,2025-08-11,2025-10-04,54.0,65.0,2,9,8,14.6,7.9,0.0,False
CUST10961,Aqaba,Consumer,Manufacturing,Facebook,Contacted,False,Active,Marketing Add-on,Summer Campaign,Meeting,Yara Odeh,2024-08-19,2024-12-13,116.0,24.0,5,8,7,4.2,6.9,0.0,False
CUST10962,Amman,Small Business,Finance,Cold Call,Won,True,Active,CRM Professional,Q1 Acquisition,Website,Samer Khalil,2024-01-14,2024-05-11,118.0,59.0,3,7,2,16.2,8.6,728.4,True
CUST10963,Jerash,Consumer,Hospitality,Cold Call,Lost,False,Active,Marketing Add-on,Spring Campaign,Phone,Yara Odeh,2025-05-19,2025-12-31,226.0,64.0,2,6,2,12.5,3.5,0.0,False
CUST10964,Salt,Small Business,Manufacturing,Website,Contacted,False,Active,CRM Professional,No Campaign,Social Media,Dana Nasser,2025-11-14,2025-12-31,47.0,59.0,7,7,3,19.7,8.0,0.0,False
CUST10965,Zarqa,Corporate,Hospitality,Cold Call,Negotiation,False,Inactive,Marketing Add-on,Referral Program,Phone,Yara Odeh,2025-09-07,2025-12-31,115.0,64.0,3,11,2,10.1,7.6,841.91,True
CUST10966,Jerash,Consumer,Technology,Email Campaign,Contacted,False,Active,Marketing Add-on,Q1 Acquisition,Social Media,Lina Haddad,2025-04-18,2025-04-25,7.0,64.0,3,13,3,14.3,8.2,0.0,False
CUST10967,Karak,Small Business,Education,Email Campaign,Negotiation,False,Active,CRM Enterprise,Summer Campaign,Meeting,Ahmad Saleh,2025-06-02,2025-10-02,122.0,83.0,0,11,5,17.5,7.8,1060.19,True
CUST10968,Jerash,Consumer,Finance,Cold Call,Won,True,Active,CRM Basic,Back-to-School,WhatsApp,Omar Mansour,2024-01-02,2024-01-13,11.0,49.0,7,8,1,7.2,8.3,90.36,True
CUST10969,Karak,Consumer,Technology,Cold Call,Contacted,False,Prospect,CRM Professional,Year-End Campaign,WhatsApp,Omar Mansour,2025-07-20,2025-12-31,164.0,5.0,6,3,5,16.6,,0.0,False
CUST10970,Karak,Corporate,Finance,Website,Negotiation,False,Inactive,Marketing Add-on,Back-to-School,Meeting,Yara Odeh,2023-10-31,2024-06-02,215.0,73.0,6,9,5,7.7,9.5,567.93,True
CUST10971,Unknown,Consumer,Retail,Referral,Won,True,Prospect,Marketing Add-on,Q1 Acquisition,Meeting,Ahmad Saleh,2024-09-07,2025-06-13,279.0,37.0,4,8,7,18.0,9.3,174.45,True
CUST10972,Aqaba,Corporate,Healthcare,Google Ads,Qualified,False,Active,CRM Basic,Back-to-School,Phone,Omar Mansour,2024-02-09,2024-03-08,28.0,82.0,5,7,5,,7.8,0.0,False
CUST10973,Karak,Consumer,Construction,Google Ads,Contacted,False,Active,CRM Professional,Q1 Acquisition,WhatsApp,Yara Odeh,2023-03-08,2023-10-29,235.0,,3,14,3,6.1,8.8,0.0,False
CUST10974,Zarqa,Consumer,Manufacturing,Instagram,New Lead,False,Active,Analytics Add-on,Back-to-School,Email,Yara Odeh,2023-01-07,2023-11-16,313.0,33.0,10,6,6,3.0,5.2,0.0,False
CUST10975,Irbid,Consumer,Finance,Instagram,Proposal,False,Active,CRM Professional,Spring Campaign,Social Media,Ahmad Saleh,2025-10-19,2025-11-14,26.0,42.0,2,10,4,5.0,7.9,28.55,True
CUST10976,Jerash,Small Business,Education,Cold Call,Lost,False,Active,Analytics Add-on,Q1 Acquisition,Meeting,Ahmad Saleh,2025-04-13,2025-06-06,54.0,26.0,2,7,3,,8.0,0.0,False
CUST10977,Jerash,Consumer,Finance,LinkedIn,Won,True,Prospect,Analytics Add-on,Spring Campaign,Website,Dana Nasser,2024-04-13,,,19.0,3,7,2,12.6,7.6,110.06,True
CUST10978,Amman,Corporate,Finance,Email Campaign,Qualified,False,Active,Marketing Add-on,Q1 Acquisition,Social Media,Yara Odeh,2025-05-12,2025-12-31,233.0,88.0,10,9,7,26.5,8.6,0.0,False
CUST10979,Zarqa,Consumer,Finance,Trade Show,Proposal,False,Prospect,CRM Basic,Spring Campaign,Phone,Lina Haddad,2023-02-13,2023-07-27,164.0,71.0,5,6,4,31.1,6.8,21.21,True
CUST10980,Zarqa,Consumer,Construction,Facebook,Contacted,False,Active,CRM Basic,No Campaign,WhatsApp,Samer Khalil,2025-05-28,2025-12-31,217.0,,6,3,3,14.4,5.0,0.0,False
CUST10981,Salt,Corporate,Hospitality,Facebook,Contacted,False,Prospect,CRM Basic,Summer Campaign,WhatsApp,Samer Khalil,2025-11-20,2025-12-31,41.0,,5,6,3,4.8,9.1,0.0,False
CUST10982,Salt,Corporate,Finance,Email Campaign,Qualified,False,Active,Marketing Add-on,Back-to-School,Email,Yara Odeh,2024-12-08,2025-01-12,35.0,41.0,8,10,1,13.6,7.5,0.0,False
CUST10983,Jerash,Consumer,Hospitality,Instagram,Qualified,False,Prospect,CRM Professional,Back-to-School,WhatsApp,Lina Haddad,2024-05-04,2025-02-14,286.0,56.0,7,11,7,12.9,5.3,0.0,False
CUST10984,Aqaba,Small Business,Education,Website,Proposal,False,Active,CRM Basic,Spring Campaign,Phone,Omar Mansour,2023-08-19,2024-08-01,348.0,53.0,0,6,1,24.2,8.0,79.85,True
CUST10985,Salt,Consumer,Education,Facebook,Lost,False,Prospect,CRM Professional,Back-to-School,Phone,Ahmad Saleh,2024-11-18,2025-08-18,273.0,87.0,9,7,2,10.4,7.4,0.0,False
CUST10986,Irbid,Corporate,Finance,Cold Call,Proposal,False,Active,CRM Professional,No Campaign,Website,Samer Khalil,2023-05-15,2023-12-09,208.0,61.0,5,6,5,3.2,6.9,270.27,True
CUST10987,Zarqa,Corporate,Hospitality,LinkedIn,Proposal,False,Active,Analytics Add-on,Q1 Acquisition,Social Media,Dana Nasser,2024-05-23,2025-01-16,238.0,71.0,6,7,2,10.4,7.2,482.0,True
CUST10988,Irbid,Corporate,Healthcare,Facebook,New Lead,False,Active,CRM Enterprise,Unknown,Social Media,Omar Mansour,2023-04-04,2023-07-06,93.0,72.0,5,7,6,2.0,6.0,0.0,False
CUST10989,Irbid,Corporate,Finance,Google Ads,Lost,False,Active,CRM Enterprise,No Campaign,Social Media,Dana Nasser,2023-08-08,2024-01-28,173.0,67.0,5,8,3,7.1,6.7,0.0,False
CUST10990,Unknown,Consumer,Manufacturing,LinkedIn,Won,True,Inactive,CRM Basic,No Campaign,Website,Samer Khalil,2023-05-21,2023-08-08,79.0,47.0,2,7,5,34.5,6.2,161.73,True
CUST10991,Zarqa,Corporate,Unknown,LinkedIn,Won,True,Prospect,Marketing Add-on,Spring Campaign,Website,Lina Haddad,2024-09-06,2024-12-25,110.0,74.0,5,6,5,10.3,9.4,1064.45,True
CUST10992,Zarqa,Small Business,Education,Facebook,Qualified,False,Active,CRM Basic,Back-to-School,Website,Lina Haddad,2023-10-05,2024-05-09,217.0,59.0,4,13,6,13.4,6.4,0.0,False
CUST10993,Aqaba,Consumer,Construction,Website,Qualified,False,Inactive,CRM Enterprise,Year-End Campaign,Email,Dana Nasser,2024-10-10,2025-10-03,358.0,63.0,2,8,4,8.8,9.3,0.0,False
CUST10994,Aqaba,Consumer,Manufacturing,Website,Proposal,False,Active,CRM Basic,Q1 Acquisition,Website,Yara Odeh,2023-09-12,2023-12-27,106.0,73.0,6,8,6,21.4,6.9,17.98,True
CUST10995,Amman,Enterprise,Manufacturing,Instagram,Contacted,False,Inactive,CRM Basic,Unknown,WhatsApp,Omar Mansour,2024-10-05,2024-11-21,47.0,32.0,6,4,4,22.8,7.2,0.0,False
CUST10996,Jerash,Corporate,Retail,Email Campaign,Negotiation,False,Active,CRM Basic,No Campaign,Meeting,Samer Khalil,2023-12-13,2024-06-11,181.0,100.0,5,6,2,17.5,6.3,250.09,True
CUST10997,Jerash,Consumer,Finance,Cold Call,Won,True,Prospect,CRM Professional,No Campaign,Email,Ahmad Saleh,2025-06-19,2025-08-22,64.0,89.0,3,6,3,1.8,6.5,357.87,True
CUST10998,Aqaba,Corporate,Finance,Trade Show,Contacted,False,Active,CRM Enterprise,Spring Campaign,WhatsApp,Lina Haddad,2023-04-23,2023-12-25,246.0,63.0,4,6,3,25.7,8.3,0.0,False
CUST10999,Jerash,Corporate,Finance,Unknown,New Lead,False,Inactive,CRM Basic,Spring Campaign,Social Media,Dana Nasser,2024-08-25,2025-04-26,244.0,67.0,4,9,7,4.7,6.9,0.0,False
CUST11000,Zarqa,Consumer,Finance,Trade Show,Negotiation,False,Active,CRM Professional,Spring Campaign,Phone,Samer Khalil,2023-02-11,2023-12-28,320.0,79.0,4,3,5,,9.3,103.95,True
CUST11001,Amman,Consumer,Technology,Google Ads,Contacted,False,Active,Analytics Add-on,Q1 Acquisition,Social Media,Omar Mansour,2025-05-20,2025-08-15,87.0,46.0,5,10,6,17.3,8.4,0.0,False
CUST11002,Karak,Corporate,Finance,Website,Proposal,False,Active,CRM Basic,Back-to-School,Website,Yara Odeh,2023-07-30,2024-03-03,217.0,60.0,5,7,3,10.8,10.0,160.98,True
CUST11003,Salt,Consumer,Construction,Instagram,Negotiation,False,Active,CRM Basic,Referral Program,Phone,Ahmad Saleh,2023-07-18,2023-07-25,7.0,68.0,6,9,1,9.4,5.1,71.35,True
CUST11004,Amman,Consumer,Hospitality,Google Ads,Contacted,False,Active,CRM Professional,Referral Program,Social Media,Ahmad Saleh,2025-10-01,2025-12-31,91.0,,3,9,5,19.2,9.1,0.0,False
CUST11005,Amman,Corporate,Education,Trade Show,Won,True,Active,Analytics Add-on,No Campaign,Email,Yara Odeh,2023-05-22,,,42.0,7,6,4,12.6,10.0,813.89,True
CUST11006,Aqaba,Enterprise,Hospitality,LinkedIn,Proposal,False,Prospect,CRM Basic,Summer Campaign,Website,Lina Haddad,2024-08-18,2025-03-16,210.0,55.0,4,8,7,3.7,6.1,287.99,True
CUST11007,Jerash,Small Business,Construction,Email Campaign,Won,True,Active,Marketing Add-on,Year-End Campaign,Social Media,Ahmad Saleh,2025-04-17,2025-10-03,169.0,58.0,5,5,4,5.8,6.9,602.39,True
CUST11008,Zarqa,Corporate,Education,LinkedIn,Won,True,Prospect,CRM Professional,Referral Program,Phone,Samer Khalil,2023-01-14,2023-12-10,330.0,39.0,4,6,2,7.1,6.1,2820.56,True
CUST11009,Irbid,Consumer,Technology,Trade Show,Won,True,Active,CRM Professional,No Campaign,WhatsApp,Lina Haddad,2025-01-04,2025-05-22,138.0,83.0,4,5,6,3.5,8.7,415.39,True
CUST11010,Irbid,Consumer,Finance,Facebook,New Lead,False,Active,CRM Basic,No Campaign,Social Media,Lina Haddad,2025-02-06,2025-12-09,306.0,,3,8,3,4.2,6.6,0.0,False
CUST11011,Jerash,Small Business,Unknown,Email Campaign,Contacted,False,Active,CRM Enterprise,Back-to-School,Email,Lina Haddad,2024-11-27,2025-07-15,230.0,33.0,1,7,2,10.0,8.6,0.0,False
CUST11012,Salt,Consumer,Hospitality,Instagram,New Lead,False,Active,CRM Basic,No Campaign,Phone,Yara Odeh,2023-01-25,2023-11-29,308.0,34.0,2,9,4,10.6,7.0,0.0,False
CUST11013,Salt,Corporate,Finance,LinkedIn,Qualified,False,Active,CRM Enterprise,Back-to-School,Social Media,Samer Khalil,2024-12-03,2025-05-13,161.0,71.0,4,4,3,10.4,6.5,0.0,False
CUST11014,Salt,Consumer,Education,Facebook,Won,True,Active,CRM Basic,No Campaign,WhatsApp,Dana Nasser,2025-06-28,2025-06-29,1.0,74.0,3,7,1,6.7,9.1,94.07,True
CUST11015,Salt,Consumer,Hospitality,Google Ads,Qualified,False,Active,CRM Professional,Referral Program,Website,Ahmad Saleh,2024-01-04,2024-08-27,236.0,57.0,3,9,8,1.1,7.9,0.0,False
CUST11016,Jerash,Consumer,Retail,Google Ads,Won,True,Inactive,Analytics Add-on,Spring Campaign,Website,Ahmad Saleh,2024-09-19,2025-03-26,188.0,75.0,3,7,3,3.1,6.1,256.09,True
CUST11017,Karak,Enterprise,Manufacturing,Website,Contacted,False,Active,CRM Enterprise,No Campaign,Website,Dana Nasser,2024-02-03,2024-02-07,4.0,62.0,4,10,4,8.4,7.0,0.0,False
CUST11018,Amman,Consumer,Retail,Unknown,Contacted,False,Active,CRM Basic,Spring Campaign,Meeting,Lina Haddad,2023-04-14,2023-08-24,132.0,50.0,4,8,3,11.8,7.3,0.0,False
CUST11019,Salt,Consumer,Healthcare,Website,Won,True,Prospect,CRM Enterprise,No Campaign,Phone,Omar Mansour,2025-04-22,2025-11-26,218.0,73.0,7,4,5,2.1,,367.49,True
CUST11020,Jerash,Consumer,Finance,Email Campaign,Qualified,False,Inactive,CRM Enterprise,Year-End Campaign,Meeting,Samer Khalil,2024-03-20,2024-12-05,260.0,51.0,3,8,4,13.1,7.9,0.0,False
CUST11021,Irbid,Corporate,Technology,Cold Call,Won,True,Active,CRM Basic,Year-End Campaign,WhatsApp,Lina Haddad,2024-03-11,2024-03-12,1.0,63.0,5,7,4,9.0,10.0,1018.72,True
CUST11022,Jerash,Consumer,Finance,Unknown,Contacted,False,Prospect,CRM Professional,Q1 Acquisition,WhatsApp,Lina Haddad,2023-03-22,2023-06-01,71.0,62.0,2,14,5,2.0,7.6,0.0,False
CUST11023,Aqaba,Consumer,Healthcare,Trade Show,Lost,False,Prospect,CRM Basic,Q1 Acquisition,Social Media,Lina Haddad,2025-01-19,2025-07-16,178.0,56.0,3,5,3,8.2,6.2,0.0,False
CUST11024,Amman,Consumer,Healthcare,Google Ads,Proposal,False,Active,CRM Professional,No Campaign,Website,Ahmad Saleh,2023-07-03,2024-01-08,189.0,67.0,6,4,4,6.4,5.3,39.12,True
CUST11025,Karak,Corporate,Manufacturing,Trade Show,Negotiation,False,Active,Analytics Add-on,Summer Campaign,Phone,Yara Odeh,2023-04-20,2024-02-05,291.0,92.0,6,9,6,27.5,6.3,1000.4,True
CUST11026,Karak,Consumer,Unknown,LinkedIn,New Lead,False,Prospect,CRM Basic,No Campaign,Meeting,Yara Odeh,2025-05-17,2025-05-25,8.0,40.0,5,10,6,7.1,7.8,0.0,False
CUST11027,Amman,Consumer,Retail,LinkedIn,Qualified,False,Active,CRM Basic,Referral Program,Meeting,Yara Odeh,2023-07-23,2024-04-01,253.0,66.0,2,11,4,9.5,8.9,0.0,False
CUST11028,Irbid,Consumer,Manufacturing,Google Ads,Won,True,Active,CRM Basic,Year-End Campaign,Website,Ahmad Saleh,2024-11-19,2024-12-19,30.0,69.0,7,9,4,11.7,5.2,126.82,True
CUST11029,Zarqa,Small Business,Finance,Website,Won,True,Active,Marketing Add-on,Year-End Campaign,Meeting,Yara Odeh,2023-03-23,2023-11-22,244.0,100.0,8,7,3,12.8,,504.97,True
CUST11030,Zarqa,Corporate,Hospitality,Google Ads,New Lead,False,Inactive,CRM Enterprise,Q1 Acquisition,Website,Omar Mansour,2023-04-07,2023-08-08,123.0,43.0,4,3,3,31.4,7.8,0.0,False
CUST11031,Madaba,Small Business,Finance,Cold Call,Contacted,False,Prospect,CRM Basic,Summer Campaign,Social Media,Samer Khalil,2025-09-27,2025-12-31,95.0,58.0,11,8,3,19.2,4.2,0.0,False
CUST11032,Zarqa,Enterprise,Technology,Cold Call,Qualified,False,Inactive,CRM Professional,Year-End Campaign,Social Media,Lina Haddad,2024-02-29,2024-12-08,283.0,61.0,7,6,4,12.5,8.2,0.0,False
CUST11033,Madaba,Enterprise,Healthcare,Trade Show,Contacted,False,Prospect,CRM Basic,No Campaign,Social Media,Yara Odeh,2023-03-03,2023-04-04,32.0,52.0,1,9,2,14.0,9.4,0.0,False
CUST11034,Amman,Consumer,Healthcare,Cold Call,Negotiation,False,Active,CRM Enterprise,Referral Program,Email,Ahmad Saleh,2023-05-16,2024-04-14,334.0,78.0,6,14,7,23.8,7.1,398.65,True
CUST11035,Irbid,Corporate,Education,Facebook,Contacted,False,Active,CRM Professional,Spring Campaign,Email,Dana Nasser,2025-01-14,2025-06-09,146.0,9.0,9,13,3,16.4,8.5,0.0,False
CUST11036,Amman,Corporate,Manufacturing,Website,Qualified,False,Active,Marketing Add-on,No Campaign,Meeting,Ahmad Saleh,2024-10-31,2025-04-05,156.0,68.0,2,7,7,11.3,,0.0,False
CUST11037,Jerash,Corporate,Education,Website,Negotiation,False,Prospect,CRM Basic,Year-End Campaign,Phone,Lina Haddad,2024-07-31,2024-08-16,16.0,59.0,6,8,3,1.6,8.5,362.41,True
CUST11038,Amman,Consumer,Manufacturing,Cold Call,Qualified,False,Active,CRM Enterprise,Back-to-School,Phone,Lina Haddad,2025-03-30,2025-12-31,276.0,55.0,7,11,3,4.1,7.9,0.0,False
CUST11039,Aqaba,Small Business,Retail,Referral,Negotiation,False,Active,CRM Enterprise,Referral Program,Social Media,Ahmad Saleh,2024-03-17,2024-05-03,47.0,60.0,7,4,5,15.2,7.1,955.24,True
CUST11040,Zarqa,Consumer,Manufacturing,LinkedIn,Lost,False,Active,Analytics Add-on,Year-End Campaign,WhatsApp,Dana Nasser,2023-01-31,2023-10-09,251.0,62.0,4,8,2,11.2,8.2,0.0,False
CUST11041,Karak,Corporate,Finance,Referral,New Lead,False,Active,CRM Professional,Referral Program,Phone,Dana Nasser,2024-09-03,2025-03-09,187.0,24.0,5,15,0,12.6,9.6,0.0,False
CUST11042,Karak,Consumer,Technology,Email Campaign,Negotiation,False,Active,CRM Enterprise,Year-End Campaign,Meeting,Lina Haddad,2023-07-24,2023-08-24,31.0,67.0,6,10,3,5.4,6.6,303.36,True
CUST11043,Salt,Consumer,Hospitality,Email Campaign,Contacted,False,Active,CRM Professional,Spring Campaign,Email,Ahmad Saleh,2023-01-12,2023-09-29,260.0,37.0,6,10,2,4.2,5.5,0.0,False
CUST11044,Jerash,Consumer,Unknown,Unknown,Qualified,False,Prospect,CRM Professional,Back-to-School,Meeting,Samer Khalil,2024-05-25,2024-06-11,17.0,45.0,7,12,5,18.6,6.3,0.0,False
CUST11045,Amman,Consumer,Manufacturing,Facebook,New Lead,False,Active,Marketing Add-on,Spring Campaign,Meeting,Samer Khalil,2024-07-30,2024-09-07,39.0,25.0,6,16,3,6.6,5.9,0.0,False
CUST11046,Jerash,Small Business,Manufacturing,Instagram,New Lead,False,Inactive,Marketing Add-on,Year-End Campaign,Email,Lina Haddad,2023-04-26,2024-02-24,304.0,15.0,9,9,5,11.3,6.7,0.0,False
CUST11047,Karak,Consumer,Technology,LinkedIn,Contacted,False,Active,CRM Enterprise,Q1 Acquisition,Website,Dana Nasser,2025-10-06,2025-11-14,39.0,39.0,2,2,5,15.9,5.4,0.0,False
CUST11048,Aqaba,Consumer,Healthcare,Email Campaign,Qualified,False,Active,CRM Professional,Spring Campaign,Social Media,Samer Khalil,2023-05-15,2023-09-24,132.0,64.0,9,7,4,8.9,7.6,0.0,False
CUST11049,Jerash,Enterprise,Technology,Trade Show,Won,True,Active,Analytics Add-on,Referral Program,Meeting,Ahmad Saleh,2024-08-09,2024-09-08,30.0,62.0,5,4,6,14.3,8.0,3195.49,True
CUST11050,Irbid,Consumer,Construction,Facebook,Negotiation,False,Prospect,CRM Basic,Summer Campaign,WhatsApp,Omar Mansour,2023-11-06,2024-04-12,158.0,76.0,5,5,2,4.1,6.2,58.24,True
CUST11051,Aqaba,Corporate,Construction,Google Ads,Lost,False,Active,CRM Basic,Year-End Campaign,Social Media,Omar Mansour,2024-12-10,2025-09-14,278.0,56.0,3,9,8,17.6,10.0,0.0,False
CUST11052,Aqaba,Consumer,Construction,Trade Show,Proposal,False,Prospect,CRM Enterprise,Back-to-School,Email,Dana Nasser,2024-06-05,2024-12-25,203.0,64.0,5,10,4,13.7,,157.29,True
CUST11053,Unknown,Consumer,Healthcare,Facebook,Contacted,False,Prospect,CRM Professional,Summer Campaign,WhatsApp,Yara Odeh,2024-09-27,2024-12-02,66.0,26.0,5,7,1,10.2,7.6,0.0,False
CUST11054,Unknown,Corporate,Construction,Trade Show,Contacted,False,Active,Marketing Add-on,Back-to-School,Phone,Omar Mansour,2023-06-30,2023-10-16,108.0,15.0,6,11,1,25.1,10.0,0.0,False
CUST11055,Irbid,Corporate,Hospitality,Cold Call,Contacted,False,Active,CRM Professional,No Campaign,Website,Ahmad Saleh,2023-04-20,2024-01-13,268.0,,6,6,3,11.6,8.3,0.0,False
CUST11056,Karak,Consumer,Finance,Trade Show,Contacted,False,Inactive,CRM Professional,Unknown,Meeting,Yara Odeh,2025-07-28,2025-12-31,156.0,81.0,1,8,3,15.4,10.0,0.0,False
CUST11057,Salt,Enterprise,Technology,Email Campaign,Negotiation,False,Active,CRM Enterprise,Back-to-School,Email,Lina Haddad,2024-06-13,2025-04-01,292.0,100.0,5,5,3,5.9,7.1,4200.43,True
CUST11058,Madaba,Enterprise,Healthcare,Facebook,Proposal,False,Active,Analytics Add-on,Spring Campaign,Website,Lina Haddad,2024-01-01,2024-01-19,18.0,73.0,1,3,4,16.1,8.2,696.65,True
CUST11059,Amman,Enterprise,Finance,Google Ads,Qualified,False,Active,CRM Professional,Summer Campaign,Meeting,Ahmad Saleh,2023-04-30,2023-07-29,90.0,66.0,6,12,4,3.7,,0.0,False
CUST11060,Jerash,Consumer,Finance,Trade Show,New Lead,False,Active,CRM Basic,No Campaign,Meeting,Lina Haddad,2025-08-26,2025-12-31,127.0,36.0,4,9,6,2.9,5.4,0.0,False
CUST11061,Jerash,Consumer,Healthcare,Google Ads,New Lead,False,Prospect,Analytics Add-on,Referral Program,Social Media,Ahmad Saleh,2025-06-20,2025-12-31,194.0,35.0,5,6,7,11.8,7.1,0.0,False
CUST11062,Irbid,Small Business,Construction,Facebook,Contacted,False,Active,CRM Professional,Summer Campaign,WhatsApp,Ahmad Saleh,2023-04-24,2024-01-02,253.0,35.0,3,5,1,4.3,8.7,0.0,False
CUST11063,Jerash,Small Business,Healthcare,Google Ads,New Lead,False,Active,CRM Basic,Q1 Acquisition,Social Media,Omar Mansour,2025-04-27,2025-12-31,248.0,23.0,2,8,3,12.2,8.3,0.0,False
CUST11064,Salt,Consumer,Retail,Instagram,Won,True,Active,CRM Enterprise,Summer Campaign,Website,Yara Odeh,2024-01-03,2024-12-14,346.0,43.0,5,12,3,18.4,6.3,810.56,True
CUST11065,Amman,Corporate,Finance,Instagram,New Lead,False,Inactive,CRM Basic,Referral Program,Email,Omar Mansour,2024-09-11,2024-12-07,87.0,54.0,4,9,6,5.9,6.8,0.0,False
CUST11066,Zarqa,Consumer,Healthcare,Trade Show,Negotiation,False,Inactive,Marketing Add-on,Q1 Acquisition,Website,Dana Nasser,2023-03-29,2023-06-27,90.0,84.0,8,5,5,5.5,7.8,47.41,True
CUST11067,Karak,Small Business,Finance,Trade Show,Qualified,False,Prospect,CRM Enterprise,Referral Program,Email,Omar Mansour,2023-08-19,2024-04-12,237.0,,1,11,3,6.6,8.5,0.0,False
CUST11068,Jerash,Consumer,Construction,Trade Show,New Lead,False,Inactive,Marketing Add-on,Year-End Campaign,Website,Lina Haddad,2024-03-31,2024-06-09,70.0,65.0,9,5,3,7.3,7.3,0.0,False
CUST11069,Jerash,Corporate,Technology,LinkedIn,Won,True,Active,CRM Professional,Q1 Acquisition,Social Media,Yara Odeh,2024-03-11,2024-04-24,44.0,100.0,7,6,2,8.1,,1333.73,True
CUST11070,Zarqa,Consumer,Hospitality,Cold Call,Proposal,False,Active,Marketing Add-on,Year-End Campaign,Website,Omar Mansour,2023-09-18,2024-04-05,200.0,37.0,6,3,7,26.1,7.9,53.56,True
CUST11071,Karak,Corporate,Education,Google Ads,Contacted,False,Active,CRM Basic,Summer Campaign,Phone,Ahmad Saleh,2025-04-19,2025-09-18,152.0,61.0,3,2,5,1.4,8.2,0.0,False
CUST11072,Amman,Small Business,Construction,Referral,Won,True,Inactive,CRM Basic,Spring Campaign,Social Media,Omar Mansour,2023-07-09,2023-10-03,86.0,80.0,2,8,5,12.5,8.7,213.45,True
CUST11073,Amman,Corporate,Education,Website,New Lead,False,Prospect,CRM Basic,Summer Campaign,Website,Lina Haddad,2023-05-15,2023-06-03,19.0,72.0,6,8,6,12.9,7.3,0.0,False
CUST11074,Madaba,Enterprise,Manufacturing,Trade Show,Contacted,False,Prospect,CRM Professional,Spring Campaign,Website,Dana Nasser,2025-08-27,2025-12-06,101.0,40.0,3,4,3,0.6,7.6,0.0,False
CUST11075,Zarqa,Small Business,Healthcare,Email Campaign,Negotiation,False,Active,CRM Basic,No Campaign,WhatsApp,Yara Odeh,2023-05-04,2023-08-07,95.0,94.0,3,5,5,8.8,7.9,87.46,True
CUST11076,Irbid,Enterprise,Healthcare,Instagram,Negotiation,False,Active,CRM Professional,Referral Program,Social Media,Samer Khalil,2024-05-22,2025-01-31,254.0,87.0,4,9,3,4.9,7.9,2271.45,True
CUST11077,Karak,Consumer,Construction,Instagram,Contacted,False,Active,CRM Professional,No Campaign,WhatsApp,Yara Odeh,2023-04-24,2024-04-15,357.0,73.0,6,6,2,8.9,8.8,0.0,False
CUST11078,Irbid,Consumer,Finance,Website,New Lead,False,Active,CRM Professional,Back-to-School,Social Media,Ahmad Saleh,2025-03-08,2025-04-07,30.0,26.0,2,4,3,6.0,8.5,0.0,False
CUST11079,Aqaba,Consumer,Unknown,Google Ads,Won,True,Active,CRM Enterprise,Q1 Acquisition,Email,Lina Haddad,2024-03-04,2024-11-08,249.0,72.0,4,9,3,21.0,8.1,718.26,True
CUST11080,Jerash,Consumer,Manufacturing,Facebook,Contacted,False,Active,CRM Basic,Summer Campaign,Social Media,Lina Haddad,2025-05-25,2025-06-27,33.0,61.0,5,14,3,3.7,8.1,0.0,False
CUST11081,Irbid,Corporate,Construction,Website,Contacted,False,Active,Analytics Add-on,No Campaign,Social Media,Samer Khalil,2024-06-06,2025-01-21,229.0,73.0,2,8,1,18.8,,0.0,False
CUST11082,Zarqa,Consumer,Healthcare,Unknown,Qualified,False,Active,CRM Enterprise,Summer Campaign,Website,Dana Nasser,2023-05-15,2023-05-27,12.0,64.0,7,9,5,8.3,4.2,0.0,False
CUST11083,Jerash,Small Business,Construction,Trade Show,Won,True,Inactive,Marketing Add-on,Back-to-School,Phone,Ahmad Saleh,2023-06-24,2023-10-20,118.0,42.0,5,7,1,10.3,8.0,413.95,True
CUST11084,Salt,Small Business,Finance,Email Campaign,New Lead,False,Active,CRM Professional,Summer Campaign,Meeting,Dana Nasser,2025-12-23,2025-12-31,8.0,64.0,6,15,3,16.5,8.4,0.0,False
CUST11085,Salt,Small Business,Healthcare,Google Ads,Won,True,Active,Marketing Add-on,Spring Campaign,Social Media,Samer Khalil,2023-03-05,,,100.0,6,7,5,7.5,10.0,743.66,True
CUST11086,Karak,Consumer,Finance,Google Ads,Proposal,False,Active,CRM Professional,Q1 Acquisition,WhatsApp,Ahmad Saleh,2024-08-29,2025-05-02,246.0,56.0,7,9,2,6.5,5.2,64.89,True
CUST11087,Amman,Corporate,Construction,Trade Show,Qualified,False,Active,Marketing Add-on,Spring Campaign,Phone,Omar Mansour,2025-03-13,2025-12-31,293.0,77.0,4,8,4,9.5,9.6,0.0,False
CUST11088,Karak,Consumer,Healthcare,Unknown,Negotiation,False,Prospect,CRM Basic,Summer Campaign,Social Media,Dana Nasser,2023-08-22,2024-04-25,247.0,83.0,3,6,4,16.6,4.7,34.78,True
CUST11089,Madaba,Consumer,Retail,Trade Show,Lost,False,Active,CRM Enterprise,Spring Campaign,Phone,Omar Mansour,2023-11-17,2023-12-16,29.0,,2,12,5,5.0,7.3,0.0,False
CUST11090,Amman,Small Business,Hospitality,Trade Show,Contacted,False,Prospect,Analytics Add-on,Year-End Campaign,Email,Ahmad Saleh,2023-05-30,2023-11-07,161.0,68.0,2,11,1,5.1,6.2,0.0,False
CUST11091,Jerash,Small Business,Finance,Website,New Lead,False,Active,CRM Basic,Year-End Campaign,Phone,Samer Khalil,2024-07-24,2025-03-16,235.0,39.0,3,7,5,11.0,9.6,0.0,False
CUST11092,Jerash,Consumer,Hospitality,Email Campaign,Won,True,Active,CRM Professional,Year-End Campaign,Email,Omar Mansour,2023-03-31,2023-10-07,190.0,53.0,5,8,4,11.2,8.8,187.79,True
CUST11093,Zarqa,Corporate,Retail,Google Ads,Negotiation,False,Active,Analytics Add-on,Q1 Acquisition,Phone,Omar Mansour,2023-09-20,2024-01-15,117.0,91.0,3,6,9,10.3,8.5,416.24,True
CUST11094,Zarqa,Consumer,Unknown,Trade Show,Qualified,False,Active,CRM Professional,Year-End Campaign,Phone,Lina Haddad,2023-04-07,2024-01-03,271.0,100.0,10,7,3,10.3,7.5,0.0,False
CUST11095,Aqaba,Consumer,Retail,LinkedIn,Proposal,False,Active,CRM Basic,Summer Campaign,WhatsApp,Ahmad Saleh,2024-12-11,2025-08-26,258.0,21.0,3,11,6,19.6,4.6,19.93,True
CUST11096,Irbid,Consumer,Retail,Facebook,Negotiation,False,Inactive,CRM Enterprise,No Campaign,Meeting,Yara Odeh,2025-12-08,2025-12-31,23.0,79.0,4,9,5,9.0,8.4,251.75,True
CUST11097,Irbid,Small Business,Technology,Trade Show,Won,True,Active,CRM Basic,Back-to-School,WhatsApp,Samer Khalil,2023-04-20,2023-10-09,172.0,85.0,7,7,3,18.2,,493.55,True
CUST11098,Madaba,Corporate,Unknown,Trade Show,Won,True,Active,Analytics Add-on,Q1 Acquisition,Website,Lina Haddad,2025-11-04,2025-12-31,57.0,57.0,8,8,4,10.5,6.4,1534.52,True
CUST11099,Jerash,Consumer,Construction,Google Ads,Qualified,False,Active,CRM Basic,Q1 Acquisition,Phone,Dana Nasser,2024-03-03,2024-11-17,259.0,81.0,3,6,8,6.5,6.5,0.0,False
CUST11100,Zarqa,Consumer,Manufacturing,Instagram,Contacted,False,Active,CRM Basic,Referral Program,Email,Samer Khalil,2025-05-12,2025-09-24,135.0,28.0,6,8,5,2.6,6.1,0.0,False
CUST11101,Amman,Corporate,Construction,Unknown,Proposal,False,Prospect,CRM Basic,Summer Campaign,Phone,Lina Haddad,2023-11-29,2024-05-18,171.0,69.0,4,13,3,10.0,5.4,165.66,True
CUST11102,Amman,Consumer,Construction,Facebook,Qualified,False,Prospect,CRM Enterprise,Spring Campaign,Social Media,Dana Nasser,2024-05-01,2024-11-27,210.0,45.0,6,7,2,7.3,6.7,0.0,False
CUST11103,Amman,Consumer,Hospitality,Instagram,Proposal,False,Active,Marketing Add-on,Back-to-School,Email,Samer Khalil,2025-11-19,2025-12-31,42.0,46.0,8,8,3,5.8,7.2,26.43,True
CUST11104,Madaba,Small Business,Construction,Website,Qualified,False,Active,CRM Basic,Q1 Acquisition,Social Media,Lina Haddad,2023-10-06,2024-04-09,186.0,67.0,2,12,3,24.3,8.1,0.0,False
CUST11105,Aqaba,Consumer,Education,LinkedIn,New Lead,False,Active,CRM Basic,Summer Campaign,Website,Samer Khalil,2024-12-02,2025-12-01,364.0,26.0,4,4,2,18.6,7.5,0.0,False
CUST11106,Zarqa,Corporate,Technology,Referral,Qualified,False,Prospect,CRM Professional,Summer Campaign,Social Media,Omar Mansour,2023-10-20,2024-01-23,95.0,86.0,1,7,2,6.3,7.9,0.0,False
CUST11107,Irbid,Consumer,Construction,Facebook,Negotiation,False,Active,Analytics Add-on,Referral Program,Website,Lina Haddad,2023-12-17,2023-12-28,11.0,73.0,10,10,4,10.7,9.1,77.61,True
CUST11108,Salt,Corporate,Healthcare,Instagram,Won,True,Prospect,CRM Professional,Spring Campaign,Website,Omar Mansour,2025-05-30,2025-08-06,68.0,97.0,3,6,5,4.6,8.3,3854.69,True
CUST11109,Karak,Small Business,Construction,Email Campaign,Qualified,False,Active,CRM Professional,Referral Program,Website,Lina Haddad,2023-10-27,2024-05-24,210.0,76.0,8,6,3,0.6,8.4,0.0,False
CUST11110,Salt,Corporate,Healthcare,Email Campaign,Contacted,False,Prospect,CRM Professional,Back-to-School,Social Media,Omar Mansour,2025-06-19,2025-12-31,195.0,74.0,8,4,6,9.1,6.0,0.0,False
CUST11111,Karak,Consumer,Manufacturing,Cold Call,Qualified,False,Active,CRM Basic,Q1 Acquisition,Website,Ahmad Saleh,2024-01-01,2024-04-08,98.0,54.0,7,5,1,15.8,,0.0,False
CUST11112,Madaba,Small Business,Education,Trade Show,Won,True,Active,CRM Professional,No Campaign,Website,Omar Mansour,2024-02-25,2024-05-28,93.0,78.0,6,13,5,17.3,7.0,888.99,True
CUST11113,Salt,Small Business,Education,LinkedIn,Qualified,False,Inactive,CRM Professional,Referral Program,WhatsApp,Ahmad Saleh,2023-05-11,2023-06-02,22.0,42.0,6,10,0,6.7,7.6,0.0,False
CUST11114,Salt,Small Business,Education,Referral,Negotiation,False,Prospect,Analytics Add-on,Spring Campaign,Meeting,Yara Odeh,2024-09-13,2025-03-04,172.0,76.0,3,13,0,3.4,10.0,133.34,True
CUST11115,Zarqa,Small Business,Retail,Facebook,Qualified,False,Prospect,Marketing Add-on,Year-End Campaign,Phone,Samer Khalil,2024-03-30,2024-08-11,134.0,44.0,3,10,2,14.9,7.0,0.0,False
CUST11116,Madaba,Corporate,Technology,Email Campaign,Contacted,False,Inactive,CRM Enterprise,No Campaign,Website,Dana Nasser,2024-03-15,2024-04-09,25.0,73.0,7,5,3,29.0,7.6,0.0,False
CUST11117,Jerash,Enterprise,Construction,LinkedIn,Won,True,Inactive,CRM Professional,No Campaign,Email,Dana Nasser,2025-03-18,2025-09-19,185.0,62.0,2,3,4,2.8,5.9,4805.48,True
CUST11118,Zarqa,Consumer,Healthcare,Referral,New Lead,False,Active,CRM Professional,Referral Program,Email,Dana Nasser,2025-09-08,2025-12-02,85.0,31.0,4,5,4,13.0,8.4,0.0,False
CUST11119,Jerash,Consumer,Technology,Cold Call,Proposal,False,Inactive,CRM Basic,Referral Program,WhatsApp,Ahmad Saleh,2025-11-22,2025-12-31,39.0,78.0,8,6,1,16.7,5.8,19.28,True
CUST11120,Irbid,Corporate,Technology,Email Campaign,Contacted,False,Prospect,CRM Enterprise,Spring Campaign,Social Media,Dana Nasser,2024-11-16,2025-07-25,251.0,60.0,2,10,3,2.3,6.1,0.0,False
CUST11121,Irbid,Consumer,Technology,Google Ads,New Lead,False,Active,CRM Enterprise,No Campaign,Social Media,Dana Nasser,2024-10-06,2025-02-27,144.0,17.0,3,8,4,9.2,4.7,0.0,False
CUST11122,Amman,Enterprise,Education,Email Campaign,Qualified,False,Active,Marketing Add-on,Unknown,Social Media,Omar Mansour,2023-11-16,2024-11-01,351.0,48.0,5,10,3,28.4,8.4,0.0,False
CUST11123,Karak,Small Business,Manufacturing,Unknown,Qualified,False,Active,CRM Basic,Q1 Acquisition,Website,Yara Odeh,2025-06-07,2025-11-21,167.0,54.0,1,10,5,10.4,6.7,0.0,False
CUST11124,Amman,Small Business,Manufacturing,LinkedIn,Negotiation,False,Active,CRM Enterprise,No Campaign,Meeting,Dana Nasser,2025-01-06,,,70.0,4,12,3,9.9,7.6,445.13,True
CUST11125,Karak,Consumer,Education,Cold Call,Negotiation,False,Prospect,CRM Enterprise,Q1 Acquisition,Meeting,Ahmad Saleh,2025-05-29,2025-12-31,216.0,77.0,4,14,4,3.8,7.9,350.88,True
CUST11126,Irbid,Consumer,Healthcare,Instagram,Negotiation,False,Active,CRM Basic,Back-to-School,Social Media,Omar Mansour,2024-06-05,2024-12-01,179.0,88.0,3,8,5,9.6,9.5,56.31,True
CUST11127,Aqaba,Small Business,Healthcare,Website,Qualified,False,Active,CRM Enterprise,Back-to-School,Social Media,Ahmad Saleh,2025-08-18,2025-12-15,119.0,57.0,4,10,3,2.4,6.2,0.0,False
CUST11128,Amman,Enterprise,Healthcare,Trade Show,Proposal,False,Active,Marketing Add-on,No Campaign,Phone,Lina Haddad,2023-08-09,2024-04-30,265.0,69.0,4,14,2,26.5,9.0,377.08,True
CUST11129,Amman,Enterprise,Construction,Trade Show,Proposal,False,Active,Marketing Add-on,Unknown,Meeting,Dana Nasser,2024-10-25,2025-03-24,150.0,51.0,6,8,5,8.6,9.3,528.71,True
CUST11130,Aqaba,Consumer,Manufacturing,Email Campaign,Qualified,False,Active,CRM Enterprise,Back-to-School,Website,Ahmad Saleh,2025-08-26,2025-12-31,127.0,90.0,5,11,2,23.8,7.4,0.0,False
CUST11131,Madaba,Consumer,Construction,Facebook,Proposal,False,Prospect,CRM Basic,Q1 Acquisition,Website,Ahmad Saleh,2025-05-02,2025-11-15,197.0,75.0,7,12,2,6.1,7.7,23.29,True
CUST11132,Zarqa,Consumer,Manufacturing,Google Ads,Lost,False,Active,Analytics Add-on,Spring Campaign,Email,Omar Mansour,2025-03-10,2025-04-21,42.0,39.0,1,7,6,12.9,7.0,0.0,False
CUST11133,Madaba,Corporate,Technology,Email Campaign,Contacted,False,Prospect,CRM Enterprise,No Campaign,Email,Lina Haddad,2024-04-05,2024-05-28,53.0,75.0,3,5,6,15.7,6.9,0.0,False
CUST11134,Irbid,Consumer,Education,Cold Call,Won,True,Active,CRM Professional,Back-to-School,Phone,Lina Haddad,2024-12-26,2025-11-21,330.0,87.0,11,9,6,6.1,7.2,215.95,True
CUST11135,Amman,Consumer,Retail,Website,New Lead,False,Prospect,CRM Basic,Spring Campaign,WhatsApp,Dana Nasser,2025-09-03,2025-12-31,119.0,44.0,7,6,4,2.9,9.6,0.0,False
CUST11136,Salt,Consumer,Technology,Instagram,Contacted,False,Active,CRM Basic,Summer Campaign,Website,Yara Odeh,2025-07-25,2025-12-31,159.0,50.0,4,10,5,6.1,9.7,0.0,False
CUST11137,Amman,Consumer,Finance,Website,Contacted,False,Active,CRM Basic,Spring Campaign,Email,Samer Khalil,2024-03-05,2024-12-01,271.0,70.0,4,6,3,3.7,6.7,0.0,False
CUST11138,Irbid,Enterprise,Construction,Website,Proposal,False,Inactive,CRM Enterprise,Year-End Campaign,Social Media,Samer Khalil,2024-12-04,2025-04-06,123.0,99.0,5,7,4,8.3,8.2,3643.86,True
CUST11139,Irbid,Small Business,Manufacturing,Website,New Lead,False,Prospect,CRM Basic,Q1 Acquisition,Website,Omar Mansour,2023-08-03,2024-07-07,339.0,60.0,4,6,8,3.3,5.8,0.0,False
CUST11140,Zarqa,Consumer,Technology,LinkedIn,Won,True,Active,CRM Basic,Spring Campaign,Website,Dana Nasser,2025-06-17,2025-12-31,197.0,81.0,7,10,2,24.2,8.5,59.71,True
CUST11141,Madaba,Consumer,Education,Cold Call,Won,True,Active,CRM Professional,Summer Campaign,Website,Omar Mansour,2025-12-09,2025-12-31,22.0,100.0,3,5,4,4.0,7.2,495.28,True
CUST11142,Jerash,Consumer,Finance,Cold Call,Proposal,False,Prospect,CRM Professional,No Campaign,Meeting,Yara Odeh,2023-11-22,2023-12-21,29.0,,1,10,2,7.4,7.7,43.19,True
CUST11143,Salt,Consumer,Hospitality,Referral,Qualified,False,Active,CRM Basic,Year-End Campaign,Email,Dana Nasser,2023-08-19,2023-09-23,35.0,42.0,5,4,4,14.4,8.1,0.0,False
CUST11144,Irbid,Consumer,Construction,Email Campaign,Lost,False,Inactive,CRM Basic,Back-to-School,Phone,Lina Haddad,2024-05-10,2024-05-16,6.0,,4,13,2,,5.6,0.0,False
CUST11145,Jerash,Small Business,Technology,Facebook,Won,True,Active,CRM Basic,Spring Campaign,Email,Samer Khalil,2025-11-09,2025-12-31,52.0,100.0,4,4,4,9.7,7.0,409.23,True
CUST11146,Amman,Consumer,Education,Referral,Qualified,False,Active,CRM Enterprise,Year-End Campaign,Social Media,Ahmad Saleh,2025-10-16,2025-12-31,76.0,60.0,5,6,4,10.7,7.8,0.0,False
CUST11147,Salt,Consumer,Education,Cold Call,Negotiation,False,Inactive,CRM Basic,No Campaign,Social Media,Samer Khalil,2024-02-15,2024-05-02,77.0,100.0,6,8,6,22.9,6.5,38.38,True
CUST11148,Aqaba,Consumer,Manufacturing,Trade Show,Proposal,False,Active,CRM Professional,Year-End Campaign,WhatsApp,Dana Nasser,2023-11-02,2024-10-16,349.0,38.0,6,9,2,11.1,7.4,38.6,True
CUST11149,Salt,Corporate,Retail,Email Campaign,Proposal,False,Inactive,CRM Basic,Spring Campaign,Email,Yara Odeh,2025-09-09,2025-12-31,113.0,65.0,5,6,9,12.1,7.3,189.3,True
CUST11150,Amman,Small Business,Technology,LinkedIn,Contacted,False,Active,CRM Basic,No Campaign,Email,Samer Khalil,2024-11-07,,,33.0,5,6,4,14.6,4.2,0.0,False
CUST11151,Unknown,Small Business,Education,Instagram,Qualified,False,Active,CRM Professional,Back-to-School,WhatsApp,Ahmad Saleh,2025-04-10,2025-04-18,8.0,43.0,4,6,3,13.1,8.4,0.0,False
CUST11152,Jerash,Small Business,Construction,Trade Show,New Lead,False,Active,CRM Basic,Summer Campaign,WhatsApp,Lina Haddad,2023-05-10,2023-09-09,122.0,39.0,5,16,4,9.7,8.8,0.0,False
CUST11153,Amman,Small Business,Healthcare,Cold Call,Qualified,False,Active,CRM Basic,Back-to-School,Website,Lina Haddad,2023-06-09,2024-05-14,340.0,94.0,6,9,3,,8.9,0.0,False
CUST11154,Unknown,Consumer,Education,Email Campaign,Negotiation,False,Active,CRM Professional,Spring Campaign,Website,Dana Nasser,2024-08-23,2025-02-14,175.0,99.0,7,6,2,5.9,8.7,76.16,True
CUST11155,Jerash,Enterprise,Retail,Cold Call,Lost,False,Prospect,CRM Professional,Q1 Acquisition,Social Media,Samer Khalil,2025-07-21,2025-12-31,163.0,73.0,3,9,5,9.6,8.6,0.0,False
CUST11156,Unknown,Consumer,Education,Google Ads,Lost,False,Prospect,CRM Enterprise,No Campaign,Phone,Dana Nasser,2024-08-29,2024-11-22,85.0,54.0,8,4,2,14.1,4.9,0.0,False
CUST11157,Madaba,Consumer,Manufacturing,Referral,Proposal,False,Prospect,CRM Basic,Back-to-School,Social Media,Samer Khalil,2025-01-01,2025-02-15,45.0,61.0,1,4,6,11.4,8.1,19.36,True
CUST11158,Irbid,Corporate,Hospitality,Instagram,Proposal,False,Active,Analytics Add-on,Referral Program,Meeting,Omar Mansour,2023-10-19,2024-03-03,136.0,74.0,9,6,3,7.8,3.7,321.84,True
CUST11159,Karak,Consumer,Technology,Instagram,Contacted,False,Prospect,Analytics Add-on,No Campaign,Email,Dana Nasser,2023-03-21,2024-02-27,343.0,22.0,5,8,6,7.3,4.5,0.0,False
CUST11160,Amman,Enterprise,Manufacturing,Facebook,Negotiation,False,Prospect,Analytics Add-on,Year-End Campaign,Phone,Samer Khalil,2025-01-12,2025-01-28,16.0,100.0,4,8,5,6.2,10.0,1020.62,True
CUST11161,Amman,Consumer,Technology,Google Ads,New Lead,False,Active,CRM Professional,Referral Program,Website,Omar Mansour,2023-11-20,2024-10-18,333.0,4.0,4,9,3,11.7,7.6,0.0,False
CUST11162,Irbid,Corporate,Finance,Website,Contacted,False,Active,Analytics Add-on,No Campaign,WhatsApp,Dana Nasser,2025-02-27,2025-09-10,195.0,47.0,2,8,3,5.4,7.9,0.0,False
CUST11163,Zarqa,Corporate,Technology,Google Ads,Negotiation,False,Active,CRM Basic,Back-to-School,WhatsApp,Lina Haddad,2025-09-28,2025-10-07,9.0,73.0,6,7,1,7.9,6.3,274.54,True
CUST11164,Aqaba,Enterprise,Finance,Instagram,Contacted,False,Active,CRM Basic,Summer Campaign,Social Media,Yara Odeh,2025-01-22,,,67.0,4,11,6,23.0,6.5,0.0,False
CUST11165,Jerash,Enterprise,Manufacturing,Trade Show,New Lead,False,Prospect,CRM Basic,No Campaign,Email,Omar Mansour,2024-04-05,2025-03-05,334.0,49.0,6,7,8,12.1,8.4,0.0,False
CUST11166,Jerash,Corporate,Healthcare,Facebook,Won,True,Active,Marketing Add-on,Q1 Acquisition,Email,Dana Nasser,2024-09-22,2025-08-21,333.0,90.0,5,9,1,13.8,6.6,1580.2,True
CUST11167,Karak,Corporate,Construction,Trade Show,Contacted,False,Inactive,CRM Professional,Spring Campaign,WhatsApp,Ahmad Saleh,2023-05-11,2024-04-02,327.0,3.0,6,6,3,5.4,7.3,0.0,False
CUST11168,Irbid,Consumer,Retail,Email Campaign,New Lead,False,Active,Marketing Add-on,Summer Campaign,Social Media,Yara Odeh,2024-03-03,2024-03-18,15.0,37.0,1,12,1,3.5,7.4,0.0,False
CUST11169,Karak,Consumer,Healthcare,Website,New Lead,False,Active,CRM Basic,Referral Program,Meeting,Lina Haddad,2025-07-15,2025-12-31,169.0,27.0,6,3,4,4.8,6.2,0.0,False
CUST11170,Irbid,Small Business,Construction,Referral,Contacted,False,Active,Marketing Add-on,No Campaign,Social Media,Yara Odeh,2025-06-18,2025-09-28,102.0,53.0,6,13,1,12.2,6.5,0.0,False
CUST11171,Jerash,Enterprise,Finance,Trade Show,Contacted,False,Prospect,Marketing Add-on,Back-to-School,Website,Yara Odeh,2023-12-28,2024-08-10,226.0,47.0,7,6,6,13.3,8.5,0.0,False
CUST11172,Irbid,Corporate,Education,Email Campaign,Won,True,Active,Marketing Add-on,Spring Campaign,Website,Omar Mansour,2023-03-08,2023-12-11,278.0,84.0,6,8,2,14.8,6.0,899.98,True
CUST11173,Irbid,Enterprise,Education,Cold Call,Contacted,False,Prospect,CRM Professional,Summer Campaign,Website,Samer Khalil,2024-10-12,2025-02-02,113.0,26.0,7,9,3,14.7,7.6,0.0,False
CUST11174,Salt,Corporate,Healthcare,LinkedIn,Won,True,Active,Analytics Add-on,Year-End Campaign,Meeting,Ahmad Saleh,2023-12-29,2023-12-30,1.0,82.0,5,10,6,43.4,8.6,1782.58,True
CUST11175,Amman,Consumer,Education,Website,Contacted,False,Active,Marketing Add-on,Q1 Acquisition,Phone,Samer Khalil,2025-01-24,2025-10-17,266.0,85.0,4,7,4,13.4,6.9,0.0,False
CUST11176,Karak,Consumer,Finance,Referral,Qualified,False,Active,CRM Professional,Back-to-School,Social Media,Yara Odeh,2025-12-18,2025-12-31,13.0,,5,12,1,24.7,7.1,0.0,False
CUST11177,Salt,Consumer,Manufacturing,Facebook,Negotiation,False,Prospect,CRM Professional,Year-End Campaign,Social Media,Ahmad Saleh,2023-12-04,2024-03-23,110.0,100.0,5,10,3,15.1,6.9,153.15,True
CUST11178,Karak,Consumer,Retail,Google Ads,Proposal,False,Active,CRM Enterprise,Referral Program,Meeting,Dana Nasser,2025-12-04,,,30.0,3,15,1,8.1,,134.25,True
CUST11179,Zarqa,Small Business,Hospitality,LinkedIn,Proposal,False,Active,CRM Professional,Year-End Campaign,Website,Dana Nasser,2024-02-21,2024-12-23,306.0,61.0,7,7,8,,8.6,144.69,True
CUST11180,Amman,Enterprise,Unknown,Website,Lost,False,Active,CRM Enterprise,Q1 Acquisition,WhatsApp,Samer Khalil,2025-04-19,2025-05-01,12.0,35.0,3,11,4,21.1,8.2,0.0,False
CUST11181,Karak,Corporate,Finance,Cold Call,Contacted,False,Prospect,CRM Basic,Year-End Campaign,Website,Yara Odeh,2023-07-09,,,53.0,5,11,3,8.9,6.6,0.0,False
CUST11182,Irbid,Consumer,Construction,Facebook,Qualified,False,Active,CRM Professional,Q1 Acquisition,Phone,Samer Khalil,2023-04-20,2023-10-25,188.0,87.0,1,9,2,0.9,6.5,0.0,False
CUST11183,Madaba,Consumer,Hospitality,Unknown,Won,True,Active,CRM Basic,Summer Campaign,Meeting,Samer Khalil,2025-06-30,2025-12-01,154.0,79.0,4,8,5,1.7,6.1,85.22,True
CUST11184,Salt,Consumer,Finance,Trade Show,New Lead,False,Active,CRM Professional,Summer Campaign,WhatsApp,Omar Mansour,2023-03-23,2024-02-20,334.0,22.0,9,4,1,29.0,7.3,0.0,False
CUST11185,Amman,Small Business,Technology,Trade Show,New Lead,False,Active,CRM Basic,Q1 Acquisition,Social Media,Yara Odeh,2023-08-16,2024-05-21,279.0,63.0,6,4,4,9.8,7.3,0.0,False
CUST11186,Irbid,Consumer,Technology,Unknown,Contacted,False,Prospect,Analytics Add-on,Q1 Acquisition,Phone,Lina Haddad,2025-10-17,2025-12-31,75.0,57.0,4,7,3,12.5,6.3,0.0,False
CUST11187,Aqaba,Consumer,Retail,Instagram,Proposal,False,Prospect,CRM Basic,Q1 Acquisition,Phone,Samer Khalil,2025-07-10,2025-11-21,134.0,82.0,11,9,1,22.2,6.1,19.24,True
CUST11188,Aqaba,Consumer,Retail,Trade Show,Contacted,False,Active,Analytics Add-on,Back-to-School,Meeting,Dana Nasser,2023-10-08,2023-11-02,25.0,70.0,10,8,6,7.0,7.6,0.0,False
CUST11189,Zarqa,Consumer,Retail,Website,Contacted,False,Prospect,Analytics Add-on,Spring Campaign,WhatsApp,Yara Odeh,2025-05-26,2025-06-13,18.0,43.0,2,11,6,8.3,10.0,0.0,False
CUST11190,Jerash,Enterprise,Education,Facebook,Qualified,False,Inactive,CRM Professional,Q1 Acquisition,Website,Yara Odeh,2023-06-08,2023-12-15,190.0,36.0,2,8,3,8.4,,0.0,False
CUST11191,Jerash,Consumer,Construction,Facebook,Proposal,False,Active,CRM Basic,Spring Campaign,Website,Yara Odeh,2023-09-21,2024-02-09,141.0,71.0,2,7,2,9.3,10.0,21.25,True
CUST11192,Amman,Consumer,Construction,Unknown,Contacted,False,Prospect,CRM Basic,Back-to-School,Email,Dana Nasser,2023-05-16,2023-06-28,43.0,43.0,2,12,3,15.8,4.7,0.0,False
CUST11193,Jerash,Consumer,Finance,Instagram,Contacted,False,Inactive,CRM Professional,Referral Program,WhatsApp,Samer Khalil,2023-06-14,2024-05-13,334.0,51.0,2,10,4,6.5,8.7,0.0,False
CUST11194,Aqaba,Consumer,Manufacturing,Facebook,Proposal,False,Active,CRM Basic,Summer Campaign,Website,Yara Odeh,2023-04-27,2024-02-05,284.0,95.0,6,8,5,1.4,8.6,19.38,True
CUST11195,Zarqa,Small Business,Technology,Google Ads,Lost,False,Inactive,CRM Professional,Year-End Campaign,Phone,Yara Odeh,2023-06-09,,,49.0,2,8,1,11.7,7.9,0.0,False
CUST11196,Jerash,Corporate,Finance,Google Ads,Negotiation,False,Active,Marketing Add-on,Year-End Campaign,Meeting,Samer Khalil,2024-09-28,2025-08-09,315.0,100.0,8,8,5,22.9,7.9,439.64,True
CUST11197,Zarqa,Consumer,Hospitality,Google Ads,Won,True,Active,CRM Basic,No Campaign,Website,Dana Nasser,2025-02-23,2025-12-31,311.0,86.0,10,10,2,7.9,6.8,126.39,True
CUST11198,Zarqa,Small Business,Finance,Facebook,Qualified,False,Inactive,CRM Professional,Spring Campaign,Meeting,Omar Mansour,2023-06-09,2023-09-09,92.0,54.0,5,9,3,0.5,5.4,0.0,False
CUST11199,Karak,Consumer,Construction,Trade Show,Contacted,False,Prospect,Marketing Add-on,Back-to-School,Website,Yara Odeh,2023-06-12,2023-12-08,179.0,25.0,5,6,1,11.3,6.6,0.0,False
CUST11200,Aqaba,Small Business,Retail,Cold Call,Qualified,False,Inactive,Analytics Add-on,Year-End Campaign,Meeting,Ahmad Saleh,2024-09-05,2024-10-31,56.0,64.0,5,8,3,32.7,9.1,0.0,False
CUST11201,Madaba,Consumer,Retail,Referral,Won,True,Active,Analytics Add-on,Back-to-School,Phone,Dana Nasser,2025-02-02,2025-07-07,155.0,62.0,5,2,6,13.0,7.7,105.04,True
CUST11202,Zarqa,Consumer,Finance,Cold Call,Qualified,False,Prospect,Analytics Add-on,Back-to-School,WhatsApp,Ahmad Saleh,2024-04-03,2024-09-10,160.0,71.0,6,8,6,11.7,7.9,0.0,False
CUST11203,Salt,Corporate,Construction,Google Ads,Won,True,Active,CRM Professional,No Campaign,Email,Samer Khalil,2025-12-22,2025-12-31,9.0,78.0,7,5,8,14.8,7.0,1017.15,True
CUST11204,Amman,Corporate,Construction,Trade Show,Lost,False,Active,Marketing Add-on,No Campaign,Meeting,Lina Haddad,2025-06-15,2025-10-30,137.0,42.0,5,14,6,7.1,7.3,0.0,False
CUST11205,Zarqa,Corporate,Construction,Facebook,New Lead,False,Active,Marketing Add-on,Year-End Campaign,Website,Samer Khalil,2024-10-08,2025-05-28,232.0,42.0,4,9,4,3.9,5.4,0.0,False
CUST11206,Amman,Consumer,Retail,Email Campaign,New Lead,False,Active,CRM Professional,Back-to-School,Meeting,Samer Khalil,2024-03-04,2024-10-10,220.0,45.0,5,8,3,9.0,7.5,0.0,False
CUST11207,Amman,Consumer,Construction,Trade Show,New Lead,False,Active,CRM Professional,Unknown,Meeting,Samer Khalil,2023-06-11,2023-08-18,68.0,39.0,5,11,4,20.6,6.8,0.0,False
CUST11208,Madaba,Enterprise,Education,Email Campaign,Qualified,False,Inactive,CRM Professional,Back-to-School,Website,Yara Odeh,2025-10-28,2025-12-31,64.0,100.0,5,7,4,12.2,10.0,0.0,False
CUST11209,Karak,Consumer,Technology,Facebook,New Lead,False,Prospect,CRM Professional,No Campaign,Website,Dana Nasser,2025-08-02,2025-12-31,151.0,25.0,1,10,6,3.5,7.6,0.0,False
CUST11210,Salt,Consumer,Hospitality,Website,Won,True,Prospect,CRM Basic,Year-End Campaign,WhatsApp,Dana Nasser,2023-05-04,2024-03-22,323.0,100.0,7,5,6,17.9,8.3,58.28,True
CUST11211,Irbid,Consumer,Construction,Unknown,New Lead,False,Prospect,CRM Enterprise,Q1 Acquisition,Phone,Lina Haddad,2025-08-27,2025-09-02,6.0,65.0,9,12,1,10.2,,0.0,False
CUST11212,Amman,Consumer,Finance,Referral,Contacted,False,Active,CRM Professional,Unknown,Phone,Ahmad Saleh,2024-05-21,2025-02-25,280.0,28.0,5,8,2,9.2,8.1,0.0,False
CUST11213,Karak,Consumer,Technology,Cold Call,Contacted,False,Inactive,CRM Professional,Referral Program,Phone,Ahmad Saleh,2023-05-13,2023-08-15,94.0,51.0,8,6,5,3.5,8.1,0.0,False
CUST11214,Salt,Small Business,Education,Instagram,Lost,False,Prospect,CRM Basic,No Campaign,Phone,Ahmad Saleh,2023-03-28,2023-12-22,269.0,52.0,2,6,4,2.8,8.9,0.0,False
CUST11215,Karak,Consumer,Hospitality,Trade Show,Negotiation,False,Active,Analytics Add-on,No Campaign,Phone,Samer Khalil,2025-10-14,2025-12-31,78.0,76.0,1,9,5,6.7,9.0,83.65,True
CUST11216,Madaba,Enterprise,Retail,LinkedIn,Won,True,Inactive,CRM Basic,No Campaign,Phone,Lina Haddad,2023-06-10,2023-07-05,25.0,83.0,2,10,7,6.9,4.2,2678.15,True
CUST11217,Salt,Consumer,Healthcare,Facebook,Lost,False,Active,CRM Basic,Back-to-School,Website,Samer Khalil,2023-07-13,,,58.0,5,5,2,2.6,8.2,0.0,False
CUST11218,Amman,Consumer,Education,Instagram,Qualified,False,Active,CRM Enterprise,Q1 Acquisition,Website,Lina Haddad,2024-09-04,2024-12-31,118.0,18.0,4,12,3,14.9,7.0,0.0,False
CUST11219,Zarqa,Small Business,Healthcare,Referral,Contacted,False,Active,CRM Professional,Year-End Campaign,Phone,Omar Mansour,2024-03-04,2025-02-05,338.0,48.0,5,4,5,8.1,4.3,0.0,False
CUST11220,Salt,Small Business,Technology,Instagram,Contacted,False,Inactive,CRM Basic,Q1 Acquisition,Phone,Dana Nasser,2025-02-16,2025-12-31,318.0,42.0,3,8,6,9.9,8.3,0.0,False
CUST11221,Unknown,Small Business,Finance,Referral,Contacted,False,Inactive,CRM Professional,No Campaign,WhatsApp,Yara Odeh,2023-10-01,2023-12-06,66.0,36.0,6,8,3,47.8,8.7,0.0,False
CUST11222,Jerash,Corporate,Hospitality,LinkedIn,Negotiation,False,Active,Analytics Add-on,Referral Program,Meeting,Yara Odeh,2025-09-06,2025-12-31,116.0,91.0,4,5,4,3.8,6.6,335.46,True
CUST11223,Jerash,Consumer,Unknown,Instagram,New Lead,False,Active,CRM Enterprise,No Campaign,WhatsApp,Yara Odeh,2023-03-06,,,61.0,6,8,2,13.7,6.7,0.0,False
CUST11224,Karak,Corporate,Hospitality,Email Campaign,New Lead,False,Prospect,CRM Professional,Summer Campaign,Social Media,Samer Khalil,2024-05-29,2025-04-13,319.0,63.0,2,5,3,22.3,9.0,0.0,False
CUST11225,Karak,Small Business,Education,Google Ads,Proposal,False,Prospect,CRM Basic,Q1 Acquisition,Website,Omar Mansour,2025-07-16,2025-09-30,76.0,84.0,6,6,3,8.9,8.4,92.74,True
CUST11226,Zarqa,Consumer,Retail,LinkedIn,Proposal,False,Active,CRM Enterprise,Back-to-School,Phone,Ahmad Saleh,2023-12-12,2024-04-04,114.0,43.0,4,8,4,6.4,4.2,370.8,True
CUST11227,Salt,Corporate,Healthcare,Trade Show,Negotiation,False,Active,Marketing Add-on,Q1 Acquisition,Meeting,Yara Odeh,2024-09-11,2024-12-31,111.0,76.0,8,9,2,,8.5,605.95,True
CUST11228,Madaba,Small Business,Healthcare,Email Campaign,Qualified,False,Inactive,CRM Enterprise,Year-End Campaign,Website,Omar Mansour,2025-08-24,2025-12-31,129.0,82.0,3,9,2,10.4,,0.0,False
CUST11229,Madaba,Consumer,Manufacturing,Referral,Won,True,Active,Analytics Add-on,Back-to-School,Social Media,Yara Odeh,2023-04-13,2023-11-02,203.0,30.0,6,8,3,11.5,8.6,203.56,True
CUST11230,Irbid,Consumer,Hospitality,Instagram,Proposal,False,Active,CRM Professional,Referral Program,WhatsApp,Dana Nasser,2023-10-10,2024-03-05,147.0,100.0,9,6,2,8.3,10.0,39.07,True
CUST11231,Salt,Consumer,Construction,Referral,New Lead,False,Active,CRM Enterprise,Summer Campaign,Social Media,Yara Odeh,2025-09-20,2025-10-25,35.0,15.0,6,8,7,11.5,7.3,0.0,False
CUST11232,Salt,Small Business,Finance,Referral,Won,True,Prospect,Marketing Add-on,No Campaign,Email,Dana Nasser,2023-06-24,2024-04-28,309.0,62.0,3,3,1,15.0,7.2,894.06,True
CUST11233,Unknown,Consumer,Construction,LinkedIn,Lost,False,Inactive,Analytics Add-on,Year-End Campaign,WhatsApp,Yara Odeh,2024-04-14,2024-05-10,26.0,60.0,4,9,3,5.1,8.3,0.0,False
CUST11234,Aqaba,Consumer,Healthcare,Email Campaign,New Lead,False,Active,Marketing Add-on,No Campaign,Website,Yara Odeh,2024-08-16,2025-04-11,238.0,79.0,8,3,4,34.4,9.5,0.0,False
CUST11235,Aqaba,Consumer,Finance,Instagram,Qualified,False,Active,CRM Professional,Spring Campaign,WhatsApp,Dana Nasser,2025-05-30,2025-06-13,14.0,41.0,5,10,3,7.2,8.9,0.0,False
CUST11236,Jerash,Corporate,Manufacturing,Website,Qualified,False,Active,Marketing Add-on,Q1 Acquisition,Social Media,Yara Odeh,2023-12-10,2024-01-24,45.0,44.0,5,5,3,12.8,6.8,0.0,False
CUST11237,Salt,Corporate,Education,Cold Call,New Lead,False,Active,CRM Enterprise,No Campaign,Phone,Omar Mansour,2024-08-11,2025-03-15,216.0,65.0,5,10,3,10.7,7.4,0.0,False
CUST11238,Salt,Corporate,Manufacturing,Cold Call,Won,True,Active,Analytics Add-on,Summer Campaign,Meeting,Ahmad Saleh,2025-03-10,2025-10-29,233.0,83.0,7,5,0,11.3,8.7,1853.69,True
CUST11239,Karak,Consumer,Finance,LinkedIn,Contacted,False,Active,CRM Basic,Back-to-School,Social Media,Samer Khalil,2025-05-19,2025-11-28,193.0,45.0,0,10,6,7.4,7.9,0.0,False
CUST11240,Unknown,Enterprise,Healthcare,Trade Show,Won,True,Active,CRM Enterprise,No Campaign,Social Media,Yara Odeh,2023-01-08,2023-02-28,51.0,84.0,3,5,2,26.5,7.9,22363.42,True
CUST11241,Jerash,Small Business,Technology,Facebook,Negotiation,False,Active,Analytics Add-on,Back-to-School,Phone,Ahmad Saleh,2024-08-14,2025-03-16,214.0,100.0,1,12,5,6.3,9.3,184.54,True
CUST11242,Irbid,Corporate,Finance,Website,Proposal,False,Inactive,CRM Basic,Summer Campaign,Meeting,Lina Haddad,2024-07-25,2024-12-23,151.0,82.0,3,7,4,8.4,5.9,110.17,True
CUST11243,Irbid,Consumer,Retail,Instagram,Contacted,False,Inactive,CRM Enterprise,Q1 Acquisition,Website,Lina Haddad,2025-11-26,2025-12-31,35.0,57.0,8,9,7,1.4,8.6,0.0,False
CUST11244,Zarqa,Consumer,Construction,Cold Call,Contacted,False,Active,Analytics Add-on,Back-to-School,Meeting,Samer Khalil,2024-10-08,2025-09-11,338.0,62.0,4,8,11,6.0,,0.0,False
CUST11245,Madaba,Corporate,Technology,Trade Show,New Lead,False,Active,CRM Professional,Year-End Campaign,Website,Yara Odeh,2024-02-14,,,48.0,2,6,2,9.2,8.3,0.0,False
CUST11246,Aqaba,Consumer,Hospitality,Facebook,Contacted,False,Active,CRM Professional,Spring Campaign,WhatsApp,Yara Odeh,2025-05-02,2025-12-08,220.0,68.0,10,7,5,5.9,7.5,0.0,False
CUST11247,Zarqa,Small Business,Finance,Email Campaign,Qualified,False,Inactive,CRM Professional,Referral Program,Social Media,Dana Nasser,2025-10-10,2025-12-31,82.0,47.0,4,7,4,50.2,8.7,0.0,False
CUST11248,Amman,Corporate,Retail,Instagram,Won,True,Active,CRM Professional,Back-to-School,WhatsApp,Samer Khalil,2023-08-06,2024-02-09,187.0,79.0,7,14,3,14.0,8.0,1704.56,True
CUST11249,Salt,Corporate,Construction,Referral,Qualified,False,Active,CRM Basic,Unknown,Phone,Omar Mansour,2023-03-13,2023-12-27,289.0,60.0,4,10,3,5.7,8.6,0.0,False
CUST11250,Amman,Enterprise,Hospitality,Trade Show,Negotiation,False,Inactive,CRM Basic,Unknown,Email,Yara Odeh,2025-10-18,,,54.0,6,5,5,18.0,7.3,1754.65,True
CUST11251,Amman,Small Business,Manufacturing,Instagram,Qualified,False,Inactive,CRM Basic,Referral Program,Website,Dana Nasser,2025-06-10,2025-12-07,180.0,38.0,2,6,8,16.4,9.1,0.0,False
CUST11252,Aqaba,Consumer,Technology,Website,Won,True,Active,CRM Basic,No Campaign,Phone,Samer Khalil,2025-01-24,2025-10-04,253.0,100.0,6,7,4,15.1,7.4,112.57,True
CUST11253,Aqaba,Consumer,Finance,Referral,Lost,False,Active,CRM Basic,Referral Program,Website,Samer Khalil,2025-03-28,2025-08-01,126.0,59.0,2,8,4,3.1,6.7,0.0,False
CUST11254,Jerash,Consumer,Education,Website,Contacted,False,Prospect,CRM Enterprise,Summer Campaign,WhatsApp,Omar Mansour,2025-05-28,2025-11-21,177.0,85.0,5,12,6,20.1,7.5,0.0,False
CUST11255,Zarqa,Small Business,Manufacturing,Google Ads,Won,True,Prospect,CRM Professional,Spring Campaign,Email,Omar Mansour,2023-08-06,2023-09-12,37.0,90.0,5,9,7,8.0,8.2,946.92,True
CUST11256,Karak,Consumer,Retail,Cold Call,Proposal,False,Active,Analytics Add-on,Q1 Acquisition,Meeting,Ahmad Saleh,2023-09-03,2023-12-11,99.0,73.0,7,3,3,13.9,9.2,54.53,True
CUST11257,Karak,Consumer,Education,Facebook,Won,True,Prospect,CRM Basic,Year-End Campaign,Social Media,Lina Haddad,2024-04-13,2024-07-20,98.0,76.0,5,10,5,8.6,6.5,129.19,True
CUST11258,Jerash,Small Business,Healthcare,Trade Show,Proposal,False,Active,CRM Professional,Q1 Acquisition,Meeting,Samer Khalil,2024-09-18,2025-01-23,127.0,87.0,5,6,1,21.8,10.0,102.4,True
CUST11259,Karak,Corporate,Manufacturing,Referral,Qualified,False,Prospect,CRM Professional,No Campaign,Website,Ahmad Saleh,2023-08-22,2024-02-06,168.0,35.0,3,12,5,3.6,9.2,0.0,False
CUST11260,Unknown,Enterprise,Construction,Cold Call,Contacted,False,Active,Analytics Add-on,No Campaign,Social Media,Dana Nasser,2025-08-17,2025-11-05,80.0,56.0,6,5,4,6.3,6.5,0.0,False
CUST11261,Salt,Corporate,Manufacturing,LinkedIn,New Lead,False,Inactive,CRM Enterprise,Q1 Acquisition,WhatsApp,Dana Nasser,2023-05-29,2024-03-18,294.0,58.0,6,10,0,8.6,7.2,0.0,False
CUST11262,Irbid,Corporate,Unknown,Website,Proposal,False,Inactive,Analytics Add-on,Summer Campaign,Website,Lina Haddad,2025-06-16,2025-12-31,198.0,65.0,1,11,4,10.3,7.8,384.68,True
CUST11263,Karak,Small Business,Finance,Google Ads,Lost,False,Active,CRM Basic,No Campaign,Meeting,Dana Nasser,2025-06-21,2025-10-25,126.0,54.0,8,6,4,7.5,7.8,0.0,False
CUST11264,Amman,Enterprise,Finance,Website,Negotiation,False,Inactive,CRM Enterprise,Back-to-School,WhatsApp,Lina Haddad,2023-03-13,2024-02-19,343.0,100.0,1,6,3,7.7,7.3,7814.39,True
CUST11265,Madaba,Small Business,Retail,Instagram,Contacted,False,Active,CRM Professional,Back-to-School,Social Media,Dana Nasser,2023-06-07,2024-04-12,310.0,45.0,5,10,3,14.1,7.6,0.0,False
CUST11266,Madaba,Corporate,Manufacturing,Email Campaign,Won,True,Active,Analytics Add-on,Referral Program,WhatsApp,Dana Nasser,2025-10-30,2025-12-31,62.0,88.0,6,6,2,14.0,8.2,1108.04,True
CUST11267,Amman,Enterprise,Finance,Google Ads,Won,True,Active,CRM Professional,Spring Campaign,WhatsApp,Samer Khalil,2025-08-02,2025-08-18,16.0,100.0,4,10,5,12.9,4.6,4915.45,True
CUST11268,Salt,Enterprise,Healthcare,Google Ads,Contacted,False,Prospect,CRM Professional,No Campaign,WhatsApp,Omar Mansour,2025-05-10,2025-06-07,28.0,44.0,3,4,5,22.8,6.9,0.0,False
CUST11269,Jerash,Consumer,Construction,Facebook,New Lead,False,Active,CRM Basic,Referral Program,Phone,Samer Khalil,2024-10-18,2025-04-09,173.0,18.0,7,6,3,4.8,9.9,0.0,False
CUST11270,Salt,Consumer,Hospitality,Trade Show,New Lead,False,Inactive,CRM Enterprise,Spring Campaign,Phone,Ahmad Saleh,2023-02-07,,,55.0,7,12,7,15.7,,0.0,False
CUST11271,Madaba,Consumer,Hospitality,LinkedIn,Won,True,Inactive,CRM Basic,Q1 Acquisition,Website,Omar Mansour,2024-06-28,2025-05-22,328.0,82.0,4,9,6,3.2,9.7,118.5,True
CUST11272,Aqaba,Consumer,Hospitality,LinkedIn,Won,True,Active,CRM Basic,No Campaign,WhatsApp,Samer Khalil,2023-10-16,2024-06-08,236.0,79.0,2,6,3,22.8,6.2,221.01,True
CUST11273,Aqaba,Consumer,Finance,Facebook,Contacted,False,Active,CRM Basic,Year-End Campaign,Meeting,Omar Mansour,2024-11-07,2025-06-09,214.0,53.0,7,7,5,13.5,7.7,0.0,False
CUST11274,Salt,Consumer,Manufacturing,Website,Contacted,False,Inactive,Marketing Add-on,Q1 Acquisition,WhatsApp,Omar Mansour,2025-01-21,2025-04-16,85.0,26.0,4,6,1,,4.5,0.0,False
CUST11275,Irbid,Consumer,Hospitality,Cold Call,Won,True,Prospect,CRM Professional,Q1 Acquisition,WhatsApp,Omar Mansour,2025-10-15,2025-12-31,77.0,75.0,2,5,5,13.2,6.6,306.68,True
CUST11276,Zarqa,Small Business,Technology,Instagram,Lost,False,Active,Analytics Add-on,Q1 Acquisition,Phone,Dana Nasser,2023-06-12,,,59.0,6,18,1,27.3,7.9,0.0,False
CUST11277,Irbid,Corporate,Education,LinkedIn,Won,True,Active,Marketing Add-on,No Campaign,Social Media,Omar Mansour,2025-07-17,2025-10-10,85.0,80.0,4,5,8,1.9,8.2,1325.9,True
CUST11278,Irbid,Consumer,Manufacturing,Unknown,Proposal,False,Active,Marketing Add-on,Back-to-School,WhatsApp,Dana Nasser,2025-04-06,2025-06-10,65.0,,8,13,4,8.5,6.0,27.25,True
CUST11279,Unknown,Small Business,Construction,Email Campaign,Contacted,False,Active,Marketing Add-on,Back-to-School,Email,Yara Odeh,2025-08-29,2025-12-31,124.0,35.0,2,9,3,6.1,4.4,0.0,False
CUST11280,Amman,Corporate,Healthcare,Website,Proposal,False,Active,Marketing Add-on,No Campaign,Website,Omar Mansour,2023-04-26,2023-09-24,151.0,72.0,7,10,8,24.6,9.5,148.36,True
CUST11281,Irbid,Small Business,Manufacturing,Trade Show,Contacted,False,Active,CRM Professional,Back-to-School,Phone,Dana Nasser,2025-07-13,2025-11-05,115.0,67.0,3,15,5,13.5,7.8,0.0,False
CUST11282,Aqaba,Enterprise,Healthcare,Trade Show,Won,True,Active,CRM Basic,Back-to-School,Social Media,Omar Mansour,2025-07-31,2025-10-03,64.0,100.0,8,5,2,13.1,8.4,1927.8,True
CUST11283,Salt,Consumer,Manufacturing,Referral,Qualified,False,Active,CRM Enterprise,No Campaign,Email,Ahmad Saleh,2025-03-07,2025-12-31,299.0,49.0,4,8,2,12.0,4.7,0.0,False
CUST11284,Jerash,Consumer,Hospitality,Google Ads,Won,True,Inactive,CRM Professional,Q1 Acquisition,WhatsApp,Samer Khalil,2024-09-11,2025-09-09,363.0,100.0,4,10,6,0.6,6.1,271.18,True
CUST11285,Madaba,Consumer,Education,Cold Call,Qualified,False,Prospect,CRM Basic,No Campaign,Meeting,Yara Odeh,2025-07-17,2025-12-31,167.0,62.0,7,11,5,5.0,7.2,0.0,False
CUST11286,Salt,Consumer,Education,Google Ads,Won,True,Active,CRM Enterprise,Spring Campaign,Meeting,Omar Mansour,2024-05-31,2024-11-05,158.0,47.0,8,2,2,8.8,6.8,971.4,True
CUST11287,Zarqa,Small Business,Healthcare,Trade Show,Contacted,False,Inactive,CRM Professional,Back-to-School,Phone,Ahmad Saleh,2024-07-18,2024-10-03,77.0,52.0,12,6,5,6.2,7.9,0.0,False
CUST11288,Madaba,Consumer,Manufacturing,Facebook,Qualified,False,Active,Analytics Add-on,Summer Campaign,WhatsApp,Samer Khalil,2024-02-26,2024-07-21,146.0,40.0,1,8,3,3.5,10.0,0.0,False
CUST11289,Madaba,Consumer,Education,Referral,Proposal,False,Prospect,CRM Enterprise,No Campaign,Website,Lina Haddad,2024-01-28,2025-01-05,343.0,75.0,2,2,2,12.3,9.7,163.46,True
CUST11290,Unknown,Consumer,Retail,Google Ads,New Lead,False,Inactive,CRM Professional,Back-to-School,Phone,Yara Odeh,2024-12-14,2025-07-27,225.0,46.0,6,6,3,9.8,8.3,0.0,False
CUST11291,Irbid,Consumer,Manufacturing,Instagram,Lost,False,Prospect,CRM Professional,Q1 Acquisition,Email,Yara Odeh,2025-09-23,2025-12-31,99.0,15.0,6,8,3,4.2,6.3,0.0,False
CUST11292,Amman,Small Business,Education,Email Campaign,Proposal,False,Active,CRM Professional,Spring Campaign,Meeting,Omar Mansour,2025-02-07,2025-05-21,103.0,96.0,9,9,4,9.9,5.0,124.48,True
CUST11293,Unknown,Small Business,Technology,Email Campaign,Qualified,False,Active,Marketing Add-on,Back-to-School,Social Media,Lina Haddad,2025-02-17,2025-12-31,317.0,47.0,3,5,3,27.8,6.9,0.0,False
CUST11294,Aqaba,Consumer,Technology,Cold Call,Won,True,Active,CRM Basic,Year-End Campaign,Social Media,Samer Khalil,2023-12-28,2024-10-24,301.0,44.0,5,12,2,3.6,8.1,74.17,True
CUST11295,Amman,Consumer,Retail,Instagram,Won,True,Active,CRM Professional,Year-End Campaign,Website,Samer Khalil,2025-02-05,2025-05-04,88.0,100.0,3,6,7,10.0,6.8,449.08,True
CUST11296,Jerash,Consumer,Education,Google Ads,Proposal,False,Active,CRM Enterprise,No Campaign,Social Media,Omar Mansour,2023-07-05,2024-05-03,303.0,79.0,2,8,3,14.7,5.6,89.65,True
CUST11297,Karak,Consumer,Technology,Google Ads,Lost,False,Active,CRM Professional,No Campaign,Social Media,Ahmad Saleh,2025-07-03,2025-12-18,168.0,40.0,5,9,2,8.2,8.6,0.0,False
CUST11298,Salt,Corporate,Hospitality,Trade Show,New Lead,False,Inactive,CRM Professional,Year-End Campaign,Website,Omar Mansour,2024-05-16,2024-11-02,170.0,41.0,9,4,4,6.4,7.7,0.0,False
CUST11299,Jerash,Consumer,Manufacturing,Google Ads,New Lead,False,Active,CRM Professional,Year-End Campaign,Meeting,Ahmad Saleh,2024-02-05,2024-06-19,135.0,38.0,6,12,2,,6.4,0.0,False
CUST11300,Salt,Corporate,Finance,Instagram,Proposal,False,Active,CRM Basic,Spring Campaign,Email,Omar Mansour,2023-05-07,2023-06-26,50.0,35.0,5,10,9,15.9,9.5,204.08,True
CUST11301,Aqaba,Corporate,Education,Email Campaign,Qualified,False,Active,CRM Professional,No Campaign,Phone,Ahmad Saleh,2024-11-27,,,32.0,5,7,7,12.6,7.1,0.0,False
CUST11302,Madaba,Consumer,Construction,Trade Show,Qualified,False,Active,Analytics Add-on,Q1 Acquisition,Meeting,Dana Nasser,2023-08-21,2024-08-02,347.0,79.0,3,7,10,3.4,4.1,0.0,False
CUST11303,Aqaba,Consumer,Retail,Website,Contacted,False,Inactive,CRM Professional,Summer Campaign,Phone,Ahmad Saleh,2025-05-07,2025-09-18,134.0,58.0,0,8,2,11.5,6.2,0.0,False
CUST11304,Irbid,Enterprise,Education,Instagram,Qualified,False,Active,CRM Basic,Year-End Campaign,Website,Ahmad Saleh,2023-03-14,,,78.0,3,9,6,11.7,7.8,0.0,False
CUST11305,Irbid,Corporate,Healthcare,Facebook,Won,True,Active,CRM Professional,No Campaign,Meeting,Samer Khalil,2025-07-29,2025-12-13,137.0,100.0,4,5,5,12.2,8.3,2274.06,True
CUST11306,Jerash,Small Business,Healthcare,Google Ads,Proposal,False,Active,CRM Basic,Back-to-School,WhatsApp,Lina Haddad,2024-09-29,2025-06-01,245.0,1.0,11,9,6,2.2,6.1,34.83,True
CUST11307,Madaba,Corporate,Unknown,Email Campaign,Lost,False,Inactive,Marketing Add-on,No Campaign,Website,Omar Mansour,2024-06-30,2024-10-17,109.0,37.0,5,7,7,16.8,6.8,0.0,False
CUST11308,Aqaba,Corporate,Construction,Google Ads,Won,True,Active,CRM Professional,Q1 Acquisition,Website,Samer Khalil,2025-01-16,2025-11-25,313.0,57.0,9,7,4,7.6,8.6,3054.44,True
CUST11309,Aqaba,Consumer,Healthcare,Facebook,Contacted,False,Prospect,Marketing Add-on,Back-to-School,Website,Lina Haddad,2024-08-13,2025-05-27,287.0,47.0,4,10,2,23.2,7.6,0.0,False
CUST11310,Madaba,Corporate,Retail,Unknown,Contacted,False,Active,CRM Professional,Summer Campaign,Website,Samer Khalil,2024-11-11,2024-12-02,21.0,13.0,9,11,5,2.8,7.9,0.0,False
CUST11311,Zarqa,Consumer,Construction,Cold Call,Contacted,False,Inactive,Analytics Add-on,Referral Program,Social Media,Yara Odeh,2025-03-31,2025-06-29,90.0,62.0,7,6,4,20.0,5.5,0.0,False
CUST11312,Aqaba,Small Business,Technology,Google Ads,Won,True,Active,CRM Basic,Back-to-School,Social Media,Samer Khalil,2024-10-29,2025-08-21,296.0,93.0,6,9,5,13.0,5.6,468.18,True
CUST11313,Zarqa,Enterprise,Retail,Trade Show,New Lead,False,Active,CRM Basic,Back-to-School,Meeting,Omar Mansour,2023-07-02,2023-10-22,112.0,85.0,2,15,5,11.8,9.6,0.0,False
CUST11314,Madaba,Corporate,Manufacturing,Referral,Contacted,False,Active,CRM Basic,Q1 Acquisition,Email,Yara Odeh,2023-02-06,2023-12-04,301.0,48.0,6,12,2,23.0,8.6,0.0,False
CUST11315,Madaba,Consumer,Retail,Instagram,Won,True,Active,CRM Enterprise,Back-to-School,Website,Dana Nasser,2023-12-03,2024-02-18,77.0,94.0,5,7,4,9.7,7.4,762.1,True
CUST11316,Aqaba,Consumer,Healthcare,Facebook,Proposal,False,Active,CRM Professional,Q1 Acquisition,Phone,Samer Khalil,2024-02-07,2024-08-02,177.0,86.0,2,10,3,12.1,7.1,28.56,True
CUST11317,Aqaba,Small Business,Manufacturing,Google Ads,Contacted,False,Active,CRM Professional,Summer Campaign,WhatsApp,Omar Mansour,2024-03-12,2025-02-18,343.0,84.0,3,4,6,9.7,7.6,0.0,False
CUST11318,Jerash,Corporate,Healthcare,Website,Contacted,False,Active,Analytics Add-on,Q1 Acquisition,Social Media,Ahmad Saleh,2025-08-08,2025-12-31,145.0,27.0,6,5,1,20.8,7.0,0.0,False
CUST11319,Irbid,Small Business,Retail,Email Campaign,Won,True,Active,CRM Basic,Summer Campaign,Phone,Lina Haddad,2024-06-20,2024-09-29,101.0,98.0,6,6,2,2.3,8.2,239.47,True
CUST11320,Aqaba,Enterprise,Healthcare,Facebook,Won,True,Inactive,CRM Professional,Spring Campaign,Social Media,Omar Mansour,2024-02-10,2024-10-13,246.0,88.0,5,11,5,16.7,8.0,2788.33,True
CUST11321,Amman,Corporate,Construction,Instagram,Contacted,False,Inactive,Analytics Add-on,Spring Campaign,Meeting,Dana Nasser,2024-09-14,,,18.0,7,12,3,4.0,8.9,0.0,False
CUST11322,Madaba,Consumer,Healthcare,Google Ads,Qualified,False,Active,CRM Professional,Q1 Acquisition,Email,Omar Mansour,2024-02-09,2024-05-11,92.0,69.0,10,11,5,22.5,9.3,0.0,False
CUST11323,Karak,Consumer,Healthcare,Website,Won,True,Active,Analytics Add-on,Back-to-School,WhatsApp,Omar Mansour,2025-11-05,2025-12-03,28.0,95.0,4,10,7,39.2,,228.85,True
CUST11324,Irbid,Consumer,Education,Email Campaign,Won,True,Active,CRM Professional,Back-to-School,Social Media,Ahmad Saleh,2025-07-29,2025-08-23,25.0,46.0,1,7,2,11.6,8.2,408.75,True
CUST11325,Jerash,Small Business,Manufacturing,Instagram,Won,True,Active,CRM Professional,No Campaign,WhatsApp,Lina Haddad,2025-02-23,2025-04-22,58.0,78.0,3,8,6,4.9,7.8,865.48,True
CUST11326,Jerash,Small Business,Construction,Email Campaign,Qualified,False,Inactive,CRM Basic,Back-to-School,WhatsApp,Yara Odeh,2025-02-20,2025-12-14,297.0,62.0,4,8,0,16.8,6.9,0.0,False
CUST11327,Zarqa,Small Business,Manufacturing,Instagram,Won,True,Active,Marketing Add-on,Spring Campaign,Meeting,Lina Haddad,2024-05-18,2024-09-29,134.0,81.0,4,7,4,12.1,7.1,484.29,True
CUST11328,Irbid,Consumer,Hospitality,Google Ads,Contacted,False,Active,Marketing Add-on,Referral Program,Phone,Dana Nasser,2024-05-13,2025-04-09,331.0,62.0,4,9,7,11.4,8.7,0.0,False
CUST11329,Irbid,Consumer,Manufacturing,Referral,New Lead,False,Active,Marketing Add-on,Summer Campaign,Social Media,Yara Odeh,2025-11-16,2025-12-31,45.0,28.0,7,9,6,5.8,8.1,0.0,False
CUST11330,Jerash,Consumer,Hospitality,LinkedIn,Negotiation,False,Prospect,CRM Professional,Referral Program,WhatsApp,Yara Odeh,2025-08-16,2025-09-23,38.0,51.0,4,8,3,14.7,5.5,68.94,True
CUST11331,Aqaba,Small Business,Retail,Trade Show,Proposal,False,Active,Analytics Add-on,Summer Campaign,Meeting,Lina Haddad,2025-10-06,2025-12-20,75.0,77.0,2,13,4,17.1,6.7,94.6,True
CUST11332,Karak,Consumer,Hospitality,Referral,Won,True,Active,CRM Professional,Back-to-School,Website,Ahmad Saleh,2024-04-12,2024-09-01,142.0,100.0,9,6,11,14.1,7.7,183.71,True
CUST11333,Zarqa,Consumer,Hospitality,LinkedIn,New Lead,False,Inactive,CRM Professional,Back-to-School,WhatsApp,Dana Nasser,2025-11-09,2025-12-31,52.0,70.0,14,10,2,3.4,6.4,0.0,False
CUST11334,Jerash,Consumer,Finance,Google Ads,Won,True,Active,Analytics Add-on,No Campaign,WhatsApp,Ahmad Saleh,2023-10-13,2024-03-29,168.0,100.0,6,11,4,8.2,8.4,168.38,True
CUST11335,Karak,Small Business,Retail,Unknown,Contacted,False,Active,CRM Basic,Q1 Acquisition,Social Media,Ahmad Saleh,2024-12-11,2025-08-27,259.0,43.0,9,10,4,9.9,5.6,0.0,False
CUST11336,Karak,Consumer,Manufacturing,Google Ads,Proposal,False,Prospect,CRM Basic,No Campaign,Website,Yara Odeh,2024-01-06,2024-12-26,355.0,64.0,4,6,4,11.2,,17.53,True
CUST11337,Salt,Corporate,Technology,LinkedIn,New Lead,False,Active,CRM Professional,Year-End Campaign,WhatsApp,Omar Mansour,2024-08-15,2025-03-28,225.0,1.0,7,8,6,6.8,8.9,0.0,False
CUST11338,Salt,Small Business,Healthcare,Website,Proposal,False,Inactive,Analytics Add-on,No Campaign,Social Media,Omar Mansour,2024-04-05,2024-09-04,152.0,55.0,10,9,2,1.9,,76.8,True
CUST11339,Irbid,Small Business,Healthcare,Facebook,Negotiation,False,Active,CRM Professional,Unknown,Social Media,Omar Mansour,2023-01-15,2023-02-03,19.0,41.0,5,5,5,8.2,9.1,248.65,True
CUST11340,Madaba,Corporate,Finance,LinkedIn,Qualified,False,Active,CRM Professional,Year-End Campaign,Meeting,Yara Odeh,2023-05-19,2023-10-12,146.0,53.0,3,11,6,4.7,10.0,0.0,False
CUST11341,Aqaba,Consumer,Technology,Facebook,Contacted,False,Prospect,Marketing Add-on,Referral Program,WhatsApp,Samer Khalil,2025-02-27,2025-10-26,241.0,77.0,7,6,4,1.6,6.8,0.0,False
CUST11342,Aqaba,Consumer,Education,Instagram,Proposal,False,Active,CRM Professional,No Campaign,Email,Ahmad Saleh,2025-04-07,2025-12-31,268.0,88.0,3,12,4,18.5,7.6,30.82,True
CUST11343,Aqaba,Enterprise,Hospitality,Trade Show,Won,True,Inactive,CRM Basic,Back-to-School,Email,Lina Haddad,2023-07-14,2024-03-07,237.0,73.0,2,9,6,28.8,7.4,2282.47,True
CUST11344,Amman,Corporate,Construction,Trade Show,Contacted,False,Prospect,CRM Enterprise,Year-End Campaign,Phone,Dana Nasser,2024-08-09,2024-09-13,35.0,39.0,4,8,6,7.6,7.9,0.0,False
CUST11345,Karak,Enterprise,Retail,Trade Show,Contacted,False,Active,Analytics Add-on,Year-End Campaign,Email,Samer Khalil,2023-12-29,2024-07-06,190.0,34.0,5,10,2,26.6,8.5,0.0,False
CUST11346,Amman,Corporate,Education,Cold Call,Contacted,False,Inactive,CRM Basic,Summer Campaign,Email,Omar Mansour,2025-12-12,2025-12-13,1.0,67.0,5,9,6,8.6,10.0,0.0,False
CUST11347,Jerash,Consumer,Technology,LinkedIn,Lost,False,Prospect,CRM Enterprise,No Campaign,Social Media,Yara Odeh,2024-01-04,2024-06-05,153.0,39.0,3,7,3,5.9,6.4,0.0,False
CUST11348,Karak,Consumer,Finance,Website,Qualified,False,Active,CRM Basic,Spring Campaign,Social Media,Samer Khalil,2025-04-04,2025-08-08,126.0,65.0,11,7,6,2.3,7.4,0.0,False
CUST11349,Jerash,Small Business,Technology,Instagram,New Lead,False,Active,CRM Professional,Spring Campaign,Meeting,Yara Odeh,2024-05-12,2025-04-22,345.0,53.0,2,9,4,4.6,5.3,0.0,False
CUST11350,Salt,Consumer,Finance,Google Ads,Won,True,Active,CRM Basic,Referral Program,WhatsApp,Samer Khalil,2024-11-18,2025-07-02,226.0,95.0,8,8,1,9.6,10.0,92.87,True
CUST11351,Amman,Consumer,Education,LinkedIn,Negotiation,False,Active,CRM Professional,Year-End Campaign,WhatsApp,Ahmad Saleh,2025-01-15,2025-08-24,221.0,17.0,5,6,4,29.4,8.4,84.75,True
CUST11352,Karak,Corporate,Education,Facebook,New Lead,False,Active,CRM Professional,Summer Campaign,Social Media,Ahmad Saleh,2025-09-16,2025-12-31,106.0,51.0,4,9,2,12.6,6.6,0.0,False
CUST11353,Aqaba,Consumer,Construction,Google Ads,Lost,False,Active,Marketing Add-on,Year-End Campaign,WhatsApp,Yara Odeh,2024-03-03,2024-03-28,25.0,47.0,7,10,3,7.5,7.4,0.0,False
CUST11354,Aqaba,Consumer,Technology,Cold Call,Proposal,False,Active,CRM Enterprise,Referral Program,Social Media,Lina Haddad,2024-09-01,2024-09-17,16.0,31.0,6,5,8,9.5,7.8,99.86,True
CUST11355,Salt,Corporate,Technology,Trade Show,Qualified,False,Active,Marketing Add-on,Spring Campaign,Email,Dana Nasser,2023-10-14,2024-04-13,182.0,88.0,4,9,7,13.1,4.1,0.0,False
CUST11356,Jerash,Corporate,Hospitality,Facebook,Qualified,False,Active,CRM Enterprise,Year-End Campaign,WhatsApp,Dana Nasser,2023-03-08,2024-01-31,329.0,64.0,4,8,3,1.9,7.8,0.0,False
CUST11357,Zarqa,Consumer,Healthcare,Referral,Won,True,Active,CRM Basic,No Campaign,Email,Omar Mansour,2025-09-29,,,49.0,6,6,6,10.8,7.8,151.4,True
CUST11358,Salt,Corporate,Finance,Email Campaign,Contacted,False,Active,CRM Basic,Summer Campaign,Phone,Lina Haddad,2023-04-13,2023-05-13,30.0,38.0,3,7,8,,8.0,0.0,False
CUST11359,Salt,Corporate,Healthcare,Facebook,Contacted,False,Inactive,Marketing Add-on,Year-End Campaign,Meeting,Dana Nasser,2025-05-31,2025-12-31,214.0,46.0,9,7,2,,10.0,0.0,False
CUST11360,Zarqa,Consumer,Retail,Facebook,New Lead,False,Active,CRM Enterprise,Q1 Acquisition,Meeting,Samer Khalil,2023-06-03,2024-01-25,236.0,92.0,6,8,4,7.0,9.3,0.0,False
CUST11361,Madaba,Consumer,Retail,LinkedIn,Negotiation,False,Active,Marketing Add-on,No Campaign,WhatsApp,Samer Khalil,2025-12-16,2025-12-31,15.0,56.0,7,12,5,4.2,7.3,70.24,True
CUST11362,Amman,Consumer,Technology,Google Ads,Proposal,False,Active,CRM Basic,Referral Program,Social Media,Dana Nasser,2025-11-05,2025-12-09,34.0,53.0,2,9,2,8.3,5.3,16.39,True
CUST11363,Aqaba,Small Business,Education,Referral,Proposal,False,Active,CRM Professional,Back-to-School,Meeting,Samer Khalil,2023-09-30,2024-09-09,345.0,71.0,7,8,5,7.3,9.6,78.53,True
CUST11364,Jerash,Consumer,Retail,Trade Show,Contacted,False,Active,CRM Professional,Q1 Acquisition,Social Media,Yara Odeh,2024-09-30,2024-11-14,45.0,93.0,7,8,6,9.8,,0.0,False
CUST11365,Jerash,Enterprise,Retail,LinkedIn,Proposal,False,Inactive,CRM Professional,Year-End Campaign,Meeting,Samer Khalil,2023-02-01,2023-06-15,134.0,62.0,3,9,2,17.9,7.0,560.92,True
CUST11366,Madaba,Corporate,Construction,Instagram,Won,True,Active,CRM Basic,Year-End Campaign,Phone,Yara Odeh,2024-09-20,2024-10-11,21.0,71.0,5,6,3,10.0,7.7,686.37,True
CUST11367,Madaba,Corporate,Healthcare,Google Ads,Qualified,False,Prospect,CRM Professional,No Campaign,Social Media,Omar Mansour,2024-01-23,2024-05-24,122.0,64.0,8,9,6,16.6,7.3,0.0,False
CUST11368,Madaba,Enterprise,Construction,Website,Won,True,Active,CRM Enterprise,Spring Campaign,Email,Samer Khalil,2024-04-14,2024-06-23,70.0,73.0,2,13,6,14.7,5.3,18416.35,True
CUST11369,Zarqa,Corporate,Healthcare,Trade Show,Qualified,False,Active,CRM Professional,Q1 Acquisition,Social Media,Yara Odeh,2023-11-22,2024-11-08,352.0,53.0,3,12,5,2.0,7.4,0.0,False
CUST11370,Amman,Consumer,Hospitality,Unknown,Negotiation,False,Inactive,CRM Basic,Spring Campaign,Phone,Dana Nasser,2025-05-16,2025-12-31,229.0,92.0,3,11,5,13.9,9.9,40.92,True
CUST11371,Madaba,Consumer,Construction,Trade Show,New Lead,False,Inactive,CRM Enterprise,Back-to-School,Website,Ahmad Saleh,2023-02-14,2023-04-03,48.0,30.0,4,7,1,13.3,10.0,0.0,False
CUST11372,Madaba,Corporate,Hospitality,Google Ads,Proposal,False,Active,CRM Professional,Q1 Acquisition,Website,Samer Khalil,2023-08-14,2023-09-22,39.0,60.0,4,9,0,3.8,5.6,467.99,True
CUST11373,Amman,Consumer,Retail,Instagram,Lost,False,Prospect,CRM Professional,No Campaign,Email,Dana Nasser,2024-10-29,2025-08-12,287.0,65.0,4,7,5,6.0,7.0,0.0,False
CUST11374,Irbid,Consumer,Technology,Instagram,Lost,False,Active,CRM Professional,Spring Campaign,Website,Samer Khalil,2023-11-25,2023-12-05,10.0,16.0,7,9,2,5.4,9.2,0.0,False
CUST11375,Madaba,Small Business,Healthcare,Trade Show,Contacted,False,Prospect,Marketing Add-on,Year-End Campaign,Social Media,Lina Haddad,2025-01-28,2025-02-27,30.0,43.0,3,6,6,16.2,9.1,0.0,False
CUST11376,Salt,Enterprise,Retail,Instagram,Qualified,False,Active,CRM Professional,Back-to-School,Phone,Yara Odeh,2025-06-22,2025-12-31,192.0,27.0,6,14,6,17.6,6.7,0.0,False
CUST11377,Aqaba,Consumer,Education,LinkedIn,New Lead,False,Prospect,Marketing Add-on,Year-End Campaign,Meeting,Omar Mansour,2023-04-27,2024-01-26,274.0,30.0,7,5,2,7.1,6.5,0.0,False
CUST11378,Jerash,Corporate,Healthcare,Trade Show,Won,True,Active,CRM Professional,No Campaign,Email,Ahmad Saleh,2023-12-24,2024-03-21,88.0,73.0,4,5,4,9.5,,1939.04,True
CUST11379,Salt,Consumer,Retail,LinkedIn,Proposal,False,Active,CRM Professional,Back-to-School,Website,Yara Odeh,2023-09-19,2024-05-20,244.0,60.0,4,9,3,10.3,6.5,62.71,True
CUST11380,Zarqa,Small Business,Hospitality,Instagram,Qualified,False,Inactive,CRM Professional,Summer Campaign,Social Media,Samer Khalil,2024-04-09,2025-03-04,329.0,52.0,4,5,5,20.4,10.0,0.0,False
CUST11381,Salt,Consumer,Construction,Cold Call,New Lead,False,Active,CRM Professional,Spring Campaign,Meeting,Dana Nasser,2025-05-06,2025-05-21,15.0,46.0,4,10,6,11.6,8.4,0.0,False
CUST11382,Salt,Corporate,Finance,Email Campaign,Lost,False,Active,CRM Professional,No Campaign,Meeting,Ahmad Saleh,2023-04-15,2023-04-19,4.0,23.0,5,9,4,20.9,6.5,0.0,False
CUST11383,Aqaba,Consumer,Healthcare,Website,Proposal,False,Active,CRM Enterprise,No Campaign,Social Media,Samer Khalil,2024-07-03,2025-01-10,191.0,75.0,6,7,2,,4.5,98.09,True
CUST11384,Jerash,Corporate,Finance,Google Ads,Contacted,False,Inactive,CRM Basic,Spring Campaign,WhatsApp,Lina Haddad,2024-08-10,2025-01-25,168.0,40.0,6,11,3,14.6,6.0,0.0,False
CUST11385,Madaba,Consumer,Healthcare,Website,Qualified,False,Prospect,CRM Enterprise,Referral Program,WhatsApp,Dana Nasser,2024-03-11,,,75.0,7,8,3,6.9,5.2,0.0,False
CUST11386,Irbid,Consumer,Healthcare,LinkedIn,Contacted,False,Inactive,Analytics Add-on,Back-to-School,Phone,Omar Mansour,2024-09-25,2025-01-12,109.0,49.0,5,10,3,10.7,8.0,0.0,False
CUST11387,Jerash,Small Business,Construction,Email Campaign,Proposal,False,Prospect,CRM Enterprise,Referral Program,Email,Samer Khalil,2023-06-02,2023-10-17,137.0,55.0,5,9,3,2.9,10.0,305.51,True
CUST11388,Amman,Consumer,Hospitality,Email Campaign,Lost,False,Active,CRM Professional,No Campaign,Website,Dana Nasser,2024-02-27,2024-07-30,154.0,19.0,0,6,2,5.2,6.9,0.0,False
CUST11389,Zarqa,Consumer,Manufacturing,Cold Call,Won,True,Active,Marketing Add-on,Spring Campaign,Website,Samer Khalil,2025-11-24,2025-12-31,37.0,86.0,2,8,3,4.7,6.9,141.94,True
CUST11390,Amman,Consumer,Manufacturing,Referral,Qualified,False,Active,CRM Professional,Referral Program,Social Media,Omar Mansour,2024-06-13,2025-03-12,272.0,56.0,6,4,3,9.1,,0.0,False
CUST11391,Jerash,Corporate,Finance,Referral,Won,True,Active,CRM Basic,Back-to-School,Website,Lina Haddad,2025-10-24,2025-12-31,68.0,100.0,6,8,3,11.2,9.9,633.12,True
CUST11392,Zarqa,Small Business,Technology,LinkedIn,Qualified,False,Active,Analytics Add-on,Year-End Campaign,Phone,Yara Odeh,2024-02-22,2024-05-31,99.0,91.0,8,11,0,28.3,5.8,0.0,False
CUST11393,Jerash,Consumer,Retail,Email Campaign,Contacted,False,Active,CRM Basic,Summer Campaign,WhatsApp,Omar Mansour,2024-10-31,2025-09-04,308.0,40.0,7,5,4,4.5,7.4,0.0,False
CUST11394,Amman,Corporate,Technology,Cold Call,Lost,False,Active,CRM Enterprise,Referral Program,Social Media,Omar Mansour,2024-11-24,2025-02-01,69.0,1.0,4,6,5,14.1,,0.0,False
CUST11395,Zarqa,Consumer,Technology,Website,Contacted,False,Inactive,CRM Basic,Summer Campaign,Email,Omar Mansour,2024-03-25,2024-11-27,247.0,68.0,4,6,3,9.8,6.7,0.0,False
CUST11396,Jerash,Small Business,Manufacturing,Trade Show,Contacted,False,Active,CRM Basic,Back-to-School,Social Media,Yara Odeh,2023-05-06,,,,4,13,2,11.0,5.2,0.0,False
CUST11397,Jerash,Consumer,Retail,Google Ads,Lost,False,Prospect,CRM Basic,Referral Program,Website,Ahmad Saleh,2023-09-24,2024-06-26,276.0,38.0,3,8,5,20.5,5.6,0.0,False
CUST11398,Jerash,Small Business,Manufacturing,Cold Call,New Lead,False,Inactive,CRM Professional,Q1 Acquisition,Phone,Dana Nasser,2023-08-26,2023-11-13,79.0,64.0,7,15,2,12.1,10.0,0.0,False
CUST11399,Amman,Consumer,Construction,Trade Show,Won,True,Inactive,CRM Basic,Summer Campaign,Email,Samer Khalil,2024-08-31,2025-01-24,146.0,87.0,2,12,5,25.3,5.1,175.41,True
CUST11400,Amman,Enterprise,Construction,Instagram,Lost,False,Prospect,CRM Basic,Back-to-School,Social Media,Yara Odeh,2023-09-28,2024-01-17,111.0,62.0,1,7,6,8.4,8.2,0.0,False
CUST11401,Jerash,Consumer,Manufacturing,LinkedIn,Qualified,False,Active,Analytics Add-on,Q1 Acquisition,Website,Lina Haddad,2024-08-10,,,81.0,5,4,3,4.9,6.3,0.0,False
CUST11402,Amman,Consumer,Hospitality,Cold Call,New Lead,False,Inactive,Analytics Add-on,Referral Program,Social Media,Samer Khalil,2025-10-24,2025-12-31,68.0,37.0,4,11,2,8.6,8.6,0.0,False
CUST11403,Jerash,Consumer,Manufacturing,Email Campaign,Qualified,False,Prospect,Analytics Add-on,No Campaign,Email,Ahmad Saleh,2025-12-12,2025-12-25,13.0,74.0,7,5,7,9.9,6.3,0.0,False
CUST11404,Irbid,Corporate,Education,Facebook,New Lead,False,Active,Analytics Add-on,Spring Campaign,Website,Lina Haddad,2023-05-03,2024-01-18,260.0,42.0,4,4,5,8.9,3.9,0.0,False
CUST11405,Zarqa,Small Business,Technology,Facebook,Qualified,False,Inactive,CRM Professional,Referral Program,WhatsApp,Ahmad Saleh,2023-10-10,2024-01-27,109.0,71.0,7,12,8,5.5,7.2,0.0,False
CUST11406,Jerash,Corporate,Hospitality,Cold Call,Won,True,Active,Analytics Add-on,Year-End Campaign,Meeting,Samer Khalil,2025-07-29,2025-12-31,155.0,83.0,8,7,3,2.7,10.0,3290.35,True
CUST11407,Irbid,Enterprise,Hospitality,Trade Show,Qualified,False,Active,CRM Professional,Summer Campaign,Email,Lina Haddad,2025-10-08,2025-12-31,84.0,87.0,5,12,1,12.1,6.0,0.0,False
CUST11408,Irbid,Enterprise,Technology,Trade Show,Qualified,False,Active,CRM Professional,Spring Campaign,WhatsApp,Yara Odeh,2023-11-23,2024-02-26,95.0,34.0,3,10,4,7.7,5.7,0.0,False
CUST11409,Salt,Corporate,Hospitality,Cold Call,Proposal,False,Prospect,CRM Enterprise,No Campaign,WhatsApp,Samer Khalil,2024-11-10,2025-02-23,105.0,58.0,5,6,2,8.6,7.0,1273.79,True
CUST11410,Amman,Consumer,Technology,Google Ads,Proposal,False,Prospect,CRM Basic,Back-to-School,Website,Dana Nasser,2024-02-11,2024-02-19,8.0,65.0,4,7,2,12.7,6.6,16.34,True
CUST11411,Irbid,Corporate,Education,Instagram,Won,True,Prospect,Analytics Add-on,Spring Campaign,Social Media,Ahmad Saleh,2024-10-04,2024-12-10,67.0,82.0,5,8,4,21.6,,2203.68,True
CUST11412,Amman,Consumer,Healthcare,Website,Contacted,False,Inactive,CRM Professional,Referral Program,Social Media,Dana Nasser,2025-06-17,2025-12-25,191.0,24.0,8,7,6,15.7,8.2,0.0,False
CUST11413,Jerash,Corporate,Hospitality,Cold Call,Won,True,Active,CRM Basic,Year-End Campaign,Phone,Dana Nasser,2025-08-02,2025-12-31,151.0,65.0,6,5,1,3.8,8.3,987.87,True
CUST11414,Zarqa,Small Business,Finance,Google Ads,Proposal,False,Active,CRM Basic,No Campaign,Email,Samer Khalil,2023-09-28,2023-10-07,9.0,68.0,2,6,7,14.0,7.1,46.43,True
CUST11415,Madaba,Corporate,Finance,Facebook,Contacted,False,Prospect,CRM Basic,No Campaign,Email,Samer Khalil,2023-08-10,,,39.0,11,6,5,12.2,6.4,0.0,False
CUST11416,Madaba,Small Business,Education,Trade Show,Contacted,False,Active,Marketing Add-on,Q1 Acquisition,Website,Omar Mansour,2024-04-04,2024-12-27,267.0,16.0,4,7,2,5.9,7.4,0.0,False
CUST11417,Aqaba,Small Business,Technology,LinkedIn,Qualified,False,Active,Marketing Add-on,Referral Program,Website,Omar Mansour,2023-01-18,2023-04-27,99.0,53.0,6,8,8,11.1,8.8,0.0,False
CUST11418,Unknown,Enterprise,Finance,Trade Show,Proposal,False,Active,CRM Professional,No Campaign,Phone,Lina Haddad,2023-05-15,2024-03-08,298.0,43.0,2,7,3,7.5,6.9,672.98,True
CUST11419,Aqaba,Consumer,Education,Instagram,Contacted,False,Active,CRM Professional,Back-to-School,Phone,Samer Khalil,2024-05-08,2024-10-19,164.0,62.0,8,5,3,7.8,5.7,0.0,False
CUST11420,Karak,Consumer,Manufacturing,Google Ads,Lost,False,Inactive,CRM Basic,Referral Program,WhatsApp,Ahmad Saleh,2024-09-02,2025-01-21,141.0,51.0,9,4,1,18.2,7.0,0.0,False
CUST11421,Amman,Small Business,Retail,Facebook,Proposal,False,Active,Analytics Add-on,Back-to-School,Meeting,Samer Khalil,2025-03-11,2025-12-04,268.0,85.0,2,8,4,2.9,6.2,128.51,True
CUST11422,Amman,Enterprise,Finance,Instagram,Lost,False,Inactive,CRM Basic,Summer Campaign,Phone,Samer Khalil,2023-09-11,2023-10-18,37.0,49.0,8,8,3,29.9,7.4,0.0,False
CUST11423,Madaba,Consumer,Construction,Website,New Lead,False,Prospect,Marketing Add-on,Referral Program,Social Media,Yara Odeh,2025-06-21,2025-09-03,74.0,19.0,5,4,6,11.2,6.8,0.0,False
CUST11424,Irbid,Consumer,Retail,Referral,Qualified,False,Active,CRM Enterprise,No Campaign,WhatsApp,Dana Nasser,2025-12-06,2025-12-31,25.0,1.0,5,13,2,3.4,8.2,0.0,False
CUST11425,Karak,Consumer,Construction,LinkedIn,New Lead,False,Active,Marketing Add-on,Q1 Acquisition,Meeting,Dana Nasser,2023-04-25,2024-02-27,308.0,63.0,4,10,4,21.8,9.4,0.0,False
CUST11426,Karak,Consumer,Technology,Website,Contacted,False,Active,CRM Professional,Back-to-School,Phone,Omar Mansour,2025-02-10,2025-08-28,199.0,41.0,3,15,4,4.6,5.2,0.0,False
CUST11427,Madaba,Enterprise,Finance,Trade Show,Won,True,Prospect,CRM Enterprise,No Campaign,Meeting,Yara Odeh,2023-12-03,2024-04-11,130.0,35.0,4,8,2,6.0,,18161.8,True
CUST11428,Karak,Corporate,Unknown,Email Campaign,New Lead,False,Active,CRM Enterprise,Q1 Acquisition,Social Media,Lina Haddad,2024-12-01,2025-08-04,246.0,71.0,3,10,7,16.1,6.9,0.0,False
CUST11429,Zarqa,Small Business,Healthcare,Email Campaign,Qualified,False,Active,Analytics Add-on,Year-End Campaign,Social Media,Lina Haddad,2023-09-29,2024-08-06,312.0,72.0,7,14,6,13.4,6.1,0.0,False
CUST11430,Zarqa,Small Business,Finance,Facebook,New Lead,False,Inactive,Analytics Add-on,Back-to-School,WhatsApp,Samer Khalil,2025-06-28,2025-08-27,60.0,71.0,7,11,1,22.1,7.6,0.0,False
CUST11431,Madaba,Corporate,Finance,Cold Call,Qualified,False,Active,CRM Enterprise,Summer Campaign,WhatsApp,Yara Odeh,2023-02-09,2023-11-15,279.0,69.0,6,10,4,5.6,4.5,0.0,False
CUST11432,Aqaba,Consumer,Finance,Trade Show,Won,True,Prospect,CRM Enterprise,Spring Campaign,Social Media,Ahmad Saleh,2025-05-27,2025-09-07,103.0,93.0,5,9,8,15.3,7.1,1207.0,True
CUST11433,Zarqa,Consumer,Finance,Email Campaign,Proposal,False,Prospect,Marketing Add-on,Spring Campaign,Website,Dana Nasser,2023-11-25,2024-09-16,296.0,57.0,7,9,1,29.0,5.3,12.04,True
CUST11434,Zarqa,Small Business,Construction,Google Ads,Negotiation,False,Active,Marketing Add-on,Back-to-School,WhatsApp,Ahmad Saleh,2025-03-27,2025-12-31,279.0,87.0,7,8,2,13.2,8.6,245.84,True
CUST11435,Amman,Consumer,Education,Referral,Qualified,False,Inactive,CRM Enterprise,Summer Campaign,Email,Yara Odeh,2025-08-29,,,99.0,5,8,8,22.1,7.8,0.0,False
CUST11436,Unknown,Consumer,Education,Facebook,Lost,False,Active,CRM Basic,Back-to-School,Website,Dana Nasser,2023-10-14,,,62.0,3,4,1,9.8,6.4,0.0,False
CUST11437,Karak,Consumer,Construction,LinkedIn,Negotiation,False,Inactive,CRM Basic,Spring Campaign,Email,Yara Odeh,2023-05-06,2023-10-10,157.0,66.0,5,14,3,5.5,5.5,53.78,True
CUST11438,Jerash,Consumer,Healthcare,Website,Qualified,False,Inactive,Analytics Add-on,Unknown,Meeting,Yara Odeh,2025-11-07,2025-12-31,54.0,34.0,5,9,4,27.9,10.0,0.0,False
CUST11439,Jerash,Consumer,Education,Website,Qualified,False,Active,CRM Basic,No Campaign,Meeting,Samer Khalil,2024-07-13,2025-01-08,179.0,83.0,5,10,6,10.2,6.7,0.0,False
CUST11440,Aqaba,Corporate,Education,Email Campaign,Won,True,Active,CRM Basic,Summer Campaign,Meeting,Lina Haddad,2024-09-04,2025-03-20,197.0,81.0,7,8,2,10.2,5.8,456.96,True
CUST11441,Salt,Consumer,Technology,Facebook,Proposal,False,Prospect,CRM Basic,Summer Campaign,Phone,Yara Odeh,2024-12-19,2025-07-30,223.0,69.0,7,8,3,14.8,7.4,16.76,True
CUST11442,Aqaba,Enterprise,Hospitality,Email Campaign,Negotiation,False,Active,CRM Enterprise,Q1 Acquisition,WhatsApp,Samer Khalil,2024-05-12,2024-08-09,89.0,33.0,6,10,1,,9.2,3903.8,True
CUST11443,Madaba,Consumer,Technology,Website,Qualified,False,Inactive,CRM Professional,Summer Campaign,WhatsApp,Dana Nasser,2024-03-12,2024-12-24,287.0,19.0,7,9,5,6.0,7.5,0.0,False
CUST11444,Salt,Corporate,Hospitality,Instagram,Contacted,False,Active,CRM Professional,Referral Program,Social Media,Yara Odeh,2023-06-25,2024-03-27,276.0,52.0,6,5,2,4.9,6.9,0.0,False
CUST11445,Zarqa,Corporate,Retail,Trade Show,Negotiation,False,Active,CRM Basic,Back-to-School,WhatsApp,Lina Haddad,2023-10-27,2024-06-19,236.0,55.0,6,2,6,4.4,8.1,244.08,True
CUST11446,Madaba,Enterprise,Healthcare,Facebook,Proposal,False,Prospect,Analytics Add-on,Year-End Campaign,Meeting,Ahmad Saleh,2023-05-22,2023-11-21,183.0,71.0,4,15,7,,8.4,640.49,True
CUST11447,Irbid,Corporate,Hospitality,Google Ads,Qualified,False,Active,Marketing Add-on,Year-End Campaign,Email,Ahmad Saleh,2024-05-08,2024-12-03,209.0,79.0,2,9,5,18.0,9.0,0.0,False
CUST11448,Zarqa,Consumer,Technology,Email Campaign,Proposal,False,Active,CRM Basic,Q1 Acquisition,Website,Omar Mansour,2023-05-19,2023-09-26,130.0,56.0,5,13,4,11.4,7.5,29.55,True
CUST11449,Irbid,Consumer,Healthcare,Email Campaign,Contacted,False,Active,CRM Basic,Summer Campaign,Phone,Ahmad Saleh,2024-02-14,2024-07-16,153.0,55.0,4,8,5,11.7,5.6,0.0,False
CUST11450,Irbid,Consumer,Healthcare,Cold Call,Won,True,Active,CRM Enterprise,Referral Program,Website,Omar Mansour,2023-12-22,2024-01-04,13.0,78.0,9,11,4,7.2,8.4,958.95,True
CUST11451,Karak,Consumer,Finance,Referral,Lost,False,Prospect,Analytics Add-on,Back-to-School,Email,Lina Haddad,2024-04-15,2024-08-15,122.0,,8,9,7,10.5,7.0,0.0,False
CUST11452,Irbid,Consumer,Manufacturing,LinkedIn,Won,True,Active,Analytics Add-on,Year-End Campaign,Phone,Samer Khalil,2023-09-26,2024-09-19,359.0,69.0,9,11,3,20.0,9.1,208.47,True
CUST11453,Jerash,Corporate,Manufacturing,Email Campaign,Contacted,False,Prospect,CRM Enterprise,Summer Campaign,Social Media,Yara Odeh,2023-11-07,2024-06-14,220.0,36.0,4,9,2,5.7,9.6,0.0,False
CUST11454,Amman,Small Business,Manufacturing,Google Ads,Qualified,False,Prospect,Marketing Add-on,Spring Campaign,WhatsApp,Yara Odeh,2025-08-07,2025-11-21,106.0,51.0,7,5,4,6.1,8.0,0.0,False
CUST11455,Madaba,Small Business,Healthcare,LinkedIn,Won,True,Prospect,CRM Basic,No Campaign,WhatsApp,Samer Khalil,2023-02-14,2023-04-25,70.0,100.0,3,2,2,15.2,6.5,499.57,True
CUST11456,Aqaba,Enterprise,Finance,Referral,Proposal,False,Prospect,CRM Basic,Summer Campaign,Social Media,Yara Odeh,2025-09-29,2025-12-31,93.0,57.0,4,10,5,20.5,7.3,341.38,True
CUST11457,Salt,Small Business,Retail,Cold Call,Proposal,False,Active,CRM Enterprise,Year-End Campaign,Email,Lina Haddad,2024-06-29,2025-01-01,186.0,82.0,4,4,5,13.5,,363.23,True
CUST11458,Karak,Small Business,Retail,Email Campaign,Lost,False,Prospect,Analytics Add-on,Summer Campaign,Social Media,Yara Odeh,2025-10-19,2025-12-31,73.0,46.0,5,8,5,9.9,8.6,0.0,False
CUST11459,Amman,Corporate,Manufacturing,LinkedIn,Proposal,False,Active,CRM Enterprise,No Campaign,Meeting,Yara Odeh,2023-03-24,2023-06-14,82.0,68.0,7,6,5,19.3,5.2,1435.2,True
CUST11460,Jerash,Consumer,Retail,LinkedIn,Qualified,False,Active,Marketing Add-on,No Campaign,Email,Lina Haddad,2024-12-07,2025-02-20,75.0,92.0,5,16,1,10.8,9.7,0.0,False
CUST11461,Zarqa,Consumer,Finance,LinkedIn,New Lead,False,Active,Analytics Add-on,Year-End Campaign,Phone,Dana Nasser,2024-07-13,2025-06-18,340.0,4.0,7,10,1,17.6,9.2,0.0,False
CUST11462,Salt,Enterprise,Unknown,Website,New Lead,False,Active,CRM Enterprise,Year-End Campaign,Website,Ahmad Saleh,2025-12-09,2025-12-31,22.0,,6,11,1,15.9,6.7,0.0,False
CUST11463,Aqaba,Enterprise,Hospitality,Referral,New Lead,False,Inactive,CRM Basic,No Campaign,Website,Ahmad Saleh,2025-11-23,2025-12-31,38.0,54.0,3,8,3,1.1,,0.0,False
CUST11464,Salt,Corporate,Hospitality,Google Ads,Won,True,Active,CRM Basic,Back-to-School,Social Media,Ahmad Saleh,2023-01-12,2023-08-14,214.0,88.0,5,8,3,13.4,7.4,639.19,True
CUST11465,Madaba,Consumer,Finance,Cold Call,Qualified,False,Active,Analytics Add-on,Unknown,WhatsApp,Omar Mansour,2024-03-21,2025-01-30,315.0,31.0,4,7,2,22.0,5.7,0.0,False
CUST11466,Karak,Corporate,Construction,Referral,Qualified,False,Active,CRM Basic,Summer Campaign,Social Media,Ahmad Saleh,2023-03-19,2024-01-31,318.0,37.0,7,3,2,12.5,3.6,0.0,False
CUST11467,Amman,Consumer,Retail,Unknown,Won,True,Active,CRM Basic,Q1 Acquisition,WhatsApp,Yara Odeh,2025-05-21,2025-10-12,144.0,86.0,7,8,4,22.5,6.8,140.1,True
CUST11468,Salt,Consumer,Unknown,Website,Proposal,False,Inactive,Marketing Add-on,No Campaign,Social Media,Yara Odeh,2024-01-10,2024-08-13,216.0,20.0,4,8,3,8.1,6.8,55.84,True
CUST11469,Jerash,Consumer,Hospitality,Cold Call,Proposal,False,Active,Marketing Add-on,Referral Program,Social Media,Dana Nasser,2024-04-16,,,56.0,7,3,6,12.1,7.8,40.45,True
CUST11470,Amman,Small Business,Finance,Instagram,Contacted,False,Active,CRM Basic,Back-to-School,Website,Samer Khalil,2023-12-13,2024-11-01,324.0,25.0,2,4,2,4.2,4.9,0.0,False
CUST11471,Amman,Consumer,Education,LinkedIn,Won,True,Active,Analytics Add-on,No Campaign,Meeting,Samer Khalil,2025-12-01,2025-12-16,15.0,84.0,11,7,8,17.3,7.5,268.1,True
CUST11472,Jerash,Consumer,Hospitality,Referral,Contacted,False,Active,CRM Basic,No Campaign,WhatsApp,Yara Odeh,2025-05-04,2025-12-07,217.0,47.0,5,8,5,6.2,10.0,0.0,False
CUST11473,Aqaba,Consumer,Education,Google Ads,New Lead,False,Active,CRM Professional,Q1 Acquisition,Meeting,Omar Mansour,2023-11-12,2023-12-17,35.0,48.0,3,3,8,13.4,10.0,0.0,False
CUST11474,Salt,Small Business,Finance,Cold Call,Contacted,False,Active,CRM Enterprise,Year-End Campaign,Meeting,Dana Nasser,2024-07-07,2025-01-06,183.0,33.0,2,5,7,,7.4,0.0,False
CUST11475,Jerash,Corporate,Finance,Trade Show,Contacted,False,Active,Analytics Add-on,Back-to-School,Meeting,Lina Haddad,2024-07-02,2025-03-29,270.0,55.0,4,10,1,2.7,7.1,0.0,False
CUST11476,Salt,Small Business,Unknown,Instagram,Contacted,False,Active,CRM Basic,Referral Program,Website,Yara Odeh,2023-05-05,2024-04-27,358.0,50.0,3,9,8,2.0,8.6,0.0,False
CUST11477,Jerash,Consumer,Hospitality,Website,Negotiation,False,Active,CRM Professional,Summer Campaign,Meeting,Samer Khalil,2025-06-26,2025-10-04,100.0,56.0,10,7,4,16.6,5.0,101.51,True
CUST11478,Zarqa,Small Business,Technology,Website,Contacted,False,Prospect,CRM Basic,Q1 Acquisition,WhatsApp,Dana Nasser,2025-12-14,2025-12-21,7.0,72.0,4,8,4,,8.3,0.0,False
CUST11479,Madaba,Small Business,Healthcare,Unknown,Negotiation,False,Active,Marketing Add-on,Spring Campaign,Phone,Lina Haddad,2025-02-01,2025-03-03,30.0,87.0,6,6,3,27.4,8.5,187.44,True
CUST11480,Madaba,Small Business,Hospitality,Facebook,New Lead,False,Prospect,CRM Enterprise,Spring Campaign,Meeting,Omar Mansour,2025-06-27,2025-12-31,187.0,27.0,3,12,6,27.1,4.6,0.0,False
CUST11481,Zarqa,Consumer,Manufacturing,Facebook,New Lead,False,Inactive,CRM Professional,Summer Campaign,Meeting,Yara Odeh,2024-07-26,2024-12-17,144.0,24.0,5,5,6,6.7,8.7,0.0,False
CUST11482,Aqaba,Small Business,Healthcare,Cold Call,Qualified,False,Active,CRM Basic,Summer Campaign,Phone,Ahmad Saleh,2025-01-20,2025-05-11,111.0,79.0,3,12,3,14.8,8.3,0.0,False
CUST11483,Irbid,Enterprise,Healthcare,Trade Show,Lost,False,Prospect,CRM Enterprise,Referral Program,Meeting,Yara Odeh,2025-07-25,,,13.0,3,11,3,5.4,7.7,0.0,False
CUST11484,Amman,Consumer,Retail,Google Ads,Won,True,Inactive,CRM Enterprise,Unknown,Phone,Dana Nasser,2024-11-03,2025-05-01,179.0,54.0,10,4,4,9.6,7.5,478.47,True
CUST11485,Aqaba,Consumer,Education,LinkedIn,Lost,False,Inactive,Analytics Add-on,Back-to-School,Email,Yara Odeh,2025-09-22,2025-12-03,72.0,55.0,2,13,4,18.2,8.6,0.0,False
CUST11486,Jerash,Consumer,Retail,Facebook,Proposal,False,Active,CRM Professional,Back-to-School,Website,Samer Khalil,2023-06-16,2024-01-12,210.0,100.0,3,12,3,3.2,7.8,87.32,True
CUST11487,Jerash,Small Business,Manufacturing,Instagram,Negotiation,False,Active,Marketing Add-on,Year-End Campaign,Website,Omar Mansour,2025-04-11,2025-11-17,220.0,61.0,7,5,6,9.8,8.3,108.2,True
CUST11488,Jerash,Consumer,Finance,Referral,Proposal,False,Active,CRM Professional,Summer Campaign,Phone,Yara Odeh,2024-06-24,2024-09-12,80.0,57.0,5,10,5,12.8,8.1,35.02,True
CUST11489,Madaba,Consumer,Technology,Trade Show,Proposal,False,Active,CRM Professional,Spring Campaign,Social Media,Dana Nasser,2025-02-22,2025-05-16,83.0,63.0,6,6,2,18.9,7.4,59.72,True
CUST11490,Aqaba,Consumer,Manufacturing,Google Ads,New Lead,False,Prospect,CRM Professional,Back-to-School,Website,Omar Mansour,2023-10-25,2023-12-06,42.0,31.0,5,7,4,9.3,8.4,0.0,False
CUST11491,Madaba,Enterprise,Finance,Instagram,Proposal,False,Prospect,CRM Professional,Year-End Campaign,WhatsApp,Lina Haddad,2024-03-26,2024-12-24,273.0,58.0,2,6,7,5.2,7.3,1168.92,True
CUST11492,Irbid,Corporate,Manufacturing,Trade Show,Qualified,False,Active,Marketing Add-on,Q1 Acquisition,Website,Dana Nasser,2025-01-18,2025-07-28,191.0,48.0,3,5,3,17.5,6.5,0.0,False
CUST11493,Salt,Small Business,Finance,Instagram,Qualified,False,Inactive,CRM Enterprise,Summer Campaign,Website,Yara Odeh,2025-01-08,2025-06-30,173.0,64.0,4,5,8,4.2,,0.0,False
CUST11494,Jerash,Corporate,Hospitality,Google Ads,Proposal,False,Inactive,CRM Professional,Referral Program,WhatsApp,Yara Odeh,2024-06-23,2024-06-30,7.0,81.0,10,7,2,6.9,6.3,564.39,True
CUST11495,Karak,Consumer,Technology,Website,New Lead,False,Active,CRM Basic,Back-to-School,Phone,Ahmad Saleh,2025-06-07,2025-11-09,155.0,43.0,6,11,7,20.2,9.7,0.0,False
CUST11496,Amman,Corporate,Finance,LinkedIn,Qualified,False,Active,CRM Basic,No Campaign,Phone,Lina Haddad,2023-07-23,2023-08-02,10.0,,9,7,5,10.5,5.9,0.0,False
CUST11497,Salt,Small Business,Healthcare,LinkedIn,New Lead,False,Active,CRM Professional,No Campaign,WhatsApp,Ahmad Saleh,2025-08-01,2025-09-04,34.0,28.0,3,6,5,6.1,5.8,0.0,False
CUST11498,Salt,Consumer,Manufacturing,Email Campaign,Lost,False,Inactive,CRM Enterprise,Summer Campaign,Website,Omar Mansour,2024-11-19,2024-12-25,36.0,21.0,10,10,3,19.2,7.8,0.0,False
CUST11499,Amman,Corporate,Technology,Facebook,New Lead,False,Prospect,CRM Enterprise,Referral Program,Meeting,Ahmad Saleh,2025-12-05,2025-12-11,6.0,14.0,6,8,4,12.4,,0.0,False
CUST11500,Madaba,Corporate,Finance,Cold Call,Contacted,False,Active,CRM Basic,Spring Campaign,Website,Lina Haddad,2025-02-20,2025-09-23,215.0,20.0,5,9,4,1.9,10.0,0.0,False
CUST11501,Salt,Corporate,Healthcare,Referral,Won,True,Active,CRM Basic,Spring Campaign,Phone,Lina Haddad,2024-04-08,2024-08-20,134.0,93.0,4,9,2,9.0,,736.39,True
CUST11502,Madaba,Consumer,Healthcare,Email Campaign,Qualified,False,Inactive,CRM Professional,No Campaign,Meeting,Lina Haddad,2025-04-06,2025-12-31,269.0,48.0,5,9,4,17.4,6.9,0.0,False
CUST11503,Amman,Enterprise,Hospitality,Email Campaign,New Lead,False,Inactive,Marketing Add-on,Summer Campaign,Email,Yara Odeh,2025-07-29,2025-12-02,126.0,48.0,1,3,3,10.5,,0.0,False
CUST11504,Amman,Enterprise,Education,Email Campaign,Qualified,False,Active,CRM Professional,Spring Campaign,Phone,Omar Mansour,2024-09-11,2025-08-14,337.0,46.0,3,3,3,15.5,6.5,0.0,False
CUST11505,Salt,Consumer,Healthcare,Google Ads,New Lead,False,Active,CRM Professional,No Campaign,WhatsApp,Samer Khalil,2025-04-12,2025-10-03,174.0,,5,5,7,0.7,7.4,0.0,False
CUST11506,Salt,Consumer,Retail,LinkedIn,Contacted,False,Prospect,CRM Professional,Q1 Acquisition,Meeting,Omar Mansour,2023-09-11,2024-02-10,152.0,43.0,5,3,8,3.6,9.9,0.0,False
CUST11507,Karak,Consumer,Technology,Google Ads,New Lead,False,Active,CRM Basic,Summer Campaign,Email,Lina Haddad,2024-03-22,2025-02-16,331.0,71.0,4,11,4,9.5,6.5,0.0,False
CUST11508,Jerash,Enterprise,Technology,Trade Show,Qualified,False,Active,CRM Professional,Q1 Acquisition,Email,Omar Mansour,2024-07-17,2024-08-12,26.0,50.0,8,7,5,6.4,5.5,0.0,False
CUST11509,Salt,Small Business,Construction,LinkedIn,Won,True,Prospect,Analytics Add-on,Back-to-School,WhatsApp,Dana Nasser,2024-11-06,2025-03-01,115.0,97.0,6,9,3,17.8,3.6,875.2,True
CUST11510,Madaba,Consumer,Unknown,Website,Proposal,False,Active,Marketing Add-on,Summer Campaign,Meeting,Dana Nasser,2023-07-24,2024-05-03,284.0,39.0,6,6,1,11.6,7.0,28.83,True
CUST11511,Amman,Consumer,Finance,Instagram,Proposal,False,Prospect,CRM Professional,Referral Program,Social Media,Samer Khalil,2024-04-02,2024-06-16,75.0,94.0,10,10,8,19.8,,102.05,True
CUST11512,Madaba,Consumer,Manufacturing,Website,Contacted,False,Active,CRM Basic,No Campaign,Phone,Omar Mansour,2023-12-26,2024-06-09,166.0,67.0,5,2,5,2.9,6.6,0.0,False
CUST11513,Amman,Small Business,Finance,Cold Call,Qualified,False,Active,CRM Enterprise,Back-to-School,Website,Yara Odeh,2023-12-17,2024-06-23,189.0,48.0,5,7,5,2.9,8.1,0.0,False
CUST11514,Irbid,Consumer,Retail,Website,Won,True,Active,CRM Enterprise,Spring Campaign,Meeting,Omar Mansour,2025-09-04,2025-11-21,78.0,68.0,4,6,1,11.0,5.5,1023.72,True
CUST11515,Irbid,Enterprise,Construction,LinkedIn,New Lead,False,Active,CRM Basic,No Campaign,Phone,Dana Nasser,2025-10-12,2025-12-31,80.0,64.0,1,10,2,4.1,8.3,0.0,False
CUST11516,Jerash,Small Business,Manufacturing,Website,Won,True,Active,Analytics Add-on,Year-End Campaign,WhatsApp,Lina Haddad,2024-06-20,2024-12-13,176.0,99.0,6,11,5,11.1,8.4,482.67,True
CUST11517,Zarqa,Corporate,Hospitality,Facebook,Qualified,False,Inactive,Analytics Add-on,Year-End Campaign,Website,Ahmad Saleh,2023-05-04,2023-05-25,21.0,55.0,7,11,2,6.9,5.7,0.0,False
CUST11518,Jerash,Consumer,Healthcare,Unknown,Won,True,Active,CRM Professional,Spring Campaign,Social Media,Lina Haddad,2024-10-04,2024-11-27,54.0,63.0,5,6,5,2.3,,329.66,True
CUST11519,Zarqa,Consumer,Construction,Referral,Contacted,False,Prospect,CRM Professional,Q1 Acquisition,WhatsApp,Samer Khalil,2023-09-18,2024-03-20,184.0,72.0,9,5,4,10.2,7.1,0.0,False
CUST11520,Zarqa,Small Business,Finance,Cold Call,Contacted,False,Active,CRM Enterprise,Back-to-School,Phone,Ahmad Saleh,2024-08-10,2025-08-04,359.0,41.0,14,5,3,5.3,8.3,0.0,False
CUST11521,Madaba,Consumer,Manufacturing,Instagram,Negotiation,False,Active,CRM Enterprise,Back-to-School,Email,Lina Haddad,2024-11-26,2025-07-06,222.0,80.0,6,8,5,10.1,8.7,295.89,True
CUST11522,Karak,Consumer,Healthcare,Google Ads,Won,True,Active,CRM Basic,Q1 Acquisition,WhatsApp,Omar Mansour,2025-06-20,2025-12-31,194.0,69.0,3,7,5,4.1,7.9,177.53,True
CUST11523,Unknown,Enterprise,Manufacturing,Referral,Contacted,False,Inactive,CRM Basic,Q1 Acquisition,WhatsApp,Yara Odeh,2024-09-22,2025-08-16,328.0,46.0,5,14,4,,8.7,0.0,False
CUST11524,Aqaba,Consumer,Healthcare,Referral,Lost,False,Active,CRM Basic,Spring Campaign,Phone,Omar Mansour,2024-08-15,2025-02-10,179.0,83.0,6,7,4,6.9,8.2,0.0,False
CUST11525,Amman,Consumer,Manufacturing,Referral,New Lead,False,Active,CRM Enterprise,Unknown,Social Media,Dana Nasser,2025-02-19,2025-11-22,276.0,,10,6,4,15.4,10.0,0.0,False
CUST11526,Amman,Consumer,Finance,Google Ads,New Lead,False,Prospect,CRM Professional,Q1 Acquisition,Phone,Omar Mansour,2025-10-05,2025-12-31,87.0,69.0,2,7,2,6.4,4.0,0.0,False
CUST11527,Aqaba,Consumer,Construction,Facebook,Proposal,False,Active,CRM Professional,Back-to-School,Phone,Omar Mansour,2024-03-27,2024-11-06,224.0,37.0,5,7,1,23.1,6.0,71.14,True
CUST11528,Karak,Enterprise,Finance,Facebook,Negotiation,False,Active,Analytics Add-on,No Campaign,Social Media,Samer Khalil,2023-03-28,2023-10-28,214.0,38.0,7,4,7,8.8,5.8,2270.32,True
CUST11529,Zarqa,Consumer,Retail,Google Ads,Lost,False,Active,CRM Professional,Year-End Campaign,Social Media,Yara Odeh,2023-09-30,2023-11-28,59.0,57.0,5,4,5,23.1,9.0,0.0,False
CUST11530,Jerash,Consumer,Hospitality,Trade Show,Qualified,False,Inactive,CRM Enterprise,Year-End Campaign,WhatsApp,Ahmad Saleh,2025-09-09,2025-12-31,113.0,45.0,4,7,0,13.7,6.9,0.0,False
CUST11531,Zarqa,Small Business,Hospitality,Facebook,New Lead,False,Active,CRM Professional,Spring Campaign,Email,Lina Haddad,2024-11-12,2025-03-01,109.0,40.0,4,12,3,20.0,3.8,0.0,False
CUST11532,Karak,Consumer,Education,LinkedIn,Proposal,False,Prospect,CRM Professional,Q1 Acquisition,Phone,Lina Haddad,2023-11-13,2024-04-18,157.0,25.0,5,12,3,22.8,8.1,61.56,True
CUST11533,Amman,Consumer,Technology,Google Ads,Contacted,False,Inactive,CRM Professional,Back-to-School,Email,Samer Khalil,2025-08-28,2025-12-31,125.0,9.0,6,5,5,2.1,5.4,0.0,False
CUST11534,Amman,Consumer,Finance,Facebook,Qualified,False,Inactive,Marketing Add-on,Summer Campaign,Social Media,Ahmad Saleh,2023-08-26,2024-03-13,200.0,60.0,7,5,4,2.7,7.0,0.0,False
CUST11535,Amman,Consumer,Finance,LinkedIn,Qualified,False,Active,Analytics Add-on,No Campaign,Social Media,Omar Mansour,2023-01-18,2023-11-26,312.0,50.0,3,2,3,22.4,5.4,0.0,False
CUST11536,Irbid,Consumer,Healthcare,Website,New Lead,False,Prospect,CRM Basic,Q1 Acquisition,Phone,Yara Odeh,2024-03-12,2024-09-24,196.0,33.0,8,10,2,5.4,9.3,0.0,False
CUST11537,Irbid,Consumer,Education,Facebook,Qualified,False,Active,Marketing Add-on,Referral Program,WhatsApp,Samer Khalil,2025-06-26,2025-07-31,35.0,93.0,13,11,4,17.9,,0.0,False
CUST11538,Karak,Corporate,Hospitality,Cold Call,Qualified,False,Active,Analytics Add-on,Summer Campaign,Phone,Omar Mansour,2025-12-04,2025-12-31,27.0,70.0,7,6,5,6.0,8.8,0.0,False
CUST11539,Irbid,Consumer,Finance,Website,Negotiation,False,Active,CRM Basic,No Campaign,WhatsApp,Lina Haddad,2023-06-25,2024-02-17,237.0,100.0,3,9,4,9.0,7.1,29.23,True
CUST11540,Zarqa,Corporate,Manufacturing,Website,Proposal,False,Inactive,CRM Basic,Back-to-School,Website,Samer Khalil,2025-05-27,2025-09-08,104.0,,5,7,5,4.3,6.9,222.48,True
CUST11541,Aqaba,Corporate,Hospitality,Facebook,Contacted,False,Active,CRM Professional,No Campaign,WhatsApp,Yara Odeh,2024-05-23,2024-05-30,7.0,80.0,3,7,3,4.1,9.5,0.0,False
CUST11542,Salt,Small Business,Education,LinkedIn,Contacted,False,Active,CRM Enterprise,Back-to-School,Phone,Samer Khalil,2025-11-21,2025-12-31,40.0,70.0,4,4,7,4.6,7.6,0.0,False
CUST11543,Karak,Consumer,Technology,Cold Call,Contacted,False,Prospect,CRM Enterprise,Summer Campaign,Phone,Samer Khalil,2025-01-27,2025-01-28,1.0,40.0,8,9,2,17.9,7.8,0.0,False
CUST11544,Karak,Consumer,Manufacturing,LinkedIn,Contacted,False,Active,CRM Basic,No Campaign,WhatsApp,Lina Haddad,2024-02-14,2024-09-20,219.0,47.0,7,6,2,17.3,6.0,0.0,False
CUST11545,Aqaba,Corporate,Healthcare,Referral,Proposal,False,Active,CRM Professional,Summer Campaign,Email,Yara Odeh,2024-02-28,2024-10-15,230.0,60.0,5,9,4,5.9,7.6,288.66,True
CUST11546,Madaba,Small Business,Retail,LinkedIn,Lost,False,Active,CRM Basic,Referral Program,WhatsApp,Lina Haddad,2023-06-15,2023-12-04,172.0,66.0,4,15,5,25.7,9.7,0.0,False
CUST11547,Zarqa,Small Business,Manufacturing,LinkedIn,Proposal,False,Inactive,CRM Basic,Q1 Acquisition,Website,Dana Nasser,2023-10-10,2024-01-05,87.0,73.0,5,5,2,3.5,7.0,55.47,True
CUST11548,Aqaba,Consumer,Construction,Trade Show,Proposal,False,Active,CRM Professional,Q1 Acquisition,Website,Yara Odeh,2023-09-09,2023-10-20,41.0,49.0,9,10,3,12.5,6.8,18.46,True
CUST11549,Amman,Enterprise,Hospitality,Email Campaign,Qualified,False,Active,CRM Professional,Back-to-School,Email,Lina Haddad,2023-10-12,2024-02-12,123.0,34.0,0,11,4,18.0,8.6,0.0,False
CUST11550,Madaba,Consumer,Construction,Instagram,Contacted,False,Prospect,CRM Professional,Year-End Campaign,Website,Yara Odeh,2023-06-29,2024-05-25,331.0,25.0,6,6,2,28.6,6.4,0.0,False
CUST11551,Aqaba,Consumer,Unknown,Email Campaign,Won,True,Active,Marketing Add-on,Year-End Campaign,Phone,Lina Haddad,2025-09-17,2025-12-31,105.0,62.0,5,12,3,2.2,8.5,77.53,True
CUST11552,Aqaba,Consumer,Manufacturing,Cold Call,Lost,False,Active,CRM Basic,Q1 Acquisition,Email,Omar Mansour,2025-05-24,2025-11-18,178.0,26.0,4,12,4,14.8,9.4,0.0,False
CUST11553,Salt,Consumer,Education,Cold Call,Qualified,False,Prospect,CRM Basic,Referral Program,Email,Lina Haddad,2025-03-25,2025-05-27,63.0,36.0,6,10,6,16.0,,0.0,False
CUST11554,Irbid,Small Business,Education,Google Ads,Contacted,False,Active,CRM Basic,Q1 Acquisition,Email,Yara Odeh,2025-09-17,2025-12-31,105.0,72.0,6,7,7,10.4,7.6,0.0,False
CUST11555,Jerash,Corporate,Technology,LinkedIn,Won,True,Active,CRM Professional,No Campaign,Meeting,Ahmad Saleh,2023-05-03,2023-11-06,187.0,49.0,6,8,3,10.1,6.1,3522.9,True
CUST11556,Irbid,Corporate,Hospitality,Website,New Lead,False,Active,CRM Enterprise,Summer Campaign,WhatsApp,Omar Mansour,2025-03-14,2025-10-09,209.0,48.0,3,7,2,8.0,3.8,0.0,False
CUST11557,Aqaba,Corporate,Education,Email Campaign,Won,True,Active,CRM Enterprise,Spring Campaign,WhatsApp,Yara Odeh,2025-02-14,2025-09-29,227.0,100.0,2,4,2,18.6,5.1,7263.34,True
CUST11558,Amman,Small Business,Manufacturing,Unknown,Won,True,Prospect,CRM Professional,Summer Campaign,Email,Yara Odeh,2023-08-13,2023-09-30,48.0,82.0,6,8,2,24.4,9.7,846.97,True
CUST11559,Jerash,Small Business,Unknown,Referral,New Lead,False,Active,CRM Professional,No Campaign,Website,Yara Odeh,2024-01-30,2024-09-10,224.0,42.0,4,5,3,5.7,5.3,0.0,False
CUST11560,Karak,Consumer,Manufacturing,Instagram,Lost,False,Active,CRM Professional,Back-to-School,Meeting,Dana Nasser,2024-11-14,2024-11-17,3.0,50.0,2,5,2,9.5,9.2,0.0,False
CUST11561,Aqaba,Small Business,Retail,LinkedIn,Lost,False,Prospect,CRM Professional,Back-to-School,Meeting,Ahmad Saleh,2024-10-14,2025-04-07,175.0,15.0,4,4,4,6.7,9.4,0.0,False
CUST11562,Salt,Consumer,Unknown,Google Ads,Lost,False,Active,CRM Enterprise,Year-End Campaign,Phone,Dana Nasser,2025-06-21,2025-09-28,99.0,54.0,5,11,8,13.0,6.9,0.0,False
CUST11563,Aqaba,Consumer,Manufacturing,Email Campaign,Qualified,False,Inactive,CRM Basic,No Campaign,Phone,Samer Khalil,2024-02-24,2024-06-19,116.0,67.0,7,8,5,11.4,6.2,0.0,False
CUST11564,Irbid,Consumer,Education,Referral,Contacted,False,Active,Analytics Add-on,Summer Campaign,WhatsApp,Samer Khalil,2025-07-02,2025-12-31,182.0,49.0,4,9,2,9.9,,0.0,False
CUST11565,Karak,Consumer,Hospitality,Trade Show,Proposal,False,Active,CRM Professional,Spring Campaign,Social Media,Samer Khalil,2023-07-27,2024-04-05,253.0,33.0,6,6,3,8.7,7.3,36.62,True
CUST11566,Zarqa,Small Business,Unknown,Instagram,Qualified,False,Active,CRM Basic,Year-End Campaign,Email,Lina Haddad,2025-04-02,2025-12-31,273.0,98.0,4,9,4,6.8,7.1,0.0,False
CUST11567,Aqaba,Enterprise,Hospitality,Cold Call,Contacted,False,Active,CRM Professional,Back-to-School,Social Media,Lina Haddad,2025-09-01,2025-12-05,95.0,55.0,2,7,2,2.0,10.0,0.0,False
CUST11568,Aqaba,Consumer,Education,Trade Show,Qualified,False,Active,Marketing Add-on,Q1 Acquisition,Phone,Omar Mansour,2025-03-29,2025-12-27,273.0,36.0,3,9,5,4.1,9.3,0.0,False
CUST11569,Irbid,Enterprise,Finance,LinkedIn,Negotiation,False,Inactive,CRM Basic,Back-to-School,WhatsApp,Ahmad Saleh,2023-01-08,2023-02-01,24.0,53.0,2,10,4,11.7,8.5,618.64,True
CUST11570,Jerash,Corporate,Healthcare,Instagram,New Lead,False,Inactive,CRM Basic,Year-End Campaign,WhatsApp,Ahmad Saleh,2023-04-20,2023-08-14,116.0,24.0,4,5,3,15.0,8.8,0.0,False
CUST11571,Karak,Small Business,Manufacturing,Website,Contacted,False,Inactive,CRM Professional,Referral Program,WhatsApp,Yara Odeh,2023-05-12,2023-10-10,151.0,82.0,4,10,2,22.5,7.6,0.0,False
CUST11572,Madaba,Small Business,Finance,Trade Show,New Lead,False,Active,CRM Enterprise,No Campaign,WhatsApp,Samer Khalil,2023-09-10,2024-08-13,338.0,38.0,5,11,4,5.0,9.5,0.0,False
CUST11573,Madaba,Consumer,Hospitality,Website,Negotiation,False,Active,CRM Basic,Back-to-School,WhatsApp,Samer Khalil,2024-04-29,2024-06-18,50.0,71.0,5,9,7,9.6,6.5,31.34,True
CUST11574,Unknown,Corporate,Construction,Facebook,Proposal,False,Inactive,Marketing Add-on,Back-to-School,Email,Yara Odeh,2024-02-13,2024-09-06,206.0,56.0,4,7,8,25.7,8.1,207.17,True
CUST11575,Irbid,Small Business,Education,Trade Show,New Lead,False,Inactive,CRM Enterprise,Q1 Acquisition,Meeting,Lina Haddad,2023-08-21,,,61.0,4,8,2,,7.4,0.0,False
CUST11576,Madaba,Enterprise,Education,Referral,Lost,False,Inactive,Analytics Add-on,No Campaign,Social Media,Dana Nasser,2025-05-21,2025-08-08,79.0,67.0,5,8,2,4.2,6.2,0.0,False
CUST11577,Madaba,Small Business,Healthcare,LinkedIn,New Lead,False,Active,CRM Professional,Q1 Acquisition,Meeting,Yara Odeh,2023-03-09,2023-05-18,70.0,10.0,4,9,6,18.7,8.3,0.0,False
CUST11578,Aqaba,Corporate,Education,Trade Show,Proposal,False,Active,Analytics Add-on,No Campaign,Phone,Ahmad Saleh,2025-07-10,2025-08-06,27.0,,3,6,4,3.5,8.0,279.75,True
CUST11579,Zarqa,Corporate,Healthcare,Trade Show,Won,True,Active,CRM Professional,Summer Campaign,Phone,Ahmad Saleh,2023-03-13,2023-12-09,271.0,76.0,2,7,4,7.0,7.8,1892.95,True
CUST11580,Irbid,Consumer,Manufacturing,Facebook,Won,True,Active,CRM Basic,Summer Campaign,Meeting,Dana Nasser,2025-02-20,2025-04-11,50.0,61.0,1,10,6,3.9,6.5,158.38,True
CUST11581,Madaba,Consumer,Retail,Instagram,New Lead,False,Prospect,Marketing Add-on,Summer Campaign,WhatsApp,Ahmad Saleh,2025-08-26,2025-12-31,127.0,28.0,2,8,5,7.0,8.4,0.0,False
CUST11582,Madaba,Consumer,Healthcare,Instagram,Won,True,Inactive,CRM Basic,No Campaign,WhatsApp,Ahmad Saleh,2024-11-08,2025-07-13,247.0,74.0,6,6,4,9.2,4.3,71.41,True
CUST11583,Zarqa,Consumer,Healthcare,Referral,Won,True,Active,Marketing Add-on,No Campaign,Meeting,Lina Haddad,2024-01-06,2024-09-26,264.0,60.0,3,7,6,13.5,8.2,137.37,True
CUST11584,Madaba,Consumer,Finance,Instagram,Proposal,False,Active,CRM Professional,No Campaign,WhatsApp,Ahmad Saleh,2024-01-29,2024-04-17,79.0,73.0,4,8,2,6.0,6.1,47.04,True
CUST11585,Irbid,Corporate,Education,Email Campaign,Qualified,False,Active,Marketing Add-on,Referral Program,Meeting,Samer Khalil,2024-08-11,2025-02-17,190.0,65.0,5,6,2,5.2,7.2,0.0,False
CUST11586,Karak,Small Business,Manufacturing,Facebook,New Lead,False,Prospect,CRM Professional,Q1 Acquisition,Website,Samer Khalil,2025-03-10,2025-04-26,47.0,50.0,7,6,5,15.4,5.7,0.0,False
CUST11587,Amman,Enterprise,Retail,Email Campaign,Proposal,False,Prospect,CRM Enterprise,Summer Campaign,Phone,Omar Mansour,2023-01-14,2024-01-10,361.0,58.0,4,5,5,4.6,8.5,2407.19,True
CUST11588,Amman,Corporate,Technology,Email Campaign,Qualified,False,Active,CRM Basic,Spring Campaign,WhatsApp,Lina Haddad,2024-08-28,2025-08-17,354.0,17.0,6,8,2,7.1,,0.0,False
CUST11589,Jerash,Small Business,Hospitality,Facebook,Won,True,Inactive,CRM Professional,Referral Program,Social Media,Lina Haddad,2024-03-14,2025-03-01,352.0,66.0,4,8,2,9.3,5.6,1405.64,True
CUST11590,Karak,Enterprise,Healthcare,Email Campaign,Qualified,False,Active,CRM Enterprise,Back-to-School,Website,Samer Khalil,2023-07-21,2024-01-26,189.0,39.0,4,5,4,4.5,6.6,0.0,False
CUST11591,Salt,Small Business,Technology,Email Campaign,Negotiation,False,Active,Analytics Add-on,Year-End Campaign,Email,Lina Haddad,2023-10-19,2024-07-01,256.0,70.0,8,8,1,18.4,8.4,306.43,True
CUST11592,Amman,Corporate,Education,Email Campaign,New Lead,False,Inactive,CRM Basic,Q1 Acquisition,Website,Lina Haddad,2025-12-18,,,51.0,5,8,7,19.3,7.3,0.0,False
CUST11593,Salt,Consumer,Hospitality,Referral,New Lead,False,Active,CRM Professional,Referral Program,Website,Omar Mansour,2024-09-14,2025-05-13,241.0,78.0,6,4,5,17.0,7.3,0.0,False
CUST11594,Irbid,Consumer,Healthcare,Cold Call,New Lead,False,Inactive,CRM Professional,No Campaign,Website,Dana Nasser,2023-06-10,2024-03-05,269.0,22.0,4,12,4,7.0,8.3,0.0,False
CUST11595,Karak,Consumer,Construction,Referral,New Lead,False,Active,CRM Basic,Year-End Campaign,Social Media,Yara Odeh,2025-10-28,,,43.0,5,8,2,,6.9,0.0,False
CUST11596,Jerash,Small Business,Construction,Website,Proposal,False,Active,CRM Professional,No Campaign,Phone,Ahmad Saleh,2025-04-26,2025-05-30,34.0,70.0,3,10,4,3.3,6.9,92.65,True
CUST11597,Amman,Small Business,Technology,Trade Show,Won,True,Active,Analytics Add-on,Back-to-School,WhatsApp,Omar Mansour,2025-01-23,2025-04-12,79.0,100.0,7,11,4,13.6,,290.65,True
CUST11598,Irbid,Small Business,Finance,Instagram,Proposal,False,Active,CRM Professional,Q1 Acquisition,Social Media,Dana Nasser,2023-06-30,2024-02-21,236.0,71.0,4,7,2,10.3,7.8,140.22,True
CUST11599,Jerash,Consumer,Technology,Facebook,Proposal,False,Active,CRM Professional,No Campaign,Social Media,Ahmad Saleh,2025-11-22,2025-12-31,39.0,60.0,3,10,6,2.2,7.8,61.39,True
CUST11600,Karak,Enterprise,Hospitality,Email Campaign,Negotiation,False,Active,Marketing Add-on,Q1 Acquisition,Meeting,Samer Khalil,2025-03-15,2025-12-31,291.0,72.0,5,10,4,28.9,7.9,1318.99,True
CUST11601,Zarqa,Small Business,Finance,Google Ads,Contacted,False,Active,CRM Basic,Spring Campaign,WhatsApp,Dana Nasser,2023-04-20,2023-07-27,98.0,57.0,5,7,13,4.5,6.6,0.0,False
CUST11602,Unknown,Consumer,Hospitality,Facebook,Qualified,False,Active,CRM Enterprise,Q1 Acquisition,Meeting,Ahmad Saleh,2023-12-06,2024-02-26,82.0,75.0,5,11,4,14.0,6.7,0.0,False
CUST11603,Jerash,Small Business,Retail,LinkedIn,Contacted,False,Inactive,CRM Enterprise,Year-End Campaign,Meeting,Omar Mansour,2023-02-24,2023-09-04,192.0,84.0,2,9,3,14.2,7.2,0.0,False
CUST11604,Madaba,Corporate,Education,Facebook,Negotiation,False,Active,Analytics Add-on,Year-End Campaign,Website,Ahmad Saleh,2023-07-26,2024-04-04,253.0,,2,6,4,7.9,7.2,256.2,True
CUST11605,Irbid,Enterprise,Construction,Trade Show,Contacted,False,Inactive,CRM Enterprise,Spring Campaign,Meeting,Lina Haddad,2025-11-03,2025-12-11,38.0,35.0,9,7,6,2.7,6.9,0.0,False
CUST11606,Aqaba,Small Business,Manufacturing,Facebook,New Lead,False,Active,CRM Enterprise,No Campaign,Email,Yara Odeh,2025-12-05,2025-12-19,14.0,10.0,5,11,7,7.0,7.8,0.0,False
CUST11607,Salt,Consumer,Technology,Facebook,Proposal,False,Active,CRM Basic,No Campaign,Website,Ahmad Saleh,2025-09-18,2025-12-31,104.0,42.0,6,11,2,17.0,7.8,16.8,True
CUST11608,Amman,Consumer,Healthcare,Referral,Lost,False,Active,CRM Professional,Spring Campaign,Website,Samer Khalil,2024-05-10,2025-03-16,310.0,50.0,9,6,6,6.2,7.1,0.0,False
CUST11609,Aqaba,Consumer,Hospitality,Referral,Proposal,False,Active,Analytics Add-on,Year-End Campaign,Meeting,Omar Mansour,2024-08-23,2025-03-20,209.0,90.0,2,7,3,11.1,7.8,26.23,True
CUST11610,Karak,Corporate,Hospitality,Cold Call,Won,True,Active,CRM Basic,Unknown,Meeting,Dana Nasser,2024-07-25,2025-07-17,357.0,75.0,3,5,2,6.5,6.2,949.72,True
CUST11611,Salt,Consumer,Education,Website,Negotiation,False,Active,CRM Basic,Summer Campaign,Phone,Ahmad Saleh,2023-05-16,2023-08-13,89.0,54.0,7,14,3,12.1,7.6,19.89,True
CUST11612,Amman,Enterprise,Technology,Facebook,Qualified,False,Active,Analytics Add-on,Spring Campaign,Website,Omar Mansour,2023-03-27,2023-05-22,56.0,31.0,4,6,4,25.3,6.7,0.0,False
CUST11613,Aqaba,Small Business,Healthcare,Email Campaign,Negotiation,False,Prospect,CRM Enterprise,Spring Campaign,Email,Samer Khalil,2023-04-28,2023-07-31,94.0,100.0,7,12,2,16.4,7.8,602.16,True
CUST11614,Zarqa,Enterprise,Healthcare,Facebook,Won,True,Active,CRM Professional,No Campaign,Social Media,Yara Odeh,2023-11-26,2024-02-27,93.0,70.0,5,6,5,22.1,8.7,4008.41,True
CUST11615,Unknown,Consumer,Hospitality,LinkedIn,Contacted,False,Prospect,Marketing Add-on,Back-to-School,Meeting,Dana Nasser,2023-10-19,2024-09-23,340.0,19.0,5,11,1,13.6,6.4,0.0,False
CUST11616,Madaba,Corporate,Manufacturing,Email Campaign,Contacted,False,Active,Analytics Add-on,Referral Program,Website,Ahmad Saleh,2023-07-22,2023-10-15,85.0,49.0,6,5,3,1.5,5.7,0.0,False
CUST11617,Jerash,Enterprise,Hospitality,Cold Call,Contacted,False,Inactive,Marketing Add-on,Year-End Campaign,Social Media,Samer Khalil,2024-10-23,2025-06-25,245.0,50.0,6,11,9,3.8,7.6,0.0,False
CUST11618,Irbid,Enterprise,Manufacturing,Referral,Qualified,False,Inactive,Marketing Add-on,Summer Campaign,Meeting,Lina Haddad,2023-09-13,2023-10-05,22.0,78.0,6,5,2,7.4,7.4,0.0,False
CUST11619,Jerash,Consumer,Hospitality,Google Ads,Won,True,Prospect,CRM Professional,Spring Campaign,Phone,Omar Mansour,2023-07-12,2024-04-28,291.0,56.0,5,11,5,2.5,7.6,276.6,True
CUST11620,Irbid,Consumer,Hospitality,Email Campaign,Qualified,False,Active,CRM Enterprise,Q1 Acquisition,Meeting,Omar Mansour,2024-01-06,,,83.0,4,9,5,10.9,6.9,0.0,False
CUST11621,Amman,Small Business,Healthcare,Referral,Qualified,False,Active,CRM Enterprise,Q1 Acquisition,Email,Ahmad Saleh,2024-05-05,2025-03-07,306.0,86.0,7,9,4,,6.4,0.0,False
CUST11622,Aqaba,Consumer,Manufacturing,LinkedIn,Won,True,Active,Analytics Add-on,Q1 Acquisition,WhatsApp,Samer Khalil,2023-05-02,2023-09-01,122.0,82.0,7,10,4,8.1,7.2,122.2,True
CUST11623,Irbid,Consumer,Healthcare,Email Campaign,Qualified,False,Active,Analytics Add-on,Spring Campaign,WhatsApp,Dana Nasser,2023-08-13,2023-12-19,128.0,72.0,5,3,4,24.5,8.4,0.0,False
CUST11624,Madaba,Consumer,Technology,Email Campaign,Proposal,False,Prospect,CRM Basic,Referral Program,Meeting,Dana Nasser,2023-02-25,2023-06-18,113.0,83.0,11,2,7,20.6,9.9,23.23,True
CUST11625,Madaba,Small Business,Hospitality,Email Campaign,Won,True,Inactive,CRM Basic,Q1 Acquisition,Phone,Dana Nasser,2023-09-29,,,68.0,6,8,6,23.3,6.4,376.84,True
CUST11626,Salt,Small Business,Retail,Website,Qualified,False,Inactive,CRM Basic,Back-to-School,Email,Dana Nasser,2025-09-03,2025-12-31,119.0,32.0,5,6,2,7.6,4.8,0.0,False
CUST11627,Amman,Consumer,Manufacturing,Email Campaign,Negotiation,False,Active,Analytics Add-on,Spring Campaign,Meeting,Ahmad Saleh,2023-11-26,2024-04-04,130.0,61.0,4,6,2,17.5,8.0,52.08,True
CUST11628,Salt,Consumer,Finance,Website,New Lead,False,Prospect,Analytics Add-on,Back-to-School,Social Media,Ahmad Saleh,2024-01-07,2024-05-18,132.0,5.0,5,6,3,10.7,6.2,0.0,False
CUST11629,Amman,Small Business,Construction,Referral,Contacted,False,Active,CRM Professional,Referral Program,Phone,Omar Mansour,2024-03-07,2024-05-31,85.0,59.0,3,9,2,11.2,7.6,0.0,False
CUST11630,Jerash,Small Business,Finance,Cold Call,Qualified,False,Active,CRM Enterprise,Spring Campaign,Website,Samer Khalil,2023-11-14,2024-10-29,350.0,92.0,3,12,1,,8.1,0.0,False
CUST11631,Jerash,Consumer,Finance,Website,Qualified,False,Prospect,Analytics Add-on,Summer Campaign,Social Media,Lina Haddad,2023-10-08,2023-12-28,81.0,43.0,2,4,5,23.2,6.1,0.0,False
CUST11632,Aqaba,Consumer,Retail,Website,Lost,False,Active,CRM Professional,Referral Program,Meeting,Ahmad Saleh,2023-10-15,2024-09-04,325.0,36.0,8,5,4,17.3,9.4,0.0,False
CUST11633,Madaba,Enterprise,Healthcare,Unknown,Lost,False,Active,CRM Basic,Back-to-School,Website,Dana Nasser,2025-12-09,2025-12-31,22.0,40.0,5,6,2,1.2,5.8,0.0,False
CUST11634,Salt,Enterprise,Healthcare,Cold Call,Won,True,Active,CRM Professional,Q1 Acquisition,Website,Lina Haddad,2024-11-23,,,100.0,6,9,6,19.9,7.1,8175.75,True
CUST11635,Aqaba,Enterprise,Construction,Email Campaign,Contacted,False,Active,Marketing Add-on,Referral Program,Social Media,Omar Mansour,2024-09-10,2024-09-26,16.0,41.0,2,6,8,6.2,7.4,0.0,False
CUST11636,Karak,Corporate,Construction,Referral,Lost,False,Active,Analytics Add-on,Spring Campaign,Website,Dana Nasser,2023-12-05,2024-10-07,307.0,67.0,5,7,1,15.8,9.2,0.0,False
CUST11637,Jerash,Consumer,Education,Email Campaign,Negotiation,False,Active,CRM Professional,Summer Campaign,WhatsApp,Yara Odeh,2024-05-02,2024-08-15,105.0,74.0,6,11,5,9.1,5.8,107.63,True
CUST11638,Karak,Small Business,Construction,Instagram,Qualified,False,Inactive,CRM Basic,Spring Campaign,Social Media,Samer Khalil,2023-03-26,2023-09-07,165.0,1.0,6,11,5,18.3,8.1,0.0,False
CUST11639,Salt,Consumer,Finance,Trade Show,Negotiation,False,Inactive,CRM Enterprise,Back-to-School,Phone,Lina Haddad,2024-03-23,2024-10-10,201.0,63.0,6,10,6,20.3,6.0,221.04,True
CUST11640,Amman,Small Business,Finance,Referral,New Lead,False,Prospect,Analytics Add-on,Referral Program,WhatsApp,Omar Mansour,2024-03-26,2024-10-09,197.0,58.0,7,7,2,7.1,7.4,0.0,False
CUST11641,Zarqa,Consumer,Healthcare,Unknown,New Lead,False,Active,CRM Enterprise,Referral Program,Phone,Ahmad Saleh,2024-03-10,2024-09-11,185.0,30.0,8,8,7,13.2,5.0,0.0,False
CUST11642,Salt,Small Business,Finance,Cold Call,Won,True,Inactive,CRM Professional,No Campaign,Email,Samer Khalil,2023-11-04,2024-09-21,322.0,90.0,7,8,4,15.8,7.5,770.96,True
CUST11643,Amman,Small Business,Healthcare,Instagram,Proposal,False,Inactive,CRM Basic,Summer Campaign,Phone,Dana Nasser,2023-06-21,2024-03-12,265.0,100.0,3,7,2,3.7,7.9,65.4,True
CUST11644,Zarqa,Consumer,Hospitality,Website,Qualified,False,Active,Marketing Add-on,No Campaign,Social Media,Lina Haddad,2024-10-19,2025-10-17,363.0,70.0,4,10,5,25.4,5.8,0.0,False
CUST11645,Salt,Corporate,Hospitality,Instagram,Qualified,False,Active,CRM Basic,Year-End Campaign,Phone,Omar Mansour,2023-04-15,2023-07-24,100.0,47.0,5,15,3,5.4,5.6,0.0,False
CUST11646,Irbid,Consumer,Healthcare,Trade Show,Won,True,Active,CRM Basic,Summer Campaign,Email,Lina Haddad,2024-07-02,2025-06-09,342.0,94.0,7,8,2,13.7,9.0,119.86,True
CUST11647,Irbid,Consumer,Manufacturing,Referral,Proposal,False,Active,Analytics Add-on,No Campaign,Website,Samer Khalil,2025-07-05,2025-12-31,179.0,77.0,6,7,3,26.1,7.0,44.67,True
CUST11648,Salt,Consumer,Healthcare,Cold Call,Qualified,False,Active,Marketing Add-on,Year-End Campaign,Social Media,Ahmad Saleh,2024-05-12,2024-12-12,214.0,79.0,8,10,4,10.9,7.1,0.0,False
CUST11649,Karak,Consumer,Technology,Instagram,New Lead,False,Active,CRM Enterprise,Back-to-School,Meeting,Ahmad Saleh,2025-05-02,2025-12-31,243.0,38.0,4,8,5,11.3,8.2,0.0,False
CUST11650,Karak,Consumer,Technology,LinkedIn,Contacted,False,Active,CRM Enterprise,Q1 Acquisition,WhatsApp,Yara Odeh,2024-01-14,2024-06-24,162.0,34.0,4,8,2,6.8,6.0,0.0,False
CUST11651,Aqaba,Enterprise,Technology,Website,Lost,False,Active,CRM Professional,Referral Program,WhatsApp,Samer Khalil,2023-07-03,2023-12-07,157.0,56.0,3,11,5,16.4,8.4,0.0,False
CUST11652,Karak,Consumer,Technology,Instagram,Qualified,False,Active,CRM Basic,Q1 Acquisition,Phone,Dana Nasser,2024-03-11,2024-11-17,251.0,71.0,5,8,5,14.8,8.4,0.0,False
CUST11653,Madaba,Consumer,Retail,Unknown,Qualified,False,Inactive,CRM Basic,Spring Campaign,WhatsApp,Lina Haddad,2024-01-11,,,49.0,6,8,3,16.0,10.0,0.0,False
CUST11654,Amman,Consumer,Education,LinkedIn,Qualified,False,Prospect,CRM Enterprise,No Campaign,Email,Dana Nasser,2025-05-20,2025-06-07,18.0,29.0,9,8,3,3.5,,0.0,False
CUST11655,Unknown,Small Business,Education,Facebook,Won,True,Active,CRM Basic,Q1 Acquisition,Meeting,Omar Mansour,2023-01-20,2023-12-13,327.0,71.0,7,5,1,17.3,7.0,313.26,True
CUST11656,Aqaba,Corporate,Healthcare,Referral,Proposal,False,Active,Marketing Add-on,Summer Campaign,WhatsApp,Dana Nasser,2025-11-02,2025-12-31,59.0,43.0,2,5,2,6.9,5.6,280.46,True
CUST11657,Irbid,Small Business,Hospitality,Referral,Negotiation,False,Active,CRM Basic,No Campaign,Phone,Yara Odeh,2023-09-23,2023-09-24,1.0,68.0,3,7,4,9.1,4.9,88.62,True
CUST11658,Jerash,Corporate,Finance,Facebook,Qualified,False,Active,CRM Professional,Summer Campaign,WhatsApp,Samer Khalil,2024-05-02,2024-12-04,216.0,76.0,0,10,6,22.0,7.9,0.0,False
CUST11659,Irbid,Enterprise,Technology,Email Campaign,New Lead,False,Active,CRM Professional,Summer Campaign,Website,Yara Odeh,2025-08-07,2025-09-06,30.0,1.0,5,9,4,22.0,8.1,0.0,False
CUST11660,Zarqa,Corporate,Education,LinkedIn,Lost,False,Inactive,CRM Enterprise,Year-End Campaign,Website,Ahmad Saleh,2024-05-18,2025-02-02,260.0,51.0,5,5,2,10.8,7.6,0.0,False
CUST11661,Amman,Small Business,Education,Unknown,Lost,False,Active,CRM Professional,Q1 Acquisition,WhatsApp,Yara Odeh,2025-10-24,2025-12-31,68.0,53.0,6,6,4,20.1,8.4,0.0,False
CUST11662,Madaba,Consumer,Technology,Instagram,Lost,False,Inactive,Analytics Add-on,No Campaign,Social Media,Samer Khalil,2025-11-09,2025-12-31,52.0,27.0,2,9,3,8.4,,0.0,False
CUST11663,Madaba,Small Business,Hospitality,Trade Show,Lost,False,Inactive,CRM Professional,Spring Campaign,Meeting,Samer Khalil,2023-08-30,2024-06-08,283.0,52.0,8,8,1,8.3,6.7,0.0,False
CUST11664,Karak,Small Business,Retail,Cold Call,Won,True,Active,CRM Enterprise,Referral Program,WhatsApp,Lina Haddad,2025-11-13,2025-12-31,48.0,100.0,6,11,4,14.2,7.8,3248.3,True
CUST11665,Karak,Corporate,Retail,Email Campaign,Negotiation,False,Active,CRM Enterprise,Spring Campaign,Website,Samer Khalil,2025-09-04,2025-11-02,59.0,82.0,4,10,5,7.3,10.0,2723.11,True
CUST11666,Karak,Corporate,Construction,Website,Won,True,Active,CRM Basic,Spring Campaign,Website,Omar Mansour,2023-08-28,2023-09-29,32.0,100.0,4,8,4,7.6,4.7,850.99,True
CUST11667,Salt,Corporate,Education,Trade Show,Proposal,False,Active,CRM Enterprise,Q1 Acquisition,Email,Lina Haddad,2023-04-17,2023-09-25,161.0,69.0,1,8,3,10.2,6.4,678.96,True
CUST11668,Aqaba,Corporate,Construction,Trade Show,New Lead,False,Active,CRM Professional,Q1 Acquisition,Phone,Lina Haddad,2024-08-29,2025-06-09,284.0,60.0,4,13,2,15.2,6.2,0.0,False
CUST11669,Aqaba,Consumer,Retail,Website,Qualified,False,Prospect,Marketing Add-on,Back-to-School,Email,Dana Nasser,2024-12-21,2025-04-06,106.0,100.0,6,10,8,2.8,9.1,0.0,False
CUST11670,Karak,Consumer,Manufacturing,Email Campaign,Lost,False,Prospect,Marketing Add-on,Year-End Campaign,Social Media,Yara Odeh,2024-03-06,,,55.0,6,9,3,6.8,7.9,0.0,False
CUST11671,Jerash,Consumer,Technology,Cold Call,Qualified,False,Prospect,CRM Basic,No Campaign,Phone,Samer Khalil,2025-11-29,2025-12-31,32.0,95.0,3,11,6,6.3,7.2,0.0,False
CUST11672,Madaba,Enterprise,Hospitality,Facebook,Won,True,Active,CRM Basic,Q1 Acquisition,WhatsApp,Dana Nasser,2023-08-24,2024-02-28,188.0,89.0,6,8,3,4.2,8.4,2985.24,True
CUST11673,Zarqa,Corporate,Education,Google Ads,New Lead,False,Active,CRM Professional,Summer Campaign,WhatsApp,Dana Nasser,2025-09-11,,,69.0,1,9,6,5.9,,0.0,False
CUST11674,Karak,Small Business,Technology,Google Ads,Contacted,False,Active,Marketing Add-on,Spring Campaign,Social Media,Yara Odeh,2023-01-07,2023-11-21,318.0,28.0,8,10,2,24.8,6.9,0.0,False
CUST11675,Jerash,Corporate,Retail,Email Campaign,Qualified,False,Active,CRM Basic,Summer Campaign,Meeting,Lina Haddad,2024-02-25,2024-12-11,290.0,61.0,2,5,0,9.3,5.5,0.0,False
CUST11676,Unknown,Corporate,Technology,Trade Show,New Lead,False,Active,CRM Enterprise,Summer Campaign,Website,Dana Nasser,2023-09-10,2023-12-06,87.0,89.0,4,7,3,5.7,9.1,0.0,False
CUST11677,Irbid,Enterprise,Retail,Instagram,New Lead,False,Inactive,CRM Enterprise,Summer Campaign,Meeting,Dana Nasser,2023-02-02,2024-01-30,362.0,4.0,6,7,6,14.0,8.9,0.0,False
CUST11678,Madaba,Corporate,Hospitality,Facebook,Contacted,False,Active,CRM Enterprise,Summer Campaign,WhatsApp,Lina Haddad,2024-02-15,,,35.0,3,13,3,17.1,6.9,0.0,False
CUST11679,Amman,Small Business,Retail,Facebook,Won,True,Prospect,CRM Basic,Referral Program,Email,Lina Haddad,2024-03-04,2024-06-25,113.0,100.0,6,8,2,33.4,7.7,264.61,True
CUST11680,Zarqa,Small Business,Technology,Email Campaign,New Lead,False,Prospect,CRM Basic,Year-End Campaign,Website,Ahmad Saleh,2023-06-05,2023-06-18,13.0,38.0,3,9,5,0.8,7.0,0.0,False
CUST11681,Amman,Consumer,Hospitality,Cold Call,Contacted,False,Active,CRM Professional,Summer Campaign,WhatsApp,Samer Khalil,2024-03-24,2024-04-11,18.0,48.0,6,10,2,7.6,4.4,0.0,False
CUST11682,Madaba,Small Business,Retail,Email Campaign,New Lead,False,Prospect,CRM Basic,Q1 Acquisition,Website,Ahmad Saleh,2024-07-06,2025-01-04,182.0,58.0,6,6,7,5.9,8.4,0.0,False
CUST11683,Madaba,Consumer,Construction,Instagram,Negotiation,False,Active,CRM Basic,Back-to-School,Meeting,Yara Odeh,2025-09-15,2025-12-31,107.0,98.0,4,7,5,13.3,6.1,48.86,True
CUST11684,Zarqa,Consumer,Manufacturing,Referral,Proposal,False,Active,CRM Basic,No Campaign,Phone,Lina Haddad,2023-11-09,2024-06-25,229.0,60.0,6,7,4,9.1,7.7,27.45,True
CUST11685,Karak,Corporate,Healthcare,Unknown,Proposal,False,Inactive,CRM Professional,Q1 Acquisition,WhatsApp,Omar Mansour,2025-10-11,2025-12-31,81.0,34.0,5,11,0,4.7,8.0,452.83,True
CUST11686,Karak,Small Business,Technology,Email Campaign,Qualified,False,Active,CRM Professional,Referral Program,WhatsApp,Dana Nasser,2023-05-05,2024-02-24,295.0,41.0,6,10,9,15.0,5.5,0.0,False
CUST11687,Zarqa,Enterprise,Healthcare,Facebook,Contacted,False,Prospect,CRM Professional,Unknown,Website,Dana Nasser,2023-02-21,2023-08-29,189.0,39.0,2,11,5,0.8,4.1,0.0,False
CUST11688,Jerash,Consumer,Technology,Cold Call,Negotiation,False,Inactive,CRM Professional,Year-End Campaign,Phone,Lina Haddad,2024-02-22,2024-05-11,79.0,49.0,5,7,7,15.5,7.0,154.26,True
CUST11689,Karak,Small Business,Retail,Google Ads,Won,True,Prospect,CRM Basic,No Campaign,Email,Dana Nasser,2023-05-14,2023-10-07,146.0,,7,7,5,17.2,9.1,447.97,True
CUST11690,Amman,Consumer,Retail,LinkedIn,New Lead,False,Prospect,CRM Professional,No Campaign,Phone,Ahmad Saleh,2023-12-05,2024-06-04,182.0,40.0,8,4,5,9.7,5.0,0.0,False
CUST11691,Irbid,Consumer,Hospitality,Website,Qualified,False,Active,CRM Basic,Spring Campaign,Email,Dana Nasser,2025-09-17,2025-12-31,105.0,43.0,3,11,3,,9.8,0.0,False
CUST11692,Jerash,Consumer,Education,Facebook,Contacted,False,Active,CRM Enterprise,Referral Program,Social Media,Omar Mansour,2024-02-24,2024-10-31,250.0,85.0,6,4,5,9.2,9.2,0.0,False
CUST11693,Irbid,Consumer,Manufacturing,LinkedIn,Contacted,False,Active,CRM Basic,Year-End Campaign,Meeting,Samer Khalil,2024-11-21,,,42.0,4,4,5,6.9,8.0,0.0,False
CUST11694,Aqaba,Consumer,Unknown,Cold Call,Negotiation,False,Active,Marketing Add-on,Summer Campaign,Phone,Yara Odeh,2024-06-03,2025-04-13,314.0,42.0,6,5,5,21.0,7.2,97.19,True
CUST11695,Jerash,Consumer,Unknown,Facebook,Proposal,False,Active,CRM Basic,Year-End Campaign,Email,Yara Odeh,2024-01-02,2024-07-16,196.0,90.0,5,8,5,10.0,6.3,12.62,True
CUST11696,Aqaba,Consumer,Healthcare,Email Campaign,Contacted,False,Prospect,Marketing Add-on,No Campaign,Website,Yara Odeh,2024-11-05,2025-09-24,323.0,100.0,4,11,6,4.2,8.4,0.0,False
CUST11697,Irbid,Corporate,Retail,Facebook,Contacted,False,Active,Analytics Add-on,Back-to-School,Email,Ahmad Saleh,2024-10-29,2025-01-08,71.0,43.0,4,9,3,23.4,7.2,0.0,False
CUST11698,Salt,Consumer,Education,Cold Call,Lost,False,Prospect,CRM Enterprise,No Campaign,Social Media,Samer Khalil,2023-11-04,2024-07-09,248.0,50.0,4,5,5,5.4,,0.0,False
CUST11699,Aqaba,Small Business,Retail,Facebook,Won,True,Inactive,Marketing Add-on,Year-End Campaign,Email,Samer Khalil,2025-05-01,2025-09-24,146.0,100.0,4,7,6,6.8,6.7,592.6,True
CUST11700,Karak,Corporate,Technology,Instagram,Won,True,Active,CRM Basic,Back-to-School,Meeting,Omar Mansour,2023-04-11,2023-07-26,106.0,72.0,5,6,5,0.5,7.1,1273.66,True
CUST11701,Salt,Small Business,Education,Trade Show,Qualified,False,Active,CRM Basic,Year-End Campaign,Phone,Yara Odeh,2025-09-15,2025-12-31,107.0,97.0,4,12,9,21.2,8.1,0.0,False
CUST11702,Zarqa,Enterprise,Healthcare,LinkedIn,Proposal,False,Active,CRM Basic,Year-End Campaign,Email,Omar Mansour,2024-07-15,2025-05-07,296.0,35.0,4,11,3,22.2,8.0,264.93,True
CUST11703,Salt,Corporate,Hospitality,Unknown,Qualified,False,Active,CRM Basic,Back-to-School,Phone,Omar Mansour,2023-11-11,2024-01-20,70.0,58.0,3,5,10,2.7,5.6,0.0,False
CUST11704,Madaba,Corporate,Education,Trade Show,New Lead,False,Active,CRM Professional,Year-End Campaign,Social Media,Omar Mansour,2024-10-26,2025-05-07,193.0,24.0,2,5,4,3.0,10.0,0.0,False
CUST11705,Aqaba,Consumer,Retail,Cold Call,Qualified,False,Active,CRM Professional,Referral Program,Email,Yara Odeh,2023-01-03,2023-03-12,68.0,37.0,6,9,5,,7.9,0.0,False
CUST11706,Amman,Corporate,Finance,Google Ads,Proposal,False,Inactive,CRM Basic,No Campaign,Email,Ahmad Saleh,2024-09-14,2025-07-16,305.0,51.0,3,9,2,14.8,6.9,157.72,True
CUST11707,Zarqa,Corporate,Finance,Instagram,Contacted,False,Active,CRM Professional,Summer Campaign,Social Media,Omar Mansour,2023-11-01,2023-12-23,52.0,60.0,8,7,3,9.8,5.1,0.0,False
CUST11708,Salt,Consumer,Hospitality,LinkedIn,Won,True,Inactive,CRM Basic,Q1 Acquisition,Meeting,Ahmad Saleh,2023-06-12,2024-06-09,363.0,98.0,8,12,2,22.6,5.3,126.67,True
CUST11709,Karak,Consumer,Hospitality,Cold Call,New Lead,False,Prospect,CRM Enterprise,Year-End Campaign,Email,Dana Nasser,2024-10-31,2025-08-12,285.0,,3,10,3,4.9,7.5,0.0,False
CUST11710,Madaba,Consumer,Manufacturing,LinkedIn,Qualified,False,Active,Marketing Add-on,Back-to-School,Phone,Samer Khalil,2024-11-07,2025-10-07,334.0,31.0,2,11,5,3.9,6.0,0.0,False
CUST11711,Irbid,Corporate,Hospitality,Facebook,New Lead,False,Active,CRM Professional,Q1 Acquisition,Meeting,Yara Odeh,2024-11-03,2024-11-12,9.0,51.0,6,19,5,4.4,7.9,0.0,False
CUST11712,Jerash,Consumer,Retail,Email Campaign,Qualified,False,Inactive,CRM Professional,Year-End Campaign,WhatsApp,Dana Nasser,2024-05-16,2025-01-22,251.0,58.0,4,12,5,10.9,5.6,0.0,False
CUST11713,Karak,Corporate,Construction,Trade Show,New Lead,False,Prospect,CRM Professional,No Campaign,Meeting,Dana Nasser,2023-08-27,2024-07-24,332.0,28.0,6,9,4,4.3,7.1,0.0,False
CUST11714,Irbid,Consumer,Technology,Facebook,Contacted,False,Active,Analytics Add-on,Summer Campaign,WhatsApp,Lina Haddad,2025-01-26,2025-11-20,298.0,46.0,6,10,5,5.2,8.1,0.0,False
CUST11715,Madaba,Corporate,Education,Website,Qualified,False,Active,CRM Basic,No Campaign,Phone,Yara Odeh,2023-06-03,2023-12-04,184.0,93.0,5,4,6,5.9,6.9,0.0,False
CUST11716,Amman,Consumer,Hospitality,Google Ads,Qualified,False,Active,Marketing Add-on,No Campaign,Email,Dana Nasser,2024-02-14,2024-08-11,179.0,54.0,6,10,3,1.6,9.2,0.0,False
CUST11717,Aqaba,Consumer,Finance,Website,Proposal,False,Active,CRM Professional,Spring Campaign,Phone,Dana Nasser,2025-08-07,2025-12-31,146.0,82.0,2,5,6,8.0,8.8,52.8,True
CUST11718,Karak,Small Business,Technology,Website,Contacted,False,Active,CRM Professional,Referral Program,Social Media,Lina Haddad,2023-10-09,2024-02-14,128.0,71.0,7,5,4,1.4,7.0,0.0,False
CUST11719,Jerash,Consumer,Unknown,Instagram,Proposal,False,Active,Marketing Add-on,Back-to-School,Phone,Yara Odeh,2024-07-10,2024-07-30,20.0,85.0,5,5,3,11.5,2.4,35.42,True
CUST11720,Jerash,Consumer,Retail,Referral,Qualified,False,Inactive,Marketing Add-on,No Campaign,WhatsApp,Dana Nasser,2024-10-01,,,51.0,5,4,7,1.3,8.2,0.0,False
CUST11721,Amman,Consumer,Unknown,Trade Show,Contacted,False,Active,CRM Enterprise,Spring Campaign,Meeting,Lina Haddad,2023-01-13,2023-03-19,65.0,42.0,6,8,7,3.4,9.2,0.0,False
CUST11722,Jerash,Small Business,Retail,Facebook,Won,True,Active,CRM Basic,Q1 Acquisition,Website,Ahmad Saleh,2025-10-21,2025-12-31,71.0,85.0,7,9,5,8.8,9.5,387.81,True
CUST11723,Madaba,Enterprise,Construction,Website,Proposal,False,Active,CRM Enterprise,Spring Campaign,Social Media,Samer Khalil,2023-05-19,2024-01-15,241.0,56.0,3,7,4,4.4,5.1,3980.4,True
CUST11724,Amman,Corporate,Construction,Website,Contacted,False,Prospect,CRM Professional,Q1 Acquisition,Email,Omar Mansour,2023-08-10,2023-09-03,24.0,33.0,2,4,5,16.0,8.4,0.0,False
CUST11725,Jerash,Small Business,Manufacturing,Google Ads,Lost,False,Active,CRM Professional,Summer Campaign,Meeting,Dana Nasser,2024-08-18,2024-11-09,83.0,47.0,8,10,3,26.4,7.6,0.0,False
CUST11726,Madaba,Consumer,Education,Facebook,Won,True,Prospect,CRM Basic,Spring Campaign,Phone,Ahmad Saleh,2023-05-29,2024-04-12,319.0,64.0,8,7,6,23.8,7.5,214.41,True
CUST11727,Salt,Small Business,Technology,Trade Show,Lost,False,Active,CRM Professional,Summer Campaign,Social Media,Samer Khalil,2025-03-16,2025-09-17,185.0,36.0,9,6,4,18.0,7.0,0.0,False
CUST11728,Madaba,Corporate,Construction,Unknown,Negotiation,False,Active,CRM Enterprise,Back-to-School,WhatsApp,Ahmad Saleh,2025-11-06,2025-12-31,55.0,68.0,2,3,1,2.2,8.1,1358.34,True
CUST11729,Karak,Consumer,Education,Facebook,Qualified,False,Active,CRM Basic,Q1 Acquisition,Email,Lina Haddad,2025-03-15,2025-06-22,99.0,49.0,4,7,5,4.5,9.6,0.0,False
CUST11730,Amman,Consumer,Technology,Instagram,Contacted,False,Inactive,Marketing Add-on,Year-End Campaign,Phone,Ahmad Saleh,2023-02-21,2023-04-24,62.0,45.0,2,4,1,12.7,8.2,0.0,False
CUST11731,Salt,Consumer,Retail,Facebook,Negotiation,False,Active,CRM Basic,Spring Campaign,Meeting,Dana Nasser,2024-07-02,2025-04-14,286.0,64.0,8,8,3,24.6,6.8,74.02,True
CUST11732,Jerash,Corporate,Construction,Email Campaign,Lost,False,Active,CRM Basic,Q1 Acquisition,Phone,Dana Nasser,2025-06-06,2025-06-28,22.0,86.0,5,9,2,9.1,,0.0,False
CUST11733,Aqaba,Consumer,Retail,Cold Call,Proposal,False,Inactive,CRM Enterprise,Referral Program,Email,Yara Odeh,2023-03-02,2023-09-30,212.0,100.0,8,5,1,16.4,7.6,208.69,True
CUST11734,Amman,Corporate,Technology,Email Campaign,Won,True,Inactive,Analytics Add-on,Q1 Acquisition,Meeting,Omar Mansour,2025-02-11,2025-06-17,126.0,71.0,6,10,4,10.1,8.5,1173.22,True
CUST11735,Salt,Consumer,Manufacturing,Instagram,Contacted,False,Active,Marketing Add-on,Summer Campaign,Website,Omar Mansour,2023-11-07,2023-12-19,42.0,41.0,7,10,3,4.5,6.6,0.0,False
CUST11736,Amman,Consumer,Retail,Instagram,Qualified,False,Prospect,Analytics Add-on,Q1 Acquisition,Website,Dana Nasser,2024-10-04,2025-01-10,98.0,56.0,2,10,7,5.7,10.0,0.0,False
CUST11737,Madaba,Consumer,Healthcare,Facebook,Won,True,Active,CRM Basic,No Campaign,Social Media,Ahmad Saleh,2023-03-05,2023-04-05,31.0,85.0,5,8,2,7.9,7.0,218.27,True
CUST11738,Madaba,Consumer,Healthcare,Facebook,Negotiation,False,Active,Marketing Add-on,No Campaign,Phone,Yara Odeh,2023-10-05,2024-03-11,158.0,71.0,5,8,1,24.6,7.9,92.48,True
CUST11739,Madaba,Consumer,Unknown,Referral,Lost,False,Active,Marketing Add-on,Q1 Acquisition,Social Media,Yara Odeh,2024-12-26,2025-04-17,112.0,45.0,2,4,7,21.8,8.8,0.0,False
CUST11740,Amman,Consumer,Hospitality,Google Ads,Won,True,Active,CRM Basic,Year-End Campaign,Email,Dana Nasser,2025-01-29,2025-10-03,247.0,96.0,10,8,3,16.5,6.4,161.0,True
CUST11741,Aqaba,Consumer,Healthcare,Email Campaign,Qualified,False,Active,CRM Professional,Summer Campaign,Meeting,Ahmad Saleh,2024-09-26,2025-01-26,122.0,43.0,6,4,4,8.2,,0.0,False
CUST11742,Madaba,Consumer,Healthcare,Trade Show,Proposal,False,Active,CRM Professional,Unknown,Social Media,Dana Nasser,2023-03-03,2023-12-01,273.0,55.0,9,5,5,5.7,5.8,42.07,True
CUST11743,Karak,Consumer,Manufacturing,Referral,Won,True,Active,CRM Professional,Summer Campaign,Phone,Samer Khalil,2023-08-16,2024-06-05,294.0,51.0,10,9,5,8.8,9.5,192.3,True
CUST11744,Karak,Enterprise,Manufacturing,LinkedIn,Proposal,False,Active,Marketing Add-on,No Campaign,Website,Ahmad Saleh,2023-01-10,2023-08-05,207.0,59.0,5,6,4,19.8,7.2,515.5,True
CUST11745,Madaba,Small Business,Hospitality,Trade Show,Contacted,False,Active,CRM Basic,Q1 Acquisition,Website,Lina Haddad,2024-11-04,2025-02-22,110.0,51.0,3,7,4,8.7,9.1,0.0,False
CUST11746,Aqaba,Small Business,Finance,Referral,Qualified,False,Active,CRM Enterprise,Year-End Campaign,Email,Lina Haddad,2024-10-09,2025-07-14,278.0,61.0,4,8,4,4.9,6.6,0.0,False
CUST11747,Zarqa,Consumer,Hospitality,Website,Qualified,False,Active,CRM Basic,No Campaign,WhatsApp,Omar Mansour,2023-12-04,2024-01-29,56.0,85.0,6,11,4,11.7,7.7,0.0,False
CUST11748,Zarqa,Consumer,Finance,Referral,New Lead,False,Active,CRM Professional,Back-to-School,Social Media,Samer Khalil,2023-08-16,2023-10-12,57.0,23.0,4,10,2,11.3,6.1,0.0,False
CUST11749,Madaba,Consumer,Manufacturing,Referral,Negotiation,False,Prospect,Analytics Add-on,No Campaign,Email,Lina Haddad,2023-03-26,2024-01-11,291.0,40.0,1,7,5,2.3,6.0,57.32,True
CUST11750,Amman,Small Business,Finance,Referral,New Lead,False,Active,CRM Basic,No Campaign,Website,Dana Nasser,2025-08-25,2025-12-17,114.0,42.0,8,5,2,2.5,8.0,0.0,False
CUST11751,Aqaba,Small Business,Manufacturing,Facebook,Qualified,False,Active,CRM Professional,Year-End Campaign,Phone,Lina Haddad,2024-10-29,2025-09-02,308.0,56.0,2,9,6,14.5,,0.0,False
CUST11752,Amman,Consumer,Finance,Email Campaign,Won,True,Active,Marketing Add-on,Back-to-School,Phone,Dana Nasser,2025-08-02,2025-12-31,151.0,97.0,8,6,1,21.0,5.4,145.03,True
CUST11753,Aqaba,Corporate,Retail,Referral,Qualified,False,Inactive,Analytics Add-on,Referral Program,Meeting,Samer Khalil,2025-03-21,2025-10-05,198.0,62.0,6,8,6,16.9,8.4,0.0,False
CUST11754,Irbid,Small Business,Manufacturing,Facebook,Won,True,Active,CRM Professional,No Campaign,WhatsApp,Yara Odeh,2025-02-14,2025-12-31,320.0,100.0,6,7,4,13.2,7.9,649.09,True
CUST11755,Zarqa,Consumer,Hospitality,Google Ads,Qualified,False,Active,CRM Basic,Year-End Campaign,WhatsApp,Yara Odeh,2025-05-30,2025-11-25,179.0,57.0,7,7,8,6.0,4.3,0.0,False
CUST11756,Aqaba,Consumer,Education,Email Campaign,Lost,False,Active,CRM Professional,Spring Campaign,Website,Yara Odeh,2024-07-31,2025-03-07,219.0,35.0,4,9,7,24.7,5.5,0.0,False
CUST11757,Irbid,Small Business,Education,Instagram,Contacted,False,Prospect,Analytics Add-on,No Campaign,WhatsApp,Omar Mansour,2024-05-09,,,64.0,5,5,5,11.7,8.3,0.0,False
CUST11758,Madaba,Corporate,Manufacturing,Trade Show,New Lead,False,Active,Analytics Add-on,No Campaign,WhatsApp,Yara Odeh,2025-05-19,2025-06-04,16.0,,9,11,7,5.0,7.5,0.0,False
CUST11759,Amman,Consumer,Healthcare,LinkedIn,Won,True,Active,CRM Basic,Summer Campaign,Phone,Lina Haddad,2025-10-18,2025-12-18,61.0,66.0,4,10,5,10.9,8.7,160.1,True
CUST11760,Aqaba,Consumer,Construction,Instagram,Negotiation,False,Active,CRM Enterprise,Referral Program,Meeting,Omar Mansour,2024-07-10,2024-09-02,54.0,84.0,7,13,4,12.4,7.5,254.42,True
CUST11761,Karak,Small Business,Education,Cold Call,Contacted,False,Active,CRM Basic,Back-to-School,Social Media,Yara Odeh,2023-10-23,2024-04-08,168.0,59.0,8,4,4,5.0,7.1,0.0,False
CUST11762,Salt,Consumer,Hospitality,Google Ads,Lost,False,Active,CRM Basic,Q1 Acquisition,Phone,Yara Odeh,2023-11-08,2023-12-04,26.0,44.0,2,7,5,9.7,4.7,0.0,False
CUST11763,Salt,Small Business,Healthcare,Cold Call,Qualified,False,Inactive,CRM Professional,Summer Campaign,Meeting,Samer Khalil,2023-06-05,2024-05-06,336.0,82.0,6,11,3,2.5,3.2,0.0,False
CUST11764,Madaba,Small Business,Education,Website,Lost,False,Active,CRM Basic,Spring Campaign,Phone,Ahmad Saleh,2024-06-01,2024-08-05,65.0,74.0,8,7,4,12.4,10.0,0.0,False
CUST11765,Karak,Consumer,Construction,Website,Qualified,False,Inactive,CRM Basic,Year-End Campaign,Website,Yara Odeh,2023-02-06,2023-05-17,100.0,48.0,5,11,3,12.8,8.3,0.0,False
CUST11766,Salt,Consumer,Technology,Referral,Qualified,False,Active,CRM Enterprise,Year-End Campaign,Meeting,Samer Khalil,2024-01-07,2024-03-21,74.0,70.0,10,10,3,,4.8,0.0,False
CUST11767,Salt,Small Business,Technology,Google Ads,Qualified,False,Active,CRM Professional,Q1 Acquisition,Meeting,Samer Khalil,2023-12-17,2024-06-26,192.0,61.0,5,7,4,14.9,6.0,0.0,False
CUST11768,Amman,Consumer,Manufacturing,Instagram,Contacted,False,Active,Analytics Add-on,Q1 Acquisition,Website,Samer Khalil,2025-03-24,2025-09-11,171.0,41.0,5,9,6,16.0,5.9,0.0,False
CUST11769,Irbid,Consumer,Unknown,Google Ads,Proposal,False,Active,CRM Enterprise,Spring Campaign,Meeting,Ahmad Saleh,2025-01-23,2025-10-23,273.0,65.0,10,14,3,12.4,7.6,148.77,True
CUST11770,Aqaba,Corporate,Hospitality,Instagram,Qualified,False,Inactive,CRM Enterprise,Referral Program,Social Media,Ahmad Saleh,2023-03-19,2023-09-22,187.0,25.0,4,6,1,7.8,10.0,0.0,False
CUST11771,Aqaba,Consumer,Hospitality,LinkedIn,New Lead,False,Active,CRM Professional,Q1 Acquisition,Email,Samer Khalil,2024-02-21,2024-03-15,23.0,62.0,3,5,5,,7.9,0.0,False
CUST11772,Salt,Consumer,Education,Cold Call,Contacted,False,Active,CRM Basic,Spring Campaign,WhatsApp,Ahmad Saleh,2023-10-03,2024-04-01,181.0,66.0,4,7,1,11.8,7.9,0.0,False
CUST11773,Amman,Consumer,Retail,Instagram,Contacted,False,Prospect,CRM Enterprise,No Campaign,Meeting,Dana Nasser,2024-08-07,2025-06-30,327.0,12.0,5,10,4,7.4,,0.0,False
CUST11774,Amman,Small Business,Healthcare,LinkedIn,Won,True,Active,CRM Basic,Back-to-School,WhatsApp,Samer Khalil,2024-07-09,2024-10-25,108.0,,9,8,4,5.3,7.0,294.5,True
CUST11775,Zarqa,Consumer,Construction,Google Ads,Proposal,False,Prospect,Analytics Add-on,Year-End Campaign,Phone,Yara Odeh,2025-11-06,2025-12-31,55.0,74.0,4,3,2,8.4,8.2,34.27,True
CUST11776,Jerash,Enterprise,Education,LinkedIn,Won,True,Active,CRM Professional,Back-to-School,Phone,Lina Haddad,2024-03-25,2024-09-03,162.0,97.0,7,6,4,19.2,7.9,2637.46,True
CUST11777,Amman,Corporate,Manufacturing,Trade Show,Lost,False,Active,CRM Basic,Summer Campaign,Meeting,Dana Nasser,2025-06-09,2025-12-31,205.0,40.0,2,12,5,16.5,6.3,0.0,False
CUST11778,Jerash,Consumer,Construction,LinkedIn,Proposal,False,Active,CRM Enterprise,Spring Campaign,Meeting,Samer Khalil,2024-02-22,2024-09-15,206.0,62.0,4,7,3,14.7,5.5,116.71,True
CUST11779,Madaba,Consumer,Healthcare,LinkedIn,Lost,False,Active,Marketing Add-on,Year-End Campaign,Meeting,Lina Haddad,2025-05-19,2025-08-05,78.0,52.0,9,15,3,22.3,7.6,0.0,False
CUST11780,Madaba,Consumer,Finance,Referral,Contacted,False,Active,CRM Basic,Back-to-School,Social Media,Yara Odeh,2025-07-02,2025-07-18,16.0,36.0,2,9,2,19.3,4.0,0.0,False
CUST11781,Irbid,Small Business,Manufacturing,Website,Contacted,False,Inactive,CRM Basic,Summer Campaign,Meeting,Lina Haddad,2024-11-07,2025-09-30,327.0,83.0,5,9,5,16.3,8.4,0.0,False
CUST11782,Aqaba,Corporate,Education,Cold Call,Qualified,False,Prospect,Analytics Add-on,Referral Program,WhatsApp,Omar Mansour,2025-01-13,2025-04-19,96.0,62.0,7,6,4,5.8,8.2,0.0,False
CUST11783,Karak,Small Business,Retail,Trade Show,Qualified,False,Active,CRM Basic,Summer Campaign,Phone,Omar Mansour,2023-04-23,2023-09-17,147.0,64.0,4,8,5,10.7,6.8,0.0,False
CUST11784,Aqaba,Consumer,Construction,Trade Show,Won,True,Prospect,CRM Basic,Q1 Acquisition,Phone,Lina Haddad,2024-04-30,2024-05-02,2.0,100.0,10,4,4,6.9,8.2,60.57,True
CUST11785,Aqaba,Small Business,Finance,Website,Proposal,False,Active,CRM Professional,No Campaign,Meeting,Samer Khalil,2023-07-05,2023-07-15,10.0,67.0,6,8,3,11.4,8.8,95.76,True
CUST11786,Madaba,Consumer,Manufacturing,Email Campaign,Contacted,False,Prospect,CRM Professional,Summer Campaign,Website,Samer Khalil,2024-11-25,2025-03-30,125.0,77.0,6,6,3,2.1,6.8,0.0,False
CUST11787,Amman,Corporate,Education,Instagram,Negotiation,False,Active,CRM Professional,No Campaign,Email,Samer Khalil,2024-05-07,2024-07-27,81.0,41.0,0,8,2,11.8,5.5,725.68,True
CUST11788,Karak,Small Business,Technology,LinkedIn,Qualified,False,Inactive,CRM Professional,No Campaign,Meeting,Samer Khalil,2025-05-30,2025-10-17,140.0,83.0,6,4,3,2.1,8.7,0.0,False
CUST11789,Salt,Consumer,Hospitality,Google Ads,Contacted,False,Active,Marketing Add-on,Spring Campaign,Social Media,Lina Haddad,2023-05-29,2024-04-19,326.0,71.0,8,4,4,26.5,8.4,0.0,False
CUST11790,Jerash,Consumer,Education,LinkedIn,Proposal,False,Prospect,Analytics Add-on,No Campaign,Email,Yara Odeh,2024-01-10,2024-06-08,150.0,,2,8,3,5.3,6.0,26.33,True
CUST11791,Amman,Corporate,Technology,Google Ads,Won,True,Inactive,Marketing Add-on,No Campaign,Email,Ahmad Saleh,2023-12-08,2024-09-21,288.0,74.0,5,7,6,11.1,6.6,1243.34,True
CUST11792,Salt,Corporate,Technology,LinkedIn,Won,True,Active,CRM Professional,Unknown,Meeting,Ahmad Saleh,2025-09-21,2025-12-31,101.0,88.0,3,7,2,9.5,10.0,2789.71,True
CUST11793,Karak,Consumer,Manufacturing,Trade Show,Proposal,False,Active,CRM Basic,Year-End Campaign,Social Media,Yara Odeh,2023-04-08,2024-03-13,340.0,83.0,4,7,6,16.3,6.3,16.16,True
CUST11794,Aqaba,Consumer,Education,Email Campaign,Qualified,False,Prospect,Marketing Add-on,Unknown,WhatsApp,Yara Odeh,2024-08-20,2024-12-27,129.0,86.0,4,7,7,9.1,8.4,0.0,False
CUST11795,Karak,Small Business,Hospitality,Website,New Lead,False,Active,CRM Basic,Referral Program,Meeting,Samer Khalil,2025-03-10,2025-11-04,239.0,10.0,4,8,1,9.0,9.0,0.0,False
CUST11796,Aqaba,Consumer,Education,Facebook,Qualified,False,Active,Analytics Add-on,No Campaign,Phone,Omar Mansour,2024-11-29,2025-01-26,58.0,62.0,3,5,0,9.1,8.2,0.0,False
CUST11797,Madaba,Consumer,Technology,Cold Call,Negotiation,False,Active,CRM Basic,Year-End Campaign,Social Media,Lina Haddad,2025-12-25,2025-12-31,6.0,54.0,5,11,4,12.9,8.8,36.48,True
CUST11798,Aqaba,Consumer,Healthcare,Unknown,Qualified,False,Prospect,Analytics Add-on,No Campaign,Phone,Ahmad Saleh,2024-04-21,2024-11-18,211.0,46.0,9,9,5,13.5,5.6,0.0,False
CUST11799,Madaba,Consumer,Finance,Instagram,Contacted,False,Active,Marketing Add-on,Back-to-School,Meeting,Yara Odeh,2024-01-19,2024-03-04,45.0,66.0,9,7,5,18.1,6.5,0.0,False
CUST11800,Irbid,Small Business,Retail,Website,Lost,False,Active,CRM Professional,Referral Program,Meeting,Lina Haddad,2024-03-09,2024-06-14,97.0,29.0,7,7,4,11.5,7.2,0.0,False
CUST11801,Irbid,Enterprise,Education,Google Ads,Won,True,Prospect,CRM Basic,No Campaign,Website,Omar Mansour,2023-09-08,2024-06-13,279.0,80.0,4,11,5,4.7,9.5,3377.78,True
CUST11802,Jerash,Small Business,Finance,Cold Call,Proposal,False,Active,CRM Basic,Back-to-School,Email,Yara Odeh,2024-10-26,2024-11-18,23.0,58.0,3,10,3,15.7,6.6,42.88,True
CUST11803,Karak,Consumer,Finance,Google Ads,New Lead,False,Active,CRM Professional,Q1 Acquisition,Website,Lina Haddad,2023-04-08,2024-03-08,335.0,60.0,5,11,2,17.4,9.7,0.0,False
CUST11804,Karak,Small Business,Construction,Website,New Lead,False,Active,CRM Basic,Q1 Acquisition,Email,Omar Mansour,2023-10-11,2023-11-24,44.0,3.0,3,9,4,7.6,7.0,0.0,False
CUST11805,Amman,Small Business,Healthcare,Instagram,New Lead,False,Prospect,CRM Enterprise,No Campaign,WhatsApp,Yara Odeh,2025-08-19,2025-09-15,27.0,65.0,5,8,9,14.2,7.7,0.0,False
CUST11806,Karak,Consumer,Finance,Facebook,Proposal,False,Active,CRM Professional,No Campaign,Social Media,Omar Mansour,2024-03-20,2024-12-27,282.0,97.0,3,10,3,4.9,7.7,61.21,True
CUST11807,Amman,Enterprise,Education,Website,New Lead,False,Inactive,CRM Professional,Back-to-School,WhatsApp,Dana Nasser,2024-09-20,2024-12-26,97.0,52.0,4,8,7,2.3,5.6,0.0,False
CUST11808,Salt,Consumer,Manufacturing,Referral,Won,True,Prospect,CRM Professional,No Campaign,Email,Yara Odeh,2024-05-08,2024-06-13,36.0,85.0,4,9,5,6.7,7.7,346.58,True
CUST11809,Amman,Enterprise,Manufacturing,Instagram,Lost,False,Active,CRM Professional,Spring Campaign,Meeting,Omar Mansour,2024-07-12,2024-10-29,109.0,4.0,3,7,7,17.6,7.5,0.0,False
CUST11810,Salt,Consumer,Construction,Google Ads,Qualified,False,Prospect,CRM Basic,Q1 Acquisition,Website,Dana Nasser,2024-12-03,2025-01-27,55.0,73.0,5,7,3,21.6,5.2,0.0,False
CUST11811,Karak,Small Business,Finance,Email Campaign,Qualified,False,Active,CRM Enterprise,Year-End Campaign,Email,Yara Odeh,2024-06-21,2024-12-30,192.0,80.0,5,10,5,9.6,7.9,0.0,False
CUST11812,Jerash,Consumer,Education,Trade Show,Negotiation,False,Inactive,Marketing Add-on,Summer Campaign,Meeting,Yara Odeh,2024-11-29,2025-07-06,219.0,75.0,4,4,3,3.7,6.4,63.37,True
CUST11813,Aqaba,Consumer,Education,Trade Show,Lost,False,Active,CRM Basic,Summer Campaign,WhatsApp,Omar Mansour,2024-07-22,2025-01-23,185.0,32.0,3,5,2,22.3,8.6,0.0,False
CUST11814,Jerash,Consumer,Technology,Email Campaign,Won,True,Inactive,CRM Basic,Referral Program,Meeting,Omar Mansour,2025-08-01,2025-10-09,69.0,100.0,6,3,8,14.4,6.3,88.2,True
CUST11815,Jerash,Corporate,Healthcare,Facebook,New Lead,False,Active,Analytics Add-on,Q1 Acquisition,Meeting,Lina Haddad,2025-11-20,2025-12-31,41.0,23.0,5,11,5,7.2,8.7,0.0,False
CUST11816,Karak,Corporate,Hospitality,Trade Show,Contacted,False,Active,CRM Basic,Referral Program,WhatsApp,Dana Nasser,2023-01-17,2023-05-27,130.0,73.0,4,14,3,12.8,6.4,0.0,False
CUST11817,Jerash,Corporate,Retail,Facebook,Negotiation,False,Prospect,CRM Basic,Summer Campaign,Website,Yara Odeh,2023-02-21,2023-04-17,55.0,84.0,4,5,2,9.3,,268.28,True
CUST11818,Karak,Corporate,Hospitality,Instagram,Negotiation,False,Active,CRM Enterprise,No Campaign,Meeting,Ahmad Saleh,2025-10-27,2025-12-31,65.0,70.0,5,11,2,27.8,6.0,2091.78,True
CUST11819,Amman,Corporate,Construction,Email Campaign,New Lead,False,Prospect,CRM Basic,Referral Program,Website,Ahmad Saleh,2025-08-12,,,89.0,7,6,6,12.9,8.5,0.0,False
CUST11820,Karak,Consumer,Technology,Facebook,Qualified,False,Active,CRM Basic,Year-End Campaign,Meeting,Lina Haddad,2024-05-14,2024-08-09,87.0,70.0,6,12,3,7.6,6.3,0.0,False
CUST11821,Madaba,Consumer,Retail,Referral,Won,True,Active,Marketing Add-on,Spring Campaign,Meeting,Ahmad Saleh,2025-05-24,,,92.0,5,13,0,19.2,5.7,93.54,True
CUST11822,Irbid,Small Business,Hospitality,Facebook,Contacted,False,Prospect,CRM Professional,Unknown,WhatsApp,Ahmad Saleh,2025-12-07,2025-12-31,24.0,60.0,7,11,2,8.1,7.1,0.0,False
CUST11823,Zarqa,Small Business,Education,LinkedIn,Won,True,Active,Marketing Add-on,Q1 Acquisition,Email,Omar Mansour,2024-05-04,2024-11-28,208.0,86.0,9,9,2,14.8,8.0,380.62,True
CUST11824,Karak,Corporate,Manufacturing,Instagram,New Lead,False,Prospect,CRM Basic,Spring Campaign,Email,Samer Khalil,2023-01-16,2023-12-16,334.0,38.0,3,9,4,13.9,5.6,0.0,False
CUST11825,Amman,Consumer,Technology,Referral,Won,True,Active,Analytics Add-on,Q1 Acquisition,Social Media,Samer Khalil,2025-10-14,2025-12-31,78.0,95.0,3,2,3,1.4,8.3,183.81,True
CUST11826,Jerash,Consumer,Hospitality,Email Campaign,Proposal,False,Active,CRM Professional,No Campaign,WhatsApp,Ahmad Saleh,2023-04-19,2023-05-24,35.0,69.0,1,7,3,6.0,6.8,67.44,True
CUST11827,Madaba,Enterprise,Construction,Cold Call,Contacted,False,Inactive,CRM Basic,No Campaign,Social Media,Lina Haddad,2025-07-09,2025-09-26,79.0,14.0,4,9,4,12.3,6.6,0.0,False
CUST11828,Madaba,Small Business,Finance,Google Ads,Negotiation,False,Active,CRM Enterprise,No Campaign,Meeting,Lina Haddad,2023-04-26,2023-07-02,67.0,57.0,4,6,2,22.0,9.5,766.7,True
CUST11829,Amman,Consumer,Construction,Trade Show,Won,True,Active,Marketing Add-on,Referral Program,WhatsApp,Dana Nasser,2025-02-16,2025-12-31,318.0,100.0,6,15,5,,7.2,195.65,True
CUST11830,Amman,Corporate,Construction,LinkedIn,Lost,False,Inactive,CRM Basic,Unknown,Social Media,Lina Haddad,2025-05-25,2025-06-28,34.0,63.0,4,10,3,5.1,8.9,0.0,False
CUST11831,Zarqa,Enterprise,Construction,LinkedIn,Qualified,False,Active,CRM Enterprise,No Campaign,Phone,Lina Haddad,2023-08-16,2023-11-21,97.0,39.0,8,5,1,,6.1,0.0,False
CUST11832,Madaba,Consumer,Finance,Cold Call,Negotiation,False,Active,CRM Professional,Back-to-School,Email,Omar Mansour,2025-09-12,2025-12-31,110.0,62.0,9,7,1,5.1,6.2,125.73,True
CUST11833,Aqaba,Corporate,Retail,Trade Show,Proposal,False,Prospect,CRM Enterprise,Summer Campaign,Email,Omar Mansour,2025-12-17,2025-12-31,14.0,55.0,4,12,5,11.3,7.2,964.9,True
CUST11834,Zarqa,Enterprise,Education,Facebook,Proposal,False,Prospect,CRM Enterprise,Spring Campaign,Phone,Yara Odeh,2025-03-23,2025-08-21,151.0,96.0,1,10,6,19.7,8.1,1624.73,True
CUST11835,Salt,Enterprise,Manufacturing,Email Campaign,Won,True,Active,CRM Basic,Spring Campaign,Website,Ahmad Saleh,2023-07-05,2023-09-14,71.0,49.0,4,8,5,8.0,6.3,2843.22,True
CUST11836,Zarqa,Enterprise,Retail,Google Ads,New Lead,False,Active,CRM Basic,Referral Program,Phone,Yara Odeh,2023-08-27,2023-08-30,3.0,28.0,3,8,3,11.9,6.5,0.0,False
CUST11837,Salt,Small Business,Hospitality,Referral,Contacted,False,Inactive,CRM Professional,Spring Campaign,Email,Lina Haddad,2023-05-09,2024-03-18,314.0,,4,10,4,7.4,5.7,0.0,False
CUST11838,Zarqa,Consumer,Hospitality,Referral,Proposal,False,Active,Marketing Add-on,Spring Campaign,WhatsApp,Samer Khalil,2025-01-06,2025-02-07,32.0,38.0,5,4,4,19.3,9.4,41.62,True
CUST11839,Zarqa,Consumer,Manufacturing,Google Ads,Contacted,False,Active,CRM Professional,Referral Program,Social Media,Lina Haddad,2024-08-27,2025-06-10,287.0,52.0,5,10,3,3.5,5.1,0.0,False
CUST11840,Aqaba,Consumer,Hospitality,Website,Won,True,Prospect,CRM Enterprise,Spring Campaign,Email,Lina Haddad,2025-07-12,2025-10-02,82.0,59.0,5,14,11,7.4,9.1,965.71,True
CUST11841,Salt,Consumer,Healthcare,Email Campaign,Proposal,False,Active,CRM Basic,Unknown,Phone,Ahmad Saleh,2024-04-17,2024-05-30,43.0,50.0,4,8,1,7.2,8.9,14.53,True
CUST11842,Amman,Consumer,Manufacturing,Trade Show,Qualified,False,Active,CRM Enterprise,No Campaign,WhatsApp,Samer Khalil,2024-01-21,2024-05-05,105.0,,11,5,1,9.5,7.3,0.0,False
CUST11843,Aqaba,Consumer,Finance,Email Campaign,Won,True,Prospect,CRM Enterprise,Summer Campaign,Email,Ahmad Saleh,2024-09-30,2024-10-01,1.0,76.0,8,9,3,15.8,6.9,1006.22,True
CUST11844,Irbid,Consumer,Hospitality,Cold Call,Qualified,False,Inactive,CRM Enterprise,Referral Program,Phone,Lina Haddad,2023-02-25,2023-04-27,61.0,49.0,5,9,6,14.7,7.2,0.0,False
CUST11845,Madaba,Consumer,Hospitality,LinkedIn,Proposal,False,Prospect,Marketing Add-on,Back-to-School,Email,Samer Khalil,2025-08-08,2025-12-31,145.0,,9,3,5,9.8,6.9,43.67,True
CUST11846,Salt,Corporate,Technology,Website,New Lead,False,Active,CRM Basic,Q1 Acquisition,Phone,Lina Haddad,2023-10-30,2024-04-27,180.0,65.0,5,13,1,3.7,7.7,0.0,False
CUST11847,Karak,Consumer,Technology,Trade Show,Qualified,False,Active,CRM Basic,Year-End Campaign,Meeting,Yara Odeh,2023-06-13,2024-01-23,224.0,77.0,5,7,5,7.2,7.4,0.0,False
CUST11848,Jerash,Small Business,Technology,Email Campaign,New Lead,False,Prospect,Marketing Add-on,Spring Campaign,Phone,Ahmad Saleh,2024-06-07,2024-06-13,6.0,70.0,2,7,4,22.0,5.4,0.0,False
CUST11849,Jerash,Small Business,Manufacturing,Instagram,Negotiation,False,Active,CRM Basic,Spring Campaign,Email,Ahmad Saleh,2025-12-29,2025-12-31,2.0,72.0,5,15,4,8.4,6.3,79.27,True
CUST11850,Madaba,Consumer,Finance,LinkedIn,Qualified,False,Inactive,CRM Enterprise,Q1 Acquisition,WhatsApp,Omar Mansour,2023-01-24,2023-02-03,10.0,,8,5,6,2.2,6.2,0.0,False
CUST11851,Aqaba,Enterprise,Manufacturing,Email Campaign,Contacted,False,Active,CRM Enterprise,Q1 Acquisition,Email,Samer Khalil,2025-04-01,2025-06-11,71.0,54.0,10,3,3,13.2,7.7,0.0,False
CUST11852,Salt,Small Business,Construction,Email Campaign,Qualified,False,Inactive,CRM Enterprise,Back-to-School,Email,Omar Mansour,2023-12-20,2024-03-19,90.0,,4,9,1,7.7,7.0,0.0,False
CUST11853,Jerash,Consumer,Education,Trade Show,Contacted,False,Active,CRM Basic,Q1 Acquisition,Meeting,Yara Odeh,2023-03-13,2023-10-25,226.0,71.0,5,8,5,3.8,5.6,0.0,False
CUST11854,Zarqa,Consumer,Finance,LinkedIn,Lost,False,Active,CRM Basic,Spring Campaign,WhatsApp,Samer Khalil,2024-02-24,2024-07-31,158.0,38.0,4,5,3,8.5,5.5,0.0,False
CUST11855,Jerash,Consumer,Finance,Referral,New Lead,False,Active,CRM Enterprise,No Campaign,Meeting,Dana Nasser,2023-05-03,2023-12-17,228.0,39.0,10,8,5,4.1,6.3,0.0,False
CUST11856,Amman,Consumer,Construction,Referral,Won,True,Inactive,CRM Basic,Q1 Acquisition,Email,Samer Khalil,2024-09-08,2025-01-12,126.0,89.0,9,11,3,21.2,6.2,120.11,True
CUST11857,Jerash,Consumer,Manufacturing,Instagram,Qualified,False,Active,CRM Enterprise,Summer Campaign,Meeting,Lina Haddad,2023-09-27,2024-04-23,209.0,45.0,1,8,7,0.6,6.3,0.0,False
CUST11858,Madaba,Small Business,Manufacturing,Facebook,Proposal,False,Inactive,CRM Professional,Referral Program,Social Media,Samer Khalil,2025-11-03,2025-12-31,58.0,52.0,4,7,3,12.0,8.7,163.55,True
CUST11859,Aqaba,Corporate,Technology,Google Ads,Contacted,False,Active,CRM Professional,No Campaign,Social Media,Omar Mansour,2023-01-23,2023-04-07,74.0,58.0,5,7,4,11.1,7.3,0.0,False
CUST11860,Salt,Small Business,Finance,Trade Show,Lost,False,Active,CRM Professional,Q1 Acquisition,Social Media,Ahmad Saleh,2024-04-27,2024-08-20,115.0,54.0,5,6,3,11.7,7.0,0.0,False
CUST11861,Aqaba,Consumer,Technology,Trade Show,Contacted,False,Inactive,Marketing Add-on,Spring Campaign,Phone,Ahmad Saleh,2025-09-11,2025-12-31,111.0,96.0,3,14,6,3.6,5.0,0.0,False
CUST11862,Irbid,Consumer,Education,Referral,Proposal,False,Active,CRM Professional,Summer Campaign,Website,Samer Khalil,2024-07-12,2024-12-29,170.0,72.0,2,9,4,11.5,9.4,45.4,True
CUST11863,Amman,Consumer,Healthcare,Trade Show,Lost,False,Active,CRM Professional,Summer Campaign,Meeting,Dana Nasser,2023-10-28,2024-08-30,307.0,56.0,1,8,3,30.6,6.4,0.0,False
CUST11864,Madaba,Consumer,Unknown,LinkedIn,Won,True,Active,Marketing Add-on,Spring Campaign,Email,Ahmad Saleh,2025-08-03,2025-12-31,150.0,100.0,8,4,2,2.4,6.2,71.02,True
CUST11865,Salt,Consumer,Manufacturing,Facebook,Proposal,False,Inactive,CRM Enterprise,Spring Campaign,Website,Yara Odeh,2024-08-21,2024-10-16,56.0,74.0,1,8,6,4.5,4.6,315.18,True
CUST11866,Karak,Corporate,Hospitality,Instagram,Lost,False,Prospect,Marketing Add-on,Spring Campaign,Meeting,Ahmad Saleh,2023-04-01,2023-10-26,208.0,54.0,2,9,1,23.6,5.3,0.0,False
CUST11867,Jerash,Consumer,Retail,Website,Negotiation,False,Active,CRM Basic,Q1 Acquisition,Social Media,Yara Odeh,2024-04-27,2024-06-07,41.0,15.0,3,12,5,7.5,7.1,50.39,True
CUST11868,Karak,Corporate,Healthcare,Referral,Contacted,False,Active,Analytics Add-on,Spring Campaign,WhatsApp,Yara Odeh,2024-08-26,2024-09-27,32.0,42.0,10,4,6,6.0,9.2,0.0,False
CUST11869,Jerash,Consumer,Education,Website,Qualified,False,Active,CRM Professional,Year-End Campaign,Social Media,Yara Odeh,2025-03-10,2025-03-25,15.0,64.0,4,14,4,20.5,9.1,0.0,False
CUST11870,Aqaba,Enterprise,Hospitality,Website,Contacted,False,Inactive,Analytics Add-on,Summer Campaign,Email,Ahmad Saleh,2024-01-17,2024-03-19,62.0,35.0,7,11,9,12.6,6.1,0.0,False
CUST11871,Zarqa,Small Business,Manufacturing,Cold Call,Qualified,False,Active,Analytics Add-on,Summer Campaign,Website,Dana Nasser,2025-06-10,2025-11-12,155.0,64.0,2,8,4,16.2,3.8,0.0,False
CUST11872,Irbid,Corporate,Healthcare,Facebook,Won,True,Inactive,CRM Basic,Summer Campaign,Website,Omar Mansour,2024-02-23,2024-12-03,284.0,94.0,4,6,1,9.3,8.8,824.34,True
CUST11873,Aqaba,Consumer,Construction,Google Ads,Proposal,False,Active,CRM Professional,Q1 Acquisition,Meeting,Samer Khalil,2024-04-25,2024-11-20,209.0,85.0,6,6,1,12.3,7.9,50.13,True
CUST11874,Aqaba,Corporate,Manufacturing,Email Campaign,New Lead,False,Prospect,CRM Enterprise,No Campaign,Phone,Yara Odeh,2023-05-05,2024-03-20,320.0,38.0,1,10,3,8.2,5.1,0.0,False
CUST11875,Madaba,Corporate,Technology,LinkedIn,Won,True,Active,CRM Basic,No Campaign,WhatsApp,Dana Nasser,2025-08-14,2025-12-31,139.0,49.0,9,9,2,1.9,7.4,943.71,True
CUST11876,Salt,Small Business,Hospitality,Trade Show,Contacted,False,Prospect,CRM Enterprise,Spring Campaign,Social Media,Samer Khalil,2023-07-07,2023-11-14,130.0,52.0,4,4,4,12.1,6.1,0.0,False
CUST11877,Aqaba,Small Business,Manufacturing,Google Ads,Lost,False,Active,CRM Basic,Summer Campaign,WhatsApp,Lina Haddad,2023-04-19,2023-08-24,127.0,37.0,0,7,3,1.3,6.5,0.0,False
CUST11878,Aqaba,Corporate,Hospitality,Instagram,Lost,False,Active,Marketing Add-on,Referral Program,Email,Yara Odeh,2025-04-05,2025-12-31,270.0,30.0,4,9,4,7.6,4.5,0.0,False
CUST11879,Zarqa,Consumer,Education,Instagram,Lost,False,Inactive,CRM Basic,Q1 Acquisition,Phone,Samer Khalil,2025-05-31,2025-09-22,114.0,39.0,2,7,6,28.8,7.7,0.0,False
CUST11880,Amman,Small Business,Retail,LinkedIn,Won,True,Active,CRM Professional,No Campaign,Social Media,Yara Odeh,2025-07-28,2025-12-31,156.0,73.0,6,8,8,18.2,7.7,1230.76,True
CUST11881,Amman,Corporate,Technology,Trade Show,Contacted,False,Active,CRM Basic,Q1 Acquisition,Email,Ahmad Saleh,2023-08-29,2023-09-11,13.0,46.0,3,9,2,9.5,7.8,0.0,False
CUST11882,Irbid,Consumer,Technology,Trade Show,Proposal,False,Prospect,CRM Basic,Referral Program,WhatsApp,Dana Nasser,2024-03-16,2024-12-12,271.0,58.0,1,7,5,4.0,,20.31,True
CUST11883,Madaba,Consumer,Hospitality,Referral,Contacted,False,Active,CRM Professional,Summer Campaign,Phone,Yara Odeh,2024-08-22,2024-11-19,89.0,79.0,6,12,6,8.6,,0.0,False
CUST11884,Aqaba,Consumer,Education,Trade Show,Contacted,False,Active,CRM Professional,Summer Campaign,Social Media,Dana Nasser,2024-11-26,2025-06-29,215.0,55.0,3,11,5,20.7,5.0,0.0,False
CUST11885,Irbid,Corporate,Education,Email Campaign,Proposal,False,Active,CRM Basic,Q1 Acquisition,WhatsApp,Omar Mansour,2025-03-15,2025-12-18,278.0,72.0,3,11,4,31.9,6.2,158.37,True
CUST11886,Zarqa,Consumer,Healthcare,Google Ads,New Lead,False,Active,Marketing Add-on,Year-End Campaign,Social Media,Lina Haddad,2023-02-25,,,48.0,0,9,4,10.8,8.3,0.0,False
CUST11887,Salt,Consumer,Retail,Google Ads,Lost,False,Inactive,CRM Basic,Referral Program,Phone,Omar Mansour,2023-11-20,2024-02-02,74.0,18.0,10,9,5,2.8,4.5,0.0,False
CUST11888,Amman,Consumer,Manufacturing,Cold Call,Won,True,Active,Analytics Add-on,No Campaign,Phone,Omar Mansour,2025-10-16,2025-11-10,25.0,100.0,3,9,1,27.1,10.0,285.55,True
CUST11889,Jerash,Corporate,Healthcare,LinkedIn,Qualified,False,Active,CRM Professional,Summer Campaign,WhatsApp,Lina Haddad,2025-06-09,2025-09-18,101.0,100.0,4,7,3,12.4,6.6,0.0,False
CUST11890,Aqaba,Consumer,Manufacturing,LinkedIn,Qualified,False,Active,CRM Professional,Year-End Campaign,Social Media,Ahmad Saleh,2024-09-10,2025-03-05,176.0,41.0,3,9,3,1.7,7.0,0.0,False
CUST11891,Madaba,Small Business,Manufacturing,Email Campaign,Qualified,False,Active,CRM Basic,Summer Campaign,Website,Dana Nasser,2023-07-17,2023-11-11,117.0,47.0,4,11,3,8.9,7.9,0.0,False
CUST11892,Jerash,Consumer,Manufacturing,Trade Show,Won,True,Prospect,CRM Enterprise,Year-End Campaign,Email,Samer Khalil,2024-08-04,2025-01-17,166.0,69.0,3,8,4,9.4,5.0,1054.22,True
CUST11893,Salt,Corporate,Healthcare,Cold Call,Negotiation,False,Prospect,CRM Professional,Spring Campaign,Phone,Lina Haddad,2025-02-08,2025-03-21,41.0,79.0,6,9,4,10.8,8.5,1320.55,True
CUST11894,Madaba,Enterprise,Technology,Referral,Contacted,False,Active,CRM Basic,Year-End Campaign,Social Media,Omar Mansour,2023-05-10,2024-04-18,344.0,47.0,9,6,8,1.0,8.7,0.0,False
CUST11895,Madaba,Consumer,Education,Referral,Qualified,False,Active,CRM Basic,No Campaign,WhatsApp,Samer Khalil,2023-10-31,2024-02-28,120.0,50.0,9,9,3,11.9,7.0,0.0,False
CUST11896,Irbid,Consumer,Technology,Google Ads,Qualified,False,Prospect,CRM Basic,No Campaign,WhatsApp,Yara Odeh,2025-02-04,2025-05-12,97.0,72.0,7,9,3,5.7,4.3,0.0,False
CUST11897,Amman,Corporate,Retail,Email Campaign,Lost,False,Active,CRM Basic,Back-to-School,Phone,Lina Haddad,2024-03-15,2024-08-07,145.0,53.0,8,4,7,7.3,7.8,0.0,False
CUST11898,Salt,Consumer,Healthcare,Website,Contacted,False,Active,CRM Basic,Spring Campaign,Meeting,Yara Odeh,2023-11-23,2024-06-26,216.0,74.0,1,10,8,10.9,7.7,0.0,False
CUST11899,Karak,Consumer,Construction,Website,New Lead,False,Active,CRM Basic,No Campaign,Phone,Lina Haddad,2024-12-14,,,43.0,6,8,4,,10.0,0.0,False
CUST11900,Zarqa,Corporate,Retail,Trade Show,Won,True,Active,CRM Enterprise,No Campaign,Meeting,Ahmad Saleh,2025-04-27,2025-12-31,248.0,79.0,6,10,6,8.7,,4697.68,True
CUST11901,Amman,Enterprise,Education,Google Ads,Won,True,Prospect,CRM Professional,Summer Campaign,Website,Yara Odeh,2023-11-23,2024-04-01,130.0,71.0,9,4,4,20.3,7.7,5125.96,True
CUST11902,Amman,Small Business,Education,Email Campaign,Won,True,Active,CRM Professional,No Campaign,WhatsApp,Ahmad Saleh,2023-05-19,2024-05-05,352.0,85.0,4,4,3,6.6,7.3,1023.93,True
CUST11903,Madaba,Consumer,Finance,Website,Qualified,False,Prospect,CRM Basic,No Campaign,Social Media,Dana Nasser,2024-02-07,2024-12-21,318.0,39.0,7,2,2,6.5,6.7,0.0,False
CUST11904,Amman,Consumer,Retail,Facebook,Proposal,False,Active,CRM Professional,Summer Campaign,Meeting,Dana Nasser,2024-01-10,2024-05-26,137.0,89.0,1,7,3,6.5,7.3,32.18,True
CUST11905,Karak,Consumer,Construction,Instagram,Proposal,False,Active,CRM Professional,Referral Program,Email,Samer Khalil,2025-07-23,2025-12-31,161.0,80.0,2,7,1,5.6,5.3,27.84,True
CUST11906,Karak,Corporate,Technology,Instagram,New Lead,False,Prospect,CRM Enterprise,Year-End Campaign,Email,Dana Nasser,2023-05-12,2024-04-13,337.0,44.0,8,10,5,12.2,5.6,0.0,False
CUST11907,Jerash,Corporate,Hospitality,Facebook,Proposal,False,Prospect,CRM Enterprise,Referral Program,Website,Yara Odeh,2024-09-19,2025-06-19,273.0,,7,5,1,2.3,7.3,445.14,True
CUST11908,Salt,Corporate,Construction,Facebook,New Lead,False,Inactive,CRM Enterprise,Q1 Acquisition,Meeting,Yara Odeh,2023-12-04,2024-03-30,117.0,73.0,10,11,0,13.1,7.4,0.0,False
CUST11909,Karak,Consumer,Retail,Email Campaign,Contacted,False,Active,CRM Basic,Summer Campaign,Meeting,Lina Haddad,2024-06-12,2025-04-14,306.0,39.0,5,3,6,7.6,8.0,0.0,False
CUST11910,Amman,Small Business,Healthcare,Cold Call,Lost,False,Inactive,CRM Professional,Q1 Acquisition,Social Media,Lina Haddad,2023-11-26,2024-02-28,94.0,28.0,2,9,4,17.0,7.7,0.0,False
CUST11911,Irbid,Consumer,Education,LinkedIn,Contacted,False,Active,CRM Basic,Year-End Campaign,Email,Lina Haddad,2023-07-01,2023-12-16,168.0,44.0,5,3,4,15.5,5.8,0.0,False
CUST11912,Amman,Consumer,Education,Website,Lost,False,Active,Marketing Add-on,No Campaign,Email,Yara Odeh,2024-01-24,2024-08-14,203.0,62.0,8,14,5,2.7,8.4,0.0,False
CUST11913,Karak,Corporate,Retail,Email Campaign,Contacted,False,Active,Analytics Add-on,Year-End Campaign,Social Media,Lina Haddad,2025-01-06,2025-12-13,341.0,79.0,4,9,4,9.1,6.7,0.0,False
CUST11914,Jerash,Consumer,Construction,Cold Call,Contacted,False,Active,CRM Professional,Q1 Acquisition,Meeting,Ahmad Saleh,2025-04-20,2025-09-16,149.0,71.0,3,10,1,12.6,9.6,0.0,False
CUST11915,Zarqa,Small Business,Retail,LinkedIn,Proposal,False,Inactive,Marketing Add-on,No Campaign,Social Media,Lina Haddad,2025-02-08,2025-08-10,183.0,41.0,4,5,5,,8.5,77.37,True
CUST11916,Salt,Small Business,Manufacturing,Email Campaign,Won,True,Inactive,CRM Professional,Q1 Acquisition,Phone,Lina Haddad,2023-11-13,2024-04-13,152.0,79.0,5,13,3,6.1,9.1,932.43,True
CUST11917,Salt,Enterprise,Retail,Trade Show,Qualified,False,Active,CRM Professional,No Campaign,Email,Lina Haddad,2023-03-17,2023-05-30,74.0,50.0,4,6,5,11.1,8.0,0.0,False
CUST11918,Jerash,Corporate,Manufacturing,LinkedIn,Won,True,Active,CRM Basic,Referral Program,Meeting,Omar Mansour,2023-12-28,2024-09-27,274.0,88.0,2,5,3,5.3,10.0,842.42,True
CUST11919,Jerash,Corporate,Construction,LinkedIn,New Lead,False,Inactive,CRM Professional,Year-End Campaign,Email,Yara Odeh,2025-03-10,2025-04-21,42.0,34.0,5,15,8,1.4,6.8,0.0,False
CUST11920,Amman,Small Business,Healthcare,Referral,Lost,False,Active,Analytics Add-on,Year-End Campaign,Website,Yara Odeh,2023-02-02,2023-09-02,212.0,61.0,7,6,5,9.2,8.4,0.0,False
CUST11921,Karak,Consumer,Healthcare,Instagram,Contacted,False,Active,Analytics Add-on,Q1 Acquisition,Phone,Samer Khalil,2024-02-09,2024-05-20,101.0,41.0,6,7,1,8.8,8.7,0.0,False
CUST11922,Madaba,Consumer,Technology,Facebook,Won,True,Active,CRM Enterprise,Back-to-School,Phone,Yara Odeh,2024-12-08,2025-01-22,45.0,63.0,5,10,3,18.6,5.1,662.17,True
CUST11923,Aqaba,Small Business,Retail,Trade Show,Qualified,False,Active,CRM Professional,Spring Campaign,Email,Samer Khalil,2023-01-25,2023-04-17,82.0,86.0,3,7,6,14.9,7.8,0.0,False
CUST11924,Irbid,Small Business,Construction,Website,Won,True,Prospect,CRM Enterprise,Year-End Campaign,WhatsApp,Lina Haddad,2024-03-24,2024-04-10,17.0,79.0,6,10,4,2.1,9.1,4568.2,True
CUST11925,Amman,Small Business,Construction,Referral,Negotiation,False,Active,Analytics Add-on,Back-to-School,WhatsApp,Yara Odeh,2024-09-22,2024-12-04,73.0,91.0,4,3,1,22.4,8.9,123.78,True
CUST11926,Amman,Consumer,Technology,Referral,Contacted,False,Active,CRM Professional,Year-End Campaign,Social Media,Lina Haddad,2023-09-04,2023-09-18,14.0,27.0,7,8,4,13.1,10.0,0.0,False
CUST11927,Karak,Consumer,Hospitality,Google Ads,Won,True,Inactive,CRM Professional,No Campaign,Phone,Samer Khalil,2023-10-19,2024-03-24,157.0,61.0,7,9,3,16.2,8.4,362.61,True
CUST11928,Jerash,Consumer,Construction,Email Campaign,Contacted,False,Active,CRM Enterprise,Summer Campaign,Email,Dana Nasser,2025-12-12,2025-12-31,19.0,25.0,6,9,0,,7.6,0.0,False
CUST11929,Jerash,Small Business,Unknown,Email Campaign,Contacted,False,Prospect,Analytics Add-on,Year-End Campaign,Meeting,Omar Mansour,2023-02-23,2023-07-05,132.0,35.0,3,5,4,12.8,8.9,0.0,False
CUST11930,Karak,Small Business,Healthcare,Email Campaign,Won,True,Active,Analytics Add-on,Unknown,Email,Omar Mansour,2025-06-27,2025-12-31,187.0,66.0,8,11,4,19.5,6.6,918.61,True
CUST11931,Amman,Small Business,Education,LinkedIn,New Lead,False,Prospect,CRM Basic,Q1 Acquisition,Email,Yara Odeh,2025-02-18,2025-03-20,30.0,25.0,5,9,2,6.6,9.4,0.0,False
CUST11932,Jerash,Consumer,Manufacturing,Website,Contacted,False,Active,CRM Basic,Referral Program,Meeting,Dana Nasser,2025-03-02,2025-06-17,107.0,49.0,7,10,2,14.1,8.3,0.0,False
CUST11933,Salt,Consumer,Finance,Instagram,Qualified,False,Active,Analytics Add-on,Spring Campaign,Meeting,Lina Haddad,2025-05-10,2025-08-26,108.0,40.0,7,7,1,13.8,10.0,0.0,False
CUST11934,Madaba,Corporate,Education,Email Campaign,Won,True,Active,Analytics Add-on,Back-to-School,Website,Samer Khalil,2024-03-08,2024-11-28,265.0,65.0,1,5,4,14.4,8.9,2834.74,True
CUST11935,Jerash,Corporate,Finance,Referral,New Lead,False,Active,CRM Professional,No Campaign,WhatsApp,Omar Mansour,2024-06-30,2025-01-21,205.0,44.0,7,1,2,9.6,7.1,0.0,False
CUST11936,Unknown,Consumer,Technology,Website,Proposal,False,Prospect,CRM Enterprise,No Campaign,Website,Dana Nasser,2023-08-13,2023-10-31,79.0,100.0,1,2,6,5.6,6.9,288.42,True
CUST11937,Aqaba,Small Business,Technology,Referral,Negotiation,False,Active,Marketing Add-on,Summer Campaign,Email,Dana Nasser,2024-11-02,2025-04-06,155.0,83.0,5,8,2,3.0,7.8,333.87,True
CUST11938,Amman,Consumer,Manufacturing,Facebook,Won,True,Inactive,Marketing Add-on,Q1 Acquisition,Email,Ahmad Saleh,2025-07-03,2025-12-31,181.0,88.0,10,5,6,10.1,9.1,336.18,True
CUST11939,Zarqa,Corporate,Healthcare,Website,Lost,False,Active,Analytics Add-on,No Campaign,Phone,Yara Odeh,2025-09-09,2025-12-31,113.0,40.0,5,8,5,2.4,8.7,0.0,False
CUST11940,Irbid,Corporate,Hospitality,LinkedIn,Won,True,Prospect,CRM Basic,No Campaign,Phone,Dana Nasser,2024-07-14,2024-08-02,19.0,40.0,7,9,10,3.2,7.2,926.59,True
CUST11941,Aqaba,Small Business,Construction,Email Campaign,Proposal,False,Inactive,CRM Enterprise,Year-End Campaign,WhatsApp,Ahmad Saleh,2024-10-15,2025-09-26,346.0,63.0,5,5,2,3.7,,353.29,True
CUST11942,Jerash,Small Business,Manufacturing,Cold Call,Qualified,False,Active,CRM Basic,Q1 Acquisition,Meeting,Ahmad Saleh,2025-03-25,2025-04-20,26.0,40.0,2,9,5,30.8,5.3,0.0,False
CUST11943,Zarqa,Consumer,Hospitality,Trade Show,New Lead,False,Active,Marketing Add-on,Referral Program,Social Media,Yara Odeh,2025-10-28,2025-12-31,64.0,60.0,4,9,4,4.9,8.2,0.0,False
CUST11944,Irbid,Small Business,Education,Referral,Negotiation,False,Inactive,CRM Basic,Spring Campaign,Email,Omar Mansour,2024-08-16,2025-01-17,154.0,100.0,6,7,3,12.8,7.9,130.32,True
CUST11945,Salt,Small Business,Construction,Google Ads,Lost,False,Active,CRM Enterprise,No Campaign,Phone,Lina Haddad,2024-07-04,2024-12-05,154.0,27.0,3,8,6,7.8,6.5,0.0,False
CUST11946,Amman,Small Business,Finance,Google Ads,Negotiation,False,Active,CRM Enterprise,Back-to-School,WhatsApp,Lina Haddad,2025-08-16,2025-12-31,137.0,73.0,2,10,3,6.6,7.3,1790.18,True
CUST11947,Zarqa,Small Business,Manufacturing,Trade Show,New Lead,False,Inactive,Analytics Add-on,Year-End Campaign,Website,Dana Nasser,2023-05-06,2023-08-06,92.0,13.0,8,5,3,17.8,8.7,0.0,False
CUST11948,Karak,Consumer,Hospitality,Instagram,Qualified,False,Prospect,CRM Professional,Spring Campaign,Email,Samer Khalil,2024-06-20,2025-05-24,338.0,77.0,1,9,2,3.8,6.0,0.0,False
CUST11949,Irbid,Enterprise,Retail,Instagram,Proposal,False,Prospect,CRM Basic,Back-to-School,Social Media,Samer Khalil,2025-02-09,2025-08-09,181.0,92.0,2,12,5,1.5,6.5,229.8,True
CUST11950,Karak,Corporate,Retail,Trade Show,Negotiation,False,Active,CRM Enterprise,Referral Program,WhatsApp,Ahmad Saleh,2024-07-19,2024-11-27,131.0,,5,9,7,7.1,4.2,2124.56,True
CUST11951,Madaba,Consumer,Healthcare,Cold Call,Negotiation,False,Active,CRM Professional,Back-to-School,Meeting,Yara Odeh,2023-08-05,2024-05-29,298.0,79.0,5,13,6,34.6,4.3,79.56,True
CUST11952,Karak,Small Business,Hospitality,LinkedIn,Proposal,False,Prospect,CRM Professional,No Campaign,Social Media,Dana Nasser,2023-09-27,2024-06-28,275.0,66.0,9,6,5,18.7,6.5,89.34,True
CUST11953,Salt,Consumer,Manufacturing,Website,Contacted,False,Active,Marketing Add-on,Referral Program,Email,Dana Nasser,2024-08-08,2025-05-08,273.0,60.0,7,4,1,16.3,,0.0,False
CUST11954,Karak,Consumer,Education,Cold Call,Lost,False,Active,CRM Enterprise,Q1 Acquisition,WhatsApp,Lina Haddad,2025-05-27,2025-08-11,76.0,40.0,6,11,4,24.5,6.5,0.0,False
CUST11955,Jerash,Consumer,Retail,Email Campaign,Negotiation,False,Prospect,CRM Enterprise,Year-End Campaign,Meeting,Samer Khalil,2024-10-07,2025-04-02,177.0,66.0,5,2,0,8.8,5.2,156.76,True
CUST11956,Amman,Small Business,Healthcare,Instagram,Contacted,False,Active,CRM Professional,Year-End Campaign,Phone,Omar Mansour,2024-01-11,2024-07-13,184.0,75.0,3,12,1,21.4,8.2,0.0,False
CUST11957,Jerash,Corporate,Manufacturing,Referral,Contacted,False,Active,Analytics Add-on,Summer Campaign,Social Media,Yara Odeh,2023-04-23,2024-03-07,319.0,66.0,3,5,1,14.9,7.0,0.0,False
CUST11958,Jerash,Small Business,Unknown,Instagram,Lost,False,Inactive,CRM Enterprise,Summer Campaign,Website,Dana Nasser,2023-10-20,,,34.0,7,11,4,13.1,8.6,0.0,False
CUST11959,Jerash,Small Business,Education,Google Ads,Won,True,Active,CRM Enterprise,Q1 Acquisition,Website,Dana Nasser,2023-01-27,2024-01-25,363.0,100.0,6,10,4,17.5,6.2,2271.05,True
CUST11960,Irbid,Consumer,Retail,Referral,Qualified,False,Active,Marketing Add-on,Back-to-School,Social Media,Lina Haddad,2023-01-21,2023-03-11,49.0,46.0,6,9,2,,9.8,0.0,False
CUST11961,Madaba,Consumer,Construction,Email Campaign,New Lead,False,Active,CRM Professional,Summer Campaign,Email,Omar Mansour,2025-06-08,2025-08-02,55.0,79.0,4,7,3,,6.3,0.0,False
CUST11962,Aqaba,Consumer,Retail,Facebook,New Lead,False,Active,CRM Enterprise,No Campaign,Email,Omar Mansour,2024-03-16,2024-08-17,154.0,14.0,4,8,3,1.0,6.9,0.0,False
CUST11963,Zarqa,Corporate,Retail,Google Ads,Contacted,False,Prospect,Analytics Add-on,Year-End Campaign,Email,Omar Mansour,2025-10-14,2025-12-31,78.0,47.0,8,7,3,6.6,9.5,0.0,False
CUST11964,Salt,Enterprise,Hospitality,Trade Show,Proposal,False,Active,CRM Professional,Back-to-School,Website,Yara Odeh,2025-06-30,2025-12-31,184.0,76.0,5,6,4,10.8,,827.46,True
CUST11965,Jerash,Consumer,Technology,Instagram,Proposal,False,Active,CRM Professional,Referral Program,Website,Omar Mansour,2024-03-06,2025-01-08,308.0,,6,13,2,2.7,8.8,67.54,True
CUST11966,Madaba,Small Business,Hospitality,Email Campaign,Proposal,False,Active,Marketing Add-on,Referral Program,Phone,Samer Khalil,2025-06-22,2025-12-31,192.0,71.0,7,12,3,19.1,5.2,62.99,True
CUST11967,Salt,Enterprise,Retail,Email Campaign,Negotiation,False,Active,CRM Basic,Back-to-School,Email,Yara Odeh,2023-05-27,2023-09-22,118.0,98.0,2,8,2,16.2,4.7,748.69,True
CUST11968,Madaba,Consumer,Finance,Facebook,New Lead,False,Inactive,CRM Professional,Q1 Acquisition,Website,Ahmad Saleh,2025-09-08,2025-12-31,114.0,49.0,1,9,11,23.3,8.9,0.0,False
CUST11969,Karak,Corporate,Technology,Google Ads,New Lead,False,Active,CRM Professional,Referral Program,Website,Omar Mansour,2025-06-10,2025-07-26,46.0,50.0,1,11,3,9.9,8.2,0.0,False
CUST11970,Jerash,Small Business,Construction,Referral,Qualified,False,Active,CRM Basic,Q1 Acquisition,Email,Ahmad Saleh,2024-09-07,2025-07-06,302.0,48.0,7,5,3,5.4,6.0,0.0,False
CUST11971,Amman,Small Business,Manufacturing,Google Ads,New Lead,False,Inactive,Marketing Add-on,No Campaign,Email,Ahmad Saleh,2025-09-13,2025-10-13,30.0,56.0,8,5,2,4.0,10.0,0.0,False
CUST11972,Irbid,Consumer,Hospitality,Google Ads,New Lead,False,Active,CRM Professional,Unknown,Website,Lina Haddad,2024-02-07,2024-08-14,189.0,31.0,8,8,7,10.5,5.7,0.0,False
CUST11973,Salt,Small Business,Technology,Instagram,Proposal,False,Active,CRM Basic,Year-End Campaign,Meeting,Omar Mansour,2025-01-15,2025-11-21,310.0,90.0,9,11,5,13.3,5.4,68.75,True
CUST11974,Amman,Corporate,Technology,Referral,Won,True,Active,Analytics Add-on,Referral Program,Social Media,Samer Khalil,2023-10-23,2024-09-05,318.0,100.0,9,7,4,3.8,9.0,1662.57,True
CUST11975,Salt,Consumer,Hospitality,Cold Call,Negotiation,False,Active,CRM Basic,Q1 Acquisition,Website,Lina Haddad,2024-12-31,2025-05-09,129.0,75.0,3,9,4,13.6,5.1,54.19,True
CUST11976,Karak,Small Business,Hospitality,Unknown,Won,True,Prospect,CRM Enterprise,Summer Campaign,Phone,Lina Haddad,2023-07-01,2023-08-19,49.0,90.0,8,9,2,17.0,6.1,1730.11,True
CUST11977,Jerash,Consumer,Technology,Email Campaign,Negotiation,False,Prospect,Analytics Add-on,Year-End Campaign,WhatsApp,Ahmad Saleh,2024-04-20,2024-05-15,25.0,79.0,10,10,2,7.9,9.2,73.82,True
CUST11978,Zarqa,Corporate,Healthcare,Facebook,Negotiation,False,Inactive,Analytics Add-on,No Campaign,Meeting,Dana Nasser,2023-12-26,2024-09-17,266.0,72.0,7,8,7,7.8,5.8,414.37,True
CUST11979,Karak,Small Business,Construction,Google Ads,Contacted,False,Prospect,Analytics Add-on,Referral Program,Email,Samer Khalil,2024-05-28,2024-09-23,118.0,46.0,3,11,5,10.2,6.6,0.0,False
CUST11980,Karak,Corporate,Finance,Referral,Lost,False,Inactive,CRM Basic,No Campaign,Phone,Yara Odeh,2023-02-05,2023-06-29,144.0,22.0,6,6,5,11.2,10.0,0.0,False
CUST11981,Zarqa,Consumer,Education,Email Campaign,Contacted,False,Prospect,CRM Basic,Unknown,Social Media,Omar Mansour,2025-06-07,2025-12-24,200.0,37.0,2,11,1,7.2,7.1,0.0,False
CUST11982,Irbid,Consumer,Retail,Website,Contacted,False,Active,CRM Professional,Q1 Acquisition,WhatsApp,Omar Mansour,2024-07-08,2024-12-12,157.0,52.0,4,6,6,7.1,8.7,0.0,False
CUST11983,Madaba,Consumer,Construction,Facebook,Contacted,False,Active,CRM Basic,Referral Program,Meeting,Samer Khalil,2023-09-03,,,100.0,4,12,4,11.6,4.9,0.0,False
CUST11984,Aqaba,Consumer,Hospitality,Unknown,Lost,False,Inactive,CRM Professional,Summer Campaign,Website,Omar Mansour,2025-05-13,2025-09-24,134.0,52.0,5,6,5,7.8,10.0,0.0,False
CUST11985,Aqaba,Consumer,Technology,Trade Show,Lost,False,Active,CRM Professional,Back-to-School,Email,Dana Nasser,2024-12-12,2025-05-09,148.0,68.0,4,6,3,9.6,5.6,0.0,False
CUST11986,Amman,Small Business,Education,Email Campaign,Won,True,Active,CRM Professional,Year-End Campaign,Website,Yara Odeh,2024-06-12,2025-05-14,336.0,45.0,5,9,6,14.5,4.0,1138.84,True
CUST11987,Jerash,Consumer,Hospitality,Google Ads,Proposal,False,Active,CRM Professional,No Campaign,Phone,Dana Nasser,2024-12-02,2025-02-11,71.0,94.0,2,12,3,3.7,7.5,38.41,True
CUST11988,Jerash,Small Business,Healthcare,Facebook,Proposal,False,Active,CRM Professional,Q1 Acquisition,Email,Omar Mansour,2023-08-05,2024-03-25,233.0,80.0,5,6,2,,6.6,181.0,True
CUST11989,Irbid,Consumer,Education,Referral,Lost,False,Active,CRM Professional,Q1 Acquisition,Website,Lina Haddad,2025-05-25,2025-12-31,220.0,66.0,4,7,3,,9.8,0.0,False
CUST11990,Zarqa,Small Business,Technology,Website,Negotiation,False,Active,CRM Basic,No Campaign,Email,Yara Odeh,2025-05-06,2025-12-31,239.0,34.0,3,4,3,10.0,9.5,138.5,True
CUST11991,Karak,Corporate,Construction,LinkedIn,Lost,False,Active,CRM Enterprise,Q1 Acquisition,Phone,Yara Odeh,2023-07-30,2023-12-31,154.0,37.0,4,5,4,31.9,7.0,0.0,False
CUST11992,Karak,Small Business,Manufacturing,Website,Contacted,False,Prospect,CRM Enterprise,Back-to-School,Website,Omar Mansour,2025-02-14,2025-05-15,90.0,,7,10,1,2.7,7.9,0.0,False
CUST11993,Karak,Enterprise,Construction,Trade Show,Contacted,False,Inactive,Analytics Add-on,Referral Program,WhatsApp,Omar Mansour,2025-12-16,2025-12-31,15.0,64.0,5,6,1,6.5,6.4,0.0,False
CUST11994,Aqaba,Consumer,Construction,Facebook,Won,True,Prospect,Analytics Add-on,Spring Campaign,Social Media,Samer Khalil,2025-09-26,2025-12-31,96.0,90.0,9,6,6,4.0,8.4,227.76,True
CUST11995,Karak,Consumer,Finance,Cold Call,New Lead,False,Prospect,CRM Enterprise,Spring Campaign,Website,Dana Nasser,2024-06-11,2024-11-19,161.0,59.0,8,9,7,11.7,8.7,0.0,False
CUST11996,Jerash,Consumer,Education,Instagram,Lost,False,Active,CRM Enterprise,Summer Campaign,Email,Yara Odeh,2023-02-19,2023-03-17,26.0,37.0,3,8,4,2.7,4.8,0.0,False
CUST11997,Salt,Consumer,Hospitality,Facebook,Qualified,False,Active,CRM Basic,Q1 Acquisition,Meeting,Lina Haddad,2024-12-29,2025-04-29,121.0,76.0,5,14,3,17.1,6.8,0.0,False
CUST11998,Zarqa,Small Business,Technology,LinkedIn,Lost,False,Active,CRM Basic,Year-End Campaign,Website,Samer Khalil,2023-02-06,2023-12-04,301.0,45.0,6,8,2,25.1,7.4,0.0,False
CUST11999,Amman,Small Business,Hospitality,Cold Call,Contacted,False,Prospect,Analytics Add-on,Spring Campaign,Email,Samer Khalil,2024-01-19,2024-08-18,212.0,73.0,6,9,4,21.4,4.4,0.0,False
CUST12000,Irbid,Small Business,Technology,Cold Call,Negotiation,False,Active,CRM Basic,Spring Campaign,Meeting,Lina Haddad,2025-07-10,2025-09-11,63.0,87.0,7,3,4,2.4,7.4,111.24,True
CUST12001,Jerash,Consumer,Retail,Trade Show,Qualified,False,Inactive,CRM Professional,Year-End Campaign,Phone,Lina Haddad,2025-05-04,2025-07-11,68.0,45.0,10,6,3,8.9,5.6,0.0,False
CUST12002,Aqaba,Enterprise,Manufacturing,Instagram,Proposal,False,Active,CRM Basic,No Campaign,Meeting,Samer Khalil,2023-04-26,2024-01-04,253.0,73.0,4,7,5,22.7,8.3,295.62,True
CUST12003,Aqaba,Enterprise,Retail,Cold Call,Qualified,False,Prospect,CRM Basic,No Campaign,Social Media,Omar Mansour,2024-12-14,2024-12-16,2.0,32.0,3,11,7,8.2,6.3,0.0,False
CUST12004,Aqaba,Consumer,Construction,Email Campaign,Lost,False,Active,Analytics Add-on,No Campaign,Email,Lina Haddad,2024-12-04,2025-03-22,108.0,69.0,5,9,7,11.5,4.5,0.0,False
CUST12005,Irbid,Consumer,Manufacturing,Cold Call,Negotiation,False,Prospect,CRM Basic,Back-to-School,Website,Yara Odeh,2025-05-04,2025-12-31,241.0,86.0,5,6,7,9.9,5.1,54.6,True
CUST12006,Aqaba,Corporate,Finance,Cold Call,Contacted,False,Active,CRM Professional,Summer Campaign,Meeting,Ahmad Saleh,2023-11-01,2023-12-20,49.0,64.0,8,14,1,5.8,6.3,0.0,False
CUST12007,Karak,Enterprise,Retail,Referral,Won,True,Active,CRM Basic,Referral Program,Phone,Lina Haddad,2023-02-27,2023-07-17,140.0,98.0,1,8,3,9.1,7.9,3539.86,True
CUST12008,Zarqa,Consumer,Finance,Trade Show,Contacted,False,Active,CRM Enterprise,Summer Campaign,Meeting,Yara Odeh,2023-02-12,2023-09-18,218.0,54.0,2,6,3,15.7,8.5,0.0,False
CUST12009,Amman,Consumer,Hospitality,Cold Call,Qualified,False,Prospect,CRM Enterprise,Referral Program,WhatsApp,Samer Khalil,2023-01-08,2023-02-21,44.0,31.0,5,8,3,3.9,5.3,0.0,False
CUST12010,Zarqa,Enterprise,Construction,Cold Call,New Lead,False,Active,CRM Professional,Q1 Acquisition,Website,Ahmad Saleh,2024-08-23,,,59.0,7,10,5,15.6,6.9,0.0,False
CUST12011,Irbid,Corporate,Healthcare,Instagram,Won,True,Prospect,Analytics Add-on,Unknown,Social Media,Samer Khalil,2025-03-23,2025-06-09,78.0,65.0,5,8,6,9.3,,1102.76,True
CUST12012,Madaba,Consumer,Healthcare,Website,Contacted,False,Inactive,CRM Basic,Summer Campaign,Phone,Dana Nasser,2023-11-07,2024-06-10,216.0,34.0,3,13,1,16.5,5.4,0.0,False
CUST12013,Irbid,Small Business,Manufacturing,Referral,Contacted,False,Inactive,CRM Enterprise,Spring Campaign,Website,Dana Nasser,2025-02-24,2025-06-02,98.0,65.0,5,12,4,27.5,5.1,0.0,False
CUST12014,Zarqa,Enterprise,Manufacturing,Google Ads,Lost,False,Active,CRM Enterprise,Year-End Campaign,Email,Omar Mansour,2025-11-04,2025-12-31,57.0,35.0,4,11,4,,7.0,0.0,False
CUST12015,Zarqa,Corporate,Retail,Referral,Won,True,Active,Marketing Add-on,Year-End Campaign,Email,Lina Haddad,2023-09-21,2024-06-29,282.0,83.0,2,6,1,6.9,10.0,2317.51,True
CUST12016,Irbid,Corporate,Healthcare,Instagram,New Lead,False,Active,CRM Basic,Q1 Acquisition,Email,Samer Khalil,2023-09-12,2024-02-08,149.0,55.0,2,5,8,45.9,5.6,0.0,False
CUST12017,Jerash,Corporate,Education,Trade Show,Won,True,Prospect,CRM Basic,No Campaign,Website,Ahmad Saleh,2023-09-25,2024-07-25,304.0,94.0,6,6,1,9.0,7.9,638.99,True
CUST12018,Jerash,Consumer,Education,Facebook,Won,True,Prospect,CRM Basic,Summer Campaign,Social Media,Yara Odeh,2024-05-06,2024-07-11,66.0,100.0,5,9,2,7.6,7.8,132.84,True
CUST12019,Jerash,Corporate,Hospitality,Instagram,New Lead,False,Inactive,CRM Basic,No Campaign,Email,Lina Haddad,2023-12-20,2024-08-10,234.0,29.0,5,8,2,9.6,7.8,0.0,False
CUST12020,Madaba,Consumer,Education,LinkedIn,Won,True,Active,CRM Basic,Year-End Campaign,Website,Omar Mansour,2025-05-20,2025-08-15,87.0,,8,7,7,4.9,5.9,138.36,True
CUST12021,Madaba,Enterprise,Hospitality,Website,Proposal,False,Active,CRM Professional,Year-End Campaign,Website,Samer Khalil,2025-07-02,2025-09-19,79.0,74.0,6,7,3,3.1,10.0,805.26,True
CUST12022,Irbid,Consumer,Healthcare,LinkedIn,Negotiation,False,Prospect,CRM Professional,No Campaign,Social Media,Yara Odeh,2025-11-02,2025-12-31,59.0,47.0,3,6,2,5.1,6.8,144.38,True
CUST12023,Amman,Corporate,Education,LinkedIn,Qualified,False,Active,Marketing Add-on,No Campaign,Phone,Yara Odeh,2024-02-08,2024-11-13,279.0,44.0,6,5,4,9.8,7.7,0.0,False
CUST12024,Aqaba,Consumer,Finance,Unknown,Negotiation,False,Prospect,CRM Basic,Q1 Acquisition,Phone,Samer Khalil,2025-07-09,2025-12-31,175.0,55.0,7,9,5,13.6,4.5,63.51,True
CUST12025,Aqaba,Small Business,Technology,Google Ads,New Lead,False,Active,Marketing Add-on,Q1 Acquisition,Website,Dana Nasser,2025-08-20,2025-12-31,133.0,1.0,3,8,3,12.1,3.6,0.0,False
CUST12026,Karak,Consumer,Manufacturing,Facebook,Won,True,Active,Analytics Add-on,Summer Campaign,Phone,Omar Mansour,2024-12-09,2025-10-09,304.0,69.0,8,10,2,6.1,9.4,283.69,True
CUST12027,Irbid,Small Business,Construction,Cold Call,New Lead,False,Prospect,Marketing Add-on,Back-to-School,WhatsApp,Yara Odeh,2023-04-11,2023-08-19,130.0,40.0,7,11,4,8.8,6.9,0.0,False
CUST12028,Aqaba,Corporate,Retail,Email Campaign,Qualified,False,Active,Marketing Add-on,Referral Program,Social Media,Samer Khalil,2024-09-09,2024-12-02,84.0,63.0,4,3,5,5.4,8.0,0.0,False
CUST12029,Salt,Corporate,Hospitality,Cold Call,New Lead,False,Active,CRM Enterprise,Year-End Campaign,Website,Dana Nasser,2025-10-04,2025-12-31,88.0,31.0,9,7,2,7.6,10.0,0.0,False
CUST12030,Irbid,Small Business,Finance,LinkedIn,Won,True,Prospect,Analytics Add-on,Summer Campaign,Phone,Dana Nasser,2023-12-07,2024-06-11,187.0,63.0,7,10,3,12.4,7.5,729.94,True
CUST12031,Madaba,Consumer,Education,Referral,Contacted,False,Inactive,CRM Professional,Back-to-School,Meeting,Ahmad Saleh,2023-06-17,2023-08-02,46.0,48.0,4,3,10,8.2,6.0,0.0,False
CUST12032,Jerash,Enterprise,Construction,Email Campaign,Qualified,False,Inactive,CRM Professional,Year-End Campaign,Phone,Yara Odeh,2023-05-12,,,50.0,5,5,6,21.9,7.8,0.0,False
CUST12033,Salt,Corporate,Construction,Trade Show,Qualified,False,Inactive,Marketing Add-on,Back-to-School,Social Media,Omar Mansour,2024-12-13,2025-09-07,268.0,13.0,1,5,8,17.1,6.8,0.0,False
CUST12034,Zarqa,Corporate,Technology,Facebook,Won,True,Active,CRM Professional,Unknown,Meeting,Omar Mansour,2025-07-26,2025-12-31,158.0,63.0,4,9,2,2.2,9.9,1314.01,True
CUST12035,Salt,Corporate,Retail,Trade Show,Qualified,False,Active,CRM Basic,Back-to-School,Email,Samer Khalil,2024-06-16,2025-05-04,322.0,66.0,9,6,1,11.6,5.2,0.0,False
CUST12036,Irbid,Corporate,Finance,Website,Won,True,Active,Analytics Add-on,Back-to-School,Phone,Ahmad Saleh,2024-12-31,2025-04-10,100.0,80.0,5,8,1,1.3,4.3,2129.16,True
CUST12037,Irbid,Consumer,Retail,LinkedIn,New Lead,False,Active,CRM Professional,No Campaign,Meeting,Lina Haddad,2024-09-30,2024-12-17,78.0,44.0,5,13,2,11.7,7.6,0.0,False
CUST12038,Aqaba,Corporate,Hospitality,Referral,Contacted,False,Active,Analytics Add-on,Summer Campaign,Social Media,Samer Khalil,2023-08-28,2024-05-26,272.0,62.0,4,7,4,1.6,7.2,0.0,False
CUST12039,Salt,Small Business,Hospitality,Unknown,Proposal,False,Inactive,CRM Basic,Referral Program,Meeting,Dana Nasser,2023-03-21,2024-02-23,339.0,72.0,8,16,1,27.2,7.8,35.07,True
CUST12040,Unknown,Corporate,Manufacturing,Email Campaign,Lost,False,Active,CRM Enterprise,Summer Campaign,Email,Lina Haddad,2023-05-31,2023-11-09,162.0,47.0,5,5,7,18.7,7.9,0.0,False
CUST12041,Madaba,Corporate,Healthcare,LinkedIn,New Lead,False,Inactive,CRM Basic,Summer Campaign,Meeting,Lina Haddad,2024-07-10,2024-08-23,44.0,,3,8,6,10.8,8.1,0.0,False
CUST12042,Unknown,Consumer,Hospitality,Facebook,New Lead,False,Active,Marketing Add-on,No Campaign,Website,Yara Odeh,2025-04-23,2025-12-17,238.0,26.0,5,9,4,19.9,,0.0,False
CUST12043,Karak,Consumer,Education,Referral,New Lead,False,Active,CRM Basic,Referral Program,Email,Samer Khalil,2023-10-06,,,41.0,3,8,4,30.3,7.4,0.0,False
CUST12044,Aqaba,Consumer,Construction,Google Ads,Proposal,False,Active,Analytics Add-on,No Campaign,Phone,Yara Odeh,2024-02-23,2024-09-02,192.0,,2,7,8,21.6,7.1,28.43,True
CUST12045,Salt,Consumer,Finance,Google Ads,Qualified,False,Prospect,CRM Basic,No Campaign,Website,Ahmad Saleh,2023-02-02,2024-01-24,356.0,74.0,9,7,5,17.7,4.5,0.0,False
CUST12046,Jerash,Small Business,Finance,Email Campaign,Won,True,Active,CRM Basic,Q1 Acquisition,Website,Omar Mansour,2023-05-01,2024-02-03,278.0,61.0,1,9,6,3.1,5.8,235.37,True
CUST12047,Irbid,Corporate,Technology,Website,New Lead,False,Active,CRM Basic,No Campaign,Email,Ahmad Saleh,2023-02-26,2023-03-16,18.0,68.0,8,6,3,6.4,6.0,0.0,False
CUST12048,Irbid,Consumer,Construction,Google Ads,Contacted,False,Inactive,CRM Professional,Q1 Acquisition,Website,Samer Khalil,2023-08-13,2023-08-25,12.0,49.0,2,11,4,6.5,6.4,0.0,False
CUST12049,Madaba,Consumer,Technology,LinkedIn,Contacted,False,Active,CRM Enterprise,Q1 Acquisition,Email,Omar Mansour,2024-01-05,2024-07-03,180.0,73.0,3,12,7,19.0,8.7,0.0,False
CUST12050,Karak,Enterprise,Technology,Facebook,Proposal,False,Active,CRM Basic,Referral Program,Email,Lina Haddad,2025-09-06,2025-12-31,116.0,46.0,5,11,2,14.5,5.9,400.69,True
CUST12051,Zarqa,Corporate,Construction,Website,Negotiation,False,Prospect,CRM Professional,Summer Campaign,Meeting,Dana Nasser,2025-02-02,2025-10-06,246.0,100.0,8,7,3,4.5,3.1,695.23,True
CUST12052,Zarqa,Small Business,Retail,Cold Call,New Lead,False,Active,CRM Basic,Unknown,Email,Yara Odeh,2023-06-24,2024-02-01,222.0,18.0,5,9,2,27.4,7.5,0.0,False
CUST12053,Aqaba,Corporate,Education,Facebook,Lost,False,Active,Analytics Add-on,Back-to-School,Social Media,Ahmad Saleh,2025-01-25,2025-03-17,51.0,44.0,2,7,3,3.1,5.7,0.0,False
CUST12054,Salt,Small Business,Retail,LinkedIn,Qualified,False,Inactive,CRM Basic,Summer Campaign,Phone,Yara Odeh,2024-12-23,2025-03-04,71.0,34.0,8,12,2,6.3,4.9,0.0,False
CUST12055,Karak,Consumer,Education,LinkedIn,Negotiation,False,Active,CRM Professional,Q1 Acquisition,Website,Yara Odeh,2025-08-23,2025-10-10,48.0,73.0,9,5,5,13.2,7.8,152.72,True
CUST12056,Madaba,Consumer,Finance,Website,Proposal,False,Active,CRM Enterprise,Back-to-School,WhatsApp,Omar Mansour,2024-07-17,2024-08-05,19.0,,6,3,1,4.4,5.1,127.9,True
CUST12057,Madaba,Consumer,Hospitality,Facebook,Contacted,False,Active,Marketing Add-on,Spring Campaign,Meeting,Ahmad Saleh,2023-02-03,2023-10-23,262.0,4.0,10,10,6,7.9,6.2,0.0,False
CUST12058,Madaba,Consumer,Hospitality,Website,Won,True,Active,Analytics Add-on,Q1 Acquisition,Phone,Omar Mansour,2024-09-02,2024-11-25,84.0,83.0,8,6,4,4.8,8.8,270.99,True
CUST12059,Madaba,Enterprise,Retail,Email Campaign,Won,True,Active,Marketing Add-on,Year-End Campaign,WhatsApp,Dana Nasser,2023-05-24,2023-10-26,155.0,90.0,10,5,3,11.5,7.6,3114.5,True
CUST12060,Madaba,Corporate,Retail,Instagram,Qualified,False,Active,CRM Basic,No Campaign,Email,Yara Odeh,2025-04-03,2025-05-26,53.0,43.0,8,7,2,8.2,7.3,0.0,False
CUST12061,Karak,Consumer,Retail,Website,Proposal,False,Active,Analytics Add-on,Summer Campaign,Website,Samer Khalil,2023-08-22,2023-12-07,107.0,61.0,5,10,5,18.3,5.2,31.38,True
CUST12062,Jerash,Small Business,Healthcare,Google Ads,Contacted,False,Active,Analytics Add-on,Summer Campaign,Meeting,Samer Khalil,2023-09-23,2024-09-14,357.0,46.0,3,7,4,6.9,5.4,0.0,False
CUST12063,Jerash,Consumer,Manufacturing,LinkedIn,Negotiation,False,Prospect,Marketing Add-on,Q1 Acquisition,Phone,Omar Mansour,2023-02-03,2023-12-04,304.0,100.0,5,8,4,17.1,8.2,107.06,True
CUST12064,Karak,Corporate,Unknown,Cold Call,Contacted,False,Active,CRM Professional,Spring Campaign,WhatsApp,Omar Mansour,2025-02-15,2025-06-30,135.0,54.0,7,9,5,19.7,8.1,0.0,False
CUST12065,Karak,Corporate,Education,Facebook,Won,True,Prospect,Marketing Add-on,Spring Campaign,WhatsApp,Samer Khalil,2024-10-20,2024-12-28,69.0,69.0,8,17,2,4.6,8.4,1169.47,True
CUST12066,Irbid,Consumer,Hospitality,Email Campaign,Contacted,False,Active,CRM Professional,Summer Campaign,WhatsApp,Lina Haddad,2023-10-14,2023-10-25,11.0,28.0,3,10,4,19.5,4.4,0.0,False
CUST12067,Irbid,Consumer,Education,Email Campaign,New Lead,False,Active,CRM Enterprise,Year-End Campaign,Phone,Lina Haddad,2025-02-28,2025-07-21,143.0,6.0,4,7,7,11.2,2.4,0.0,False
CUST12068,Jerash,Small Business,Retail,Cold Call,Contacted,False,Active,CRM Professional,Q1 Acquisition,Social Media,Lina Haddad,2024-08-23,2025-03-03,192.0,47.0,4,10,3,3.7,8.1,0.0,False
CUST12069,Aqaba,Small Business,Healthcare,Website,Contacted,False,Prospect,CRM Professional,Q1 Acquisition,Email,Dana Nasser,2023-09-16,2023-11-24,69.0,52.0,6,13,6,33.3,7.9,0.0,False
CUST12070,Amman,Consumer,Retail,Website,Qualified,False,Active,CRM Professional,No Campaign,Website,Omar Mansour,2025-03-10,2025-04-02,23.0,36.0,0,8,6,16.3,7.3,0.0,False
CUST12071,Salt,Small Business,Education,Facebook,Contacted,False,Active,CRM Professional,Referral Program,WhatsApp,Ahmad Saleh,2025-11-18,2025-12-31,43.0,22.0,2,8,6,19.6,6.3,0.0,False
CUST12072,Karak,Small Business,Manufacturing,Facebook,Won,True,Active,Analytics Add-on,Spring Campaign,Meeting,Ahmad Saleh,2023-02-16,,,89.0,5,7,2,4.4,5.8,886.54,True
CUST12073,Irbid,Consumer,Hospitality,Referral,Contacted,False,Active,CRM Enterprise,Unknown,Phone,Omar Mansour,2024-02-01,2024-02-10,9.0,70.0,2,8,2,0.8,7.5,0.0,False
CUST12074,Salt,Consumer,Manufacturing,Website,Negotiation,False,Active,CRM Enterprise,Year-End Campaign,Meeting,Samer Khalil,2023-09-27,2024-06-24,271.0,67.0,4,9,6,11.0,,345.8,True
CUST12075,Irbid,Consumer,Construction,Facebook,Proposal,False,Active,CRM Basic,Referral Program,WhatsApp,Omar Mansour,2024-11-04,2025-02-05,93.0,77.0,7,7,1,10.9,8.4,24.55,True
CUST12076,Amman,Corporate,Finance,Email Campaign,Lost,False,Active,Marketing Add-on,No Campaign,Phone,Lina Haddad,2025-05-07,2025-05-24,17.0,43.0,4,7,12,2.3,8.6,0.0,False
CUST12077,Salt,Enterprise,Healthcare,Instagram,Lost,False,Inactive,CRM Enterprise,Summer Campaign,Meeting,Lina Haddad,2024-07-10,2024-12-11,154.0,97.0,5,8,0,2.9,7.3,0.0,False
CUST12078,Salt,Corporate,Manufacturing,LinkedIn,Won,True,Active,CRM Basic,Year-End Campaign,Social Media,Ahmad Saleh,2023-05-16,2024-04-08,328.0,78.0,6,8,5,9.7,4.5,751.65,True
CUST12079,Karak,Corporate,Healthcare,Website,Negotiation,False,Inactive,CRM Enterprise,Referral Program,WhatsApp,Omar Mansour,2025-07-23,2025-12-19,149.0,100.0,8,10,4,14.6,5.2,2450.94,True
CUST12080,Amman,Small Business,Retail,Referral,Qualified,False,Active,CRM Basic,Referral Program,WhatsApp,Ahmad Saleh,2024-12-18,2025-09-11,267.0,71.0,5,7,2,14.1,,0.0,False
CUST12081,Amman,Small Business,Finance,LinkedIn,Negotiation,False,Active,CRM Basic,No Campaign,Website,Samer Khalil,2023-12-10,2024-11-02,328.0,62.0,5,5,3,16.5,6.8,99.88,True
CUST12082,Amman,Enterprise,Education,Google Ads,Lost,False,Active,CRM Professional,Back-to-School,Phone,Yara Odeh,2024-02-28,2024-06-13,106.0,57.0,3,9,4,6.7,5.0,0.0,False
CUST12083,Madaba,Consumer,Manufacturing,Instagram,New Lead,False,Active,CRM Professional,Referral Program,Phone,Yara Odeh,2024-12-30,2025-02-03,35.0,39.0,7,7,1,6.5,8.0,0.0,False
CUST12084,Amman,Small Business,Manufacturing,Website,Proposal,False,Active,CRM Basic,No Campaign,Social Media,Yara Odeh,2024-06-15,2024-10-12,119.0,47.0,6,9,2,15.7,6.9,60.52,True
CUST12085,Zarqa,Small Business,Technology,Referral,Contacted,False,Active,CRM Professional,Unknown,WhatsApp,Dana Nasser,2024-04-27,2024-05-11,14.0,52.0,3,5,6,8.8,6.0,0.0,False
CUST12086,Karak,Small Business,Hospitality,Website,Proposal,False,Active,Marketing Add-on,Q1 Acquisition,Website,Dana Nasser,2024-08-29,2024-09-12,14.0,58.0,8,12,1,20.9,9.7,53.07,True
CUST12087,Aqaba,Consumer,Education,Referral,Qualified,False,Active,CRM Professional,No Campaign,Meeting,Samer Khalil,2024-08-17,2025-05-10,266.0,59.0,4,10,6,9.8,4.0,0.0,False
CUST12088,Amman,Small Business,Manufacturing,Trade Show,Proposal,False,Active,CRM Basic,No Campaign,Email,Lina Haddad,2025-05-23,2025-10-10,140.0,66.0,9,6,3,2.5,8.2,170.05,True
CUST12089,Jerash,Corporate,Manufacturing,Referral,Proposal,False,Active,Marketing Add-on,Summer Campaign,Website,Lina Haddad,2024-04-09,2025-01-28,294.0,63.0,3,8,7,7.3,7.1,218.46,True
CUST12090,Irbid,Consumer,Education,Facebook,Lost,False,Active,CRM Professional,Spring Campaign,Meeting,Lina Haddad,2023-01-23,2024-01-22,364.0,26.0,4,5,3,9.4,10.0,0.0,False
CUST12091,Madaba,Corporate,Finance,Facebook,Proposal,False,Active,CRM Enterprise,No Campaign,Website,Ahmad Saleh,2023-08-26,2023-12-23,119.0,91.0,7,11,2,3.9,7.0,797.43,True
CUST12092,Aqaba,Consumer,Healthcare,Trade Show,Won,True,Prospect,CRM Basic,Year-End Campaign,Meeting,Yara Odeh,2024-07-06,2025-03-01,238.0,79.0,8,9,4,0.8,9.0,131.79,True
CUST12093,Karak,Enterprise,Education,Referral,Contacted,False,Active,CRM Professional,Back-to-School,Website,Ahmad Saleh,2025-08-31,2025-10-04,34.0,54.0,4,9,3,7.8,6.5,0.0,False
CUST12094,Zarqa,Small Business,Healthcare,Google Ads,Qualified,False,Active,CRM Professional,No Campaign,Website,Dana Nasser,2024-11-25,2025-05-13,169.0,56.0,6,9,7,36.5,8.7,0.0,False
CUST12095,Salt,Small Business,Finance,LinkedIn,Qualified,False,Inactive,Marketing Add-on,Summer Campaign,WhatsApp,Lina Haddad,2025-08-06,2025-08-16,10.0,52.0,5,13,3,11.7,8.1,0.0,False
CUST12096,Zarqa,Consumer,Finance,Facebook,Contacted,False,Inactive,CRM Professional,No Campaign,Website,Lina Haddad,2023-06-19,2023-10-19,122.0,54.0,11,9,3,4.4,7.2,0.0,False
CUST12097,Zarqa,Consumer,Construction,LinkedIn,Qualified,False,Prospect,CRM Enterprise,Referral Program,Meeting,Yara Odeh,2024-06-02,2024-10-25,145.0,88.0,6,8,6,6.9,8.6,0.0,False
CUST12098,Madaba,Small Business,Retail,LinkedIn,Proposal,False,Prospect,Marketing Add-on,No Campaign,Meeting,Samer Khalil,2024-02-02,2024-09-12,223.0,36.0,4,6,3,15.7,7.2,89.47,True
CUST12099,Zarqa,Consumer,Technology,Trade Show,Proposal,False,Inactive,Marketing Add-on,Back-to-School,Phone,Dana Nasser,2023-03-04,2023-11-16,257.0,45.0,8,6,2,9.3,5.9,17.4,True
CUST12100,Jerash,Small Business,Finance,Unknown,Proposal,False,Prospect,CRM Basic,No Campaign,Meeting,Yara Odeh,2025-01-24,2025-10-19,268.0,60.0,6,11,4,22.6,9.2,50.23,True
CUST12101,Amman,Consumer,Construction,Email Campaign,Qualified,False,Active,Analytics Add-on,Year-End Campaign,Phone,Ahmad Saleh,2023-09-16,2024-09-09,359.0,44.0,6,11,6,15.9,6.9,0.0,False
CUST12102,Aqaba,Corporate,Construction,Referral,Contacted,False,Active,CRM Professional,Back-to-School,Meeting,Dana Nasser,2025-05-28,2025-06-01,4.0,90.0,4,8,3,1.5,7.2,0.0,False
CUST12103,Salt,Corporate,Construction,Email Campaign,Proposal,False,Prospect,CRM Enterprise,Summer Campaign,Website,Yara Odeh,2023-04-27,2024-04-15,354.0,60.0,9,17,1,3.1,7.5,1036.41,True
CUST12104,Jerash,Consumer,Finance,Website,New Lead,False,Inactive,CRM Professional,Year-End Campaign,Meeting,Lina Haddad,2024-01-30,2024-05-15,106.0,49.0,2,4,1,,5.9,0.0,False
CUST12105,Madaba,Small Business,Healthcare,Referral,Contacted,False,Prospect,CRM Professional,Year-End Campaign,Phone,Lina Haddad,2024-12-04,2025-02-27,85.0,44.0,5,5,3,11.4,9.5,0.0,False
CUST12106,Salt,Corporate,Finance,Email Campaign,New Lead,False,Active,CRM Basic,No Campaign,WhatsApp,Ahmad Saleh,2025-08-20,2025-12-31,133.0,1.0,8,5,3,32.2,7.3,0.0,False
CUST12107,Jerash,Small Business,Education,Google Ads,New Lead,False,Active,CRM Professional,Referral Program,Email,Ahmad Saleh,2025-01-09,2025-05-10,121.0,32.0,9,4,4,8.0,7.9,0.0,False
CUST12108,Jerash,Consumer,Retail,LinkedIn,Contacted,False,Prospect,CRM Professional,Unknown,Website,Dana Nasser,2025-06-21,2025-10-31,132.0,27.0,2,9,4,,8.3,0.0,False
CUST12109,Karak,Small Business,Retail,Referral,New Lead,False,Active,CRM Basic,Referral Program,Meeting,Omar Mansour,2023-01-25,2023-12-29,338.0,47.0,8,13,5,6.5,9.4,0.0,False
CUST12110,Madaba,Consumer,Education,LinkedIn,Contacted,False,Inactive,CRM Professional,Spring Campaign,Phone,Lina Haddad,2025-06-14,2025-12-28,197.0,44.0,0,8,6,7.1,3.3,0.0,False
CUST12111,Zarqa,Consumer,Manufacturing,Cold Call,Proposal,False,Active,Marketing Add-on,Spring Campaign,Phone,Lina Haddad,2025-11-21,2025-12-10,19.0,52.0,4,2,5,17.8,4.3,34.11,True
CUST12112,Karak,Consumer,Finance,Email Campaign,New Lead,False,Inactive,CRM Enterprise,Spring Campaign,WhatsApp,Omar Mansour,2025-06-25,,,38.0,3,7,8,5.1,7.0,0.0,False
CUST12113,Aqaba,Small Business,Unknown,LinkedIn,Qualified,False,Prospect,CRM Professional,Q1 Acquisition,Meeting,Dana Nasser,2024-05-06,2024-05-18,12.0,51.0,4,9,4,,8.6,0.0,False
CUST12114,Zarqa,Consumer,Technology,Email Campaign,Won,True,Active,Marketing Add-on,Summer Campaign,WhatsApp,Samer Khalil,2024-02-16,,,100.0,6,7,6,3.7,6.9,294.37,True
CUST12115,Madaba,Enterprise,Construction,LinkedIn,Won,True,Active,CRM Professional,Year-End Campaign,Email,Samer Khalil,2024-01-11,2024-12-06,330.0,91.0,7,5,2,1.5,6.5,7344.82,True
CUST12116,Jerash,Consumer,Finance,Google Ads,Contacted,False,Active,CRM Basic,Back-to-School,Meeting,Lina Haddad,2025-12-15,,,85.0,7,6,1,17.3,10.0,0.0,False
CUST12117,Zarqa,Consumer,Retail,Instagram,Lost,False,Prospect,CRM Professional,Year-End Campaign,Social Media,Samer Khalil,2024-03-12,2024-11-29,262.0,59.0,4,8,10,6.5,4.3,0.0,False
CUST12118,Amman,Small Business,Technology,Google Ads,Contacted,False,Inactive,CRM Basic,Summer Campaign,Social Media,Dana Nasser,2025-05-03,,,60.0,4,10,4,16.2,9.3,0.0,False
CUST12119,Aqaba,Consumer,Hospitality,Facebook,New Lead,False,Active,Analytics Add-on,Spring Campaign,Meeting,Samer Khalil,2025-10-30,2025-12-31,62.0,52.0,6,3,4,8.8,6.4,0.0,False
CUST12120,Aqaba,Small Business,Manufacturing,Email Campaign,Lost,False,Active,Marketing Add-on,Spring Campaign,Social Media,Ahmad Saleh,2023-09-10,2024-06-03,267.0,60.0,5,15,5,13.6,,0.0,False
CUST12121,Karak,Consumer,Healthcare,Google Ads,Won,True,Prospect,CRM Professional,Year-End Campaign,Email,Dana Nasser,2024-04-24,2024-09-11,140.0,44.0,5,7,0,19.1,7.2,591.45,True
CUST12122,Madaba,Consumer,Healthcare,Website,Qualified,False,Prospect,CRM Professional,Spring Campaign,Website,Omar Mansour,2024-06-02,2025-04-27,329.0,70.0,5,8,6,5.3,10.0,0.0,False
CUST12123,Salt,Consumer,Hospitality,Email Campaign,Negotiation,False,Active,CRM Professional,Summer Campaign,Social Media,Lina Haddad,2024-01-27,2024-01-29,2.0,41.0,3,11,1,59.5,5.2,131.61,True
CUST12124,Jerash,Consumer,Finance,Trade Show,Negotiation,False,Active,CRM Professional,Spring Campaign,Social Media,Dana Nasser,2023-12-17,2023-12-25,8.0,35.0,6,8,2,9.3,6.0,128.16,True
CUST12125,Irbid,Consumer,Finance,Facebook,Contacted,False,Inactive,Analytics Add-on,Year-End Campaign,Meeting,Samer Khalil,2024-01-17,2024-09-23,250.0,28.0,5,7,7,16.6,7.6,0.0,False
CUST12126,Amman,Corporate,Technology,Website,Contacted,False,Active,CRM Enterprise,Year-End Campaign,Phone,Dana Nasser,2024-05-16,2024-10-02,139.0,55.0,1,13,5,18.1,3.8,0.0,False
CUST12127,Zarqa,Small Business,Technology,Facebook,Qualified,False,Prospect,CRM Basic,Summer Campaign,Phone,Yara Odeh,2025-05-01,2025-09-02,124.0,34.0,6,10,3,4.4,6.8,0.0,False
CUST12128,Madaba,Small Business,Manufacturing,Referral,Won,True,Active,Analytics Add-on,Q1 Acquisition,Website,Omar Mansour,2023-12-03,2024-10-07,309.0,90.0,8,8,3,13.7,4.9,597.54,True
CUST12129,Salt,Small Business,Finance,Email Campaign,New Lead,False,Inactive,CRM Basic,Spring Campaign,Meeting,Yara Odeh,2023-06-30,2024-02-13,228.0,73.0,4,12,3,11.8,7.6,0.0,False
CUST12130,Amman,Small Business,Retail,Website,Won,True,Active,Marketing Add-on,Back-to-School,WhatsApp,Dana Nasser,2024-11-19,2024-11-29,10.0,74.0,5,12,3,5.6,9.9,330.61,True
CUST12131,Irbid,Enterprise,Healthcare,Cold Call,New Lead,False,Prospect,CRM Professional,No Campaign,Email,Omar Mansour,2025-12-18,2025-12-31,13.0,44.0,5,4,3,7.8,9.2,0.0,False
CUST12132,Aqaba,Consumer,Manufacturing,LinkedIn,Qualified,False,Active,CRM Enterprise,Spring Campaign,Social Media,Omar Mansour,2023-02-20,2023-06-12,112.0,46.0,7,6,6,24.8,9.7,0.0,False
CUST12133,Amman,Consumer,Construction,Trade Show,Proposal,False,Active,CRM Basic,Spring Campaign,Meeting,Dana Nasser,2024-01-29,2024-02-06,8.0,42.0,6,6,5,6.5,5.6,14.21,True
CUST12134,Madaba,Consumer,Technology,Email Campaign,Negotiation,False,Active,CRM Professional,Spring Campaign,Meeting,Lina Haddad,2025-07-05,2025-12-31,179.0,69.0,3,7,4,3.5,7.7,136.81,True
CUST12135,Aqaba,Consumer,Construction,Trade Show,New Lead,False,Prospect,Analytics Add-on,Referral Program,Email,Lina Haddad,2025-04-04,2025-12-31,271.0,24.0,5,9,3,21.2,4.0,0.0,False
CUST12136,Irbid,Consumer,Retail,Website,Qualified,False,Active,CRM Professional,No Campaign,Phone,Samer Khalil,2024-02-01,2024-10-11,253.0,51.0,5,8,2,10.6,6.4,0.0,False
CUST12137,Aqaba,Small Business,Finance,LinkedIn,Proposal,False,Active,Marketing Add-on,Q1 Acquisition,Email,Yara Odeh,2023-12-29,2024-01-12,14.0,52.0,7,7,5,,8.3,47.93,True
CUST12138,Jerash,Consumer,Education,Facebook,New Lead,False,Active,CRM Professional,Referral Program,Phone,Dana Nasser,2024-06-14,2025-02-09,240.0,13.0,6,11,4,38.6,8.6,0.0,False
CUST12139,Madaba,Enterprise,Technology,Email Campaign,New Lead,False,Active,Marketing Add-on,Back-to-School,Email,Yara Odeh,2025-02-17,2025-10-17,242.0,38.0,8,5,5,27.3,8.3,0.0,False
CUST12140,Salt,Consumer,Manufacturing,LinkedIn,Negotiation,False,Active,Marketing Add-on,No Campaign,Phone,Yara Odeh,2025-07-10,2025-12-31,174.0,34.0,7,10,1,4.5,5.1,69.57,True
CUST12141,Salt,Consumer,Unknown,Trade Show,Proposal,False,Active,CRM Professional,Back-to-School,Email,Dana Nasser,2025-12-07,2025-12-31,24.0,77.0,5,8,3,9.9,8.7,77.55,True
CUST12142,Aqaba,Enterprise,Retail,Instagram,Contacted,False,Active,CRM Professional,Q1 Acquisition,Social Media,Ahmad Saleh,2024-11-28,2025-07-22,236.0,16.0,1,8,3,6.0,7.0,0.0,False
CUST12143,Amman,Corporate,Construction,Website,Proposal,False,Inactive,Analytics Add-on,Year-End Campaign,Social Media,Lina Haddad,2024-10-14,2025-08-16,306.0,55.0,6,10,3,10.0,7.0,234.44,True
CUST12144,Amman,Consumer,Hospitality,Website,Won,True,Prospect,CRM Basic,Referral Program,Website,Omar Mansour,2024-08-27,2025-02-10,167.0,100.0,2,8,9,4.2,6.2,164.29,True
CUST12145,Karak,Small Business,Healthcare,Trade Show,New Lead,False,Prospect,Analytics Add-on,No Campaign,Email,Ahmad Saleh,2023-08-28,2023-09-17,20.0,54.0,4,3,5,41.8,5.1,0.0,False
CUST12146,Irbid,Corporate,Hospitality,Trade Show,Proposal,False,Active,CRM Enterprise,Year-End Campaign,WhatsApp,Dana Nasser,2023-11-23,2024-06-26,216.0,67.0,4,9,3,,6.6,1519.66,True
CUST12147,Karak,Small Business,Hospitality,Unknown,New Lead,False,Inactive,CRM Enterprise,Q1 Acquisition,Website,Ahmad Saleh,2024-07-25,2025-07-03,343.0,84.0,8,12,6,10.9,8.3,0.0,False
CUST12148,Jerash,Consumer,Hospitality,Facebook,New Lead,False,Active,CRM Basic,Summer Campaign,Email,Lina Haddad,2025-06-27,2025-11-09,135.0,42.0,5,9,4,6.6,5.8,0.0,False
CUST12149,Salt,Corporate,Retail,Trade Show,New Lead,False,Active,Analytics Add-on,Referral Program,WhatsApp,Dana Nasser,2025-01-05,2025-05-14,129.0,61.0,4,7,6,10.4,7.2,0.0,False
CUST12150,Zarqa,Small Business,Healthcare,Google Ads,Qualified,False,Active,CRM Professional,Back-to-School,Social Media,Yara Odeh,2023-06-11,2024-03-31,294.0,47.0,6,6,5,12.9,6.3,0.0,False
CUST12151,Unknown,Consumer,Retail,Email Campaign,Won,True,Active,Analytics Add-on,Referral Program,Social Media,Yara Odeh,2025-08-01,2025-12-31,152.0,22.0,8,7,2,7.0,5.1,332.52,True
CUST12152,Irbid,Small Business,Hospitality,Cold Call,Contacted,False,Active,CRM Professional,Q1 Acquisition,Meeting,Lina Haddad,2024-08-27,2025-03-04,189.0,55.0,6,8,4,5.9,8.6,0.0,False
CUST12153,Irbid,Consumer,Technology,Email Campaign,Proposal,False,Active,CRM Basic,Q1 Acquisition,Social Media,Ahmad Saleh,2024-02-10,2024-03-25,44.0,76.0,9,5,4,19.1,9.5,10.93,True
CUST12154,Amman,Corporate,Hospitality,Referral,Qualified,False,Inactive,Marketing Add-on,Year-End Campaign,Meeting,Samer Khalil,2025-07-11,2025-10-05,86.0,68.0,6,9,4,5.5,7.6,0.0,False
CUST12155,Zarqa,Consumer,Technology,LinkedIn,Contacted,False,Active,Analytics Add-on,Summer Campaign,WhatsApp,Omar Mansour,2024-11-22,2025-01-05,44.0,21.0,8,11,0,3.9,,0.0,False
CUST12156,Amman,Corporate,Manufacturing,Cold Call,Qualified,False,Active,Marketing Add-on,Summer Campaign,Phone,Omar Mansour,2023-05-09,2024-04-03,330.0,100.0,4,6,2,5.8,9.3,0.0,False
CUST12157,Aqaba,Small Business,Hospitality,LinkedIn,Won,True,Active,CRM Professional,Year-End Campaign,Email,Samer Khalil,2024-01-26,2024-06-19,145.0,58.0,3,6,1,36.9,10.0,1503.02,True
CUST12158,Amman,Consumer,Education,Trade Show,Won,True,Active,CRM Enterprise,Q1 Acquisition,Website,Samer Khalil,2024-10-07,2024-11-27,51.0,82.0,6,3,3,7.6,10.0,514.54,True
CUST12159,Amman,Consumer,Retail,Referral,Won,True,Active,CRM Enterprise,No Campaign,Meeting,Samer Khalil,2023-11-29,2024-07-28,242.0,85.0,4,5,0,12.5,6.5,716.38,True
CUST12160,Irbid,Corporate,Hospitality,Google Ads,Contacted,False,Active,CRM Enterprise,Q1 Acquisition,Website,Lina Haddad,2025-01-24,2025-11-14,294.0,66.0,5,6,4,4.5,6.9,0.0,False
CUST12161,Madaba,Enterprise,Retail,Email Campaign,Won,True,Active,CRM Basic,Referral Program,Social Media,Dana Nasser,2024-04-02,2024-05-23,51.0,66.0,3,11,2,4.7,7.1,3919.22,True
CUST12162,Zarqa,Consumer,Construction,LinkedIn,Contacted,False,Active,CRM Professional,Summer Campaign,Phone,Samer Khalil,2024-04-08,2024-12-30,266.0,60.0,2,7,3,6.2,7.6,0.0,False
CUST12163,Salt,Consumer,Hospitality,Instagram,Negotiation,False,Inactive,Marketing Add-on,Spring Campaign,Meeting,Lina Haddad,2024-09-13,2025-01-11,120.0,100.0,3,7,6,13.1,6.9,113.29,True
CUST12164,Aqaba,Small Business,Education,Email Campaign,Lost,False,Active,CRM Professional,No Campaign,Email,Yara Odeh,2025-12-10,2025-12-31,21.0,36.0,3,9,6,14.2,9.2,0.0,False
CUST12165,Aqaba,Corporate,Hospitality,Website,New Lead,False,Active,Marketing Add-on,Year-End Campaign,Meeting,Ahmad Saleh,2025-05-06,2025-12-31,239.0,30.0,3,9,2,8.4,7.0,0.0,False
CUST12166,Madaba,Consumer,Finance,Facebook,Qualified,False,Prospect,CRM Basic,Spring Campaign,Email,Ahmad Saleh,2025-07-09,2025-09-17,70.0,40.0,10,8,4,27.8,6.4,0.0,False
CUST12167,Aqaba,Small Business,Manufacturing,Cold Call,Proposal,False,Active,Marketing Add-on,Q1 Acquisition,Website,Samer Khalil,2023-08-26,2024-08-01,341.0,72.0,3,5,3,5.3,7.7,64.29,True
CUST12168,Salt,Small Business,Construction,LinkedIn,Negotiation,False,Active,CRM Enterprise,No Campaign,Website,Ahmad Saleh,2025-04-26,2025-06-22,57.0,55.0,5,9,5,10.8,9.1,829.23,True
CUST12169,Madaba,Consumer,Retail,Referral,Contacted,False,Active,Analytics Add-on,Back-to-School,Website,Samer Khalil,2025-09-18,2025-10-27,39.0,64.0,5,4,1,19.0,5.8,0.0,False
CUST12170,Madaba,Consumer,Construction,Website,Lost,False,Inactive,CRM Professional,Summer Campaign,Email,Ahmad Saleh,2024-04-25,2025-02-08,289.0,35.0,7,8,4,4.1,7.2,0.0,False
CUST12171,Irbid,Consumer,Manufacturing,Facebook,Proposal,False,Active,Marketing Add-on,Q1 Acquisition,Meeting,Ahmad Saleh,2025-06-19,2025-07-07,18.0,62.0,6,6,2,5.7,7.0,22.56,True
CUST12172,Aqaba,Corporate,Retail,LinkedIn,Contacted,False,Inactive,CRM Professional,No Campaign,Website,Dana Nasser,2023-10-08,2024-05-15,220.0,30.0,9,11,7,7.6,8.2,0.0,False
CUST12173,Amman,Small Business,Retail,Google Ads,New Lead,False,Active,CRM Enterprise,Unknown,Email,Dana Nasser,2025-10-31,2025-12-31,61.0,83.0,3,11,1,16.3,9.6,0.0,False
CUST12174,Irbid,Small Business,Finance,LinkedIn,Won,True,Active,CRM Basic,Summer Campaign,Social Media,Ahmad Saleh,2024-10-18,2025-06-19,244.0,82.0,6,6,2,17.5,4.7,211.47,True
CUST12175,Madaba,Consumer,Hospitality,Instagram,New Lead,False,Active,CRM Enterprise,Back-to-School,Meeting,Dana Nasser,2024-05-17,2025-05-04,352.0,17.0,7,10,5,1.2,7.2,0.0,False
CUST12176,Karak,Consumer,Technology,Instagram,New Lead,False,Inactive,Analytics Add-on,No Campaign,Meeting,Samer Khalil,2024-01-05,2024-11-04,304.0,46.0,4,7,10,7.1,5.5,0.0,False
CUST12177,Zarqa,Corporate,Manufacturing,Referral,Proposal,False,Prospect,CRM Basic,Summer Campaign,Meeting,Omar Mansour,2025-05-19,2025-12-31,226.0,33.0,7,14,6,10.0,6.5,181.89,True
CUST12178,Amman,Consumer,Education,Instagram,Proposal,False,Active,CRM Enterprise,Back-to-School,Phone,Samer Khalil,2025-01-24,2025-11-03,283.0,54.0,4,3,6,13.4,5.5,130.52,True
CUST12179,Jerash,Small Business,Manufacturing,Google Ads,Negotiation,False,Active,CRM Basic,Back-to-School,Website,Dana Nasser,2024-07-15,2024-09-27,74.0,82.0,7,4,2,18.1,7.6,209.85,True
CUST12180,Irbid,Small Business,Hospitality,Referral,Qualified,False,Active,Marketing Add-on,Summer Campaign,Email,Lina Haddad,2023-03-30,2023-07-18,110.0,70.0,6,4,2,5.7,9.2,0.0,False
CUST12181,Amman,Consumer,Finance,Cold Call,Won,True,Active,Marketing Add-on,No Campaign,Social Media,Ahmad Saleh,2025-04-07,2025-10-04,180.0,98.0,5,5,4,4.6,,96.39,True
CUST12182,Madaba,Consumer,Healthcare,Google Ads,Lost,False,Active,CRM Professional,Referral Program,WhatsApp,Dana Nasser,2024-12-10,2025-01-11,32.0,71.0,5,4,7,11.2,8.3,0.0,False
CUST12183,Salt,Consumer,Unknown,Referral,Contacted,False,Active,CRM Basic,Spring Campaign,Social Media,Yara Odeh,2025-04-29,2025-05-29,30.0,46.0,11,12,4,8.0,9.5,0.0,False
CUST12184,Karak,Consumer,Healthcare,Google Ads,Negotiation,False,Prospect,CRM Enterprise,Year-End Campaign,Phone,Yara Odeh,2024-08-07,2025-05-16,282.0,91.0,5,3,5,13.7,7.5,327.51,True
CUST12185,Karak,Corporate,Finance,Instagram,Lost,False,Active,CRM Basic,Referral Program,Social Media,Dana Nasser,2025-03-30,2025-04-24,25.0,61.0,4,10,6,26.2,6.6,0.0,False
CUST12186,Zarqa,Consumer,Construction,Cold Call,Negotiation,False,Active,CRM Professional,Year-End Campaign,Website,Dana Nasser,2025-06-19,2025-12-31,195.0,90.0,2,0,3,16.0,5.5,170.71,True
CUST12187,Amman,Consumer,Hospitality,Google Ads,Negotiation,False,Active,CRM Basic,Unknown,Website,Yara Odeh,2025-08-04,2025-12-31,149.0,43.0,2,7,3,9.0,,39.93,True
CUST12188,Madaba,Corporate,Finance,Cold Call,Contacted,False,Active,CRM Professional,Q1 Acquisition,WhatsApp,Samer Khalil,2023-07-25,2024-03-07,226.0,55.0,4,9,6,4.2,5.0,0.0,False
CUST12189,Madaba,Consumer,Technology,Facebook,Proposal,False,Active,CRM Basic,Q1 Acquisition,Meeting,Ahmad Saleh,2023-07-24,2023-09-19,57.0,61.0,6,8,6,5.9,9.1,14.76,True
CUST12190,Aqaba,Small Business,Manufacturing,Google Ads,Proposal,False,Inactive,CRM Basic,Spring Campaign,Email,Omar Mansour,2023-04-08,,,93.0,5,8,4,0.9,7.7,73.58,True
CUST12191,Salt,Consumer,Hospitality,Email Campaign,Negotiation,False,Active,CRM Basic,Back-to-School,Social Media,Yara Odeh,2025-04-23,2025-12-11,232.0,75.0,6,5,5,16.3,6.0,71.49,True
CUST12192,Amman,Consumer,Construction,Instagram,Lost,False,Prospect,CRM Enterprise,No Campaign,WhatsApp,Yara Odeh,2024-07-25,2025-07-03,343.0,37.0,5,9,2,14.5,6.4,0.0,False
CUST12193,Zarqa,Consumer,Manufacturing,LinkedIn,New Lead,False,Active,CRM Professional,Referral Program,Website,Yara Odeh,2024-10-25,2025-08-08,287.0,34.0,7,9,3,6.4,8.0,0.0,False
CUST12194,Jerash,Consumer,Healthcare,Cold Call,New Lead,False,Active,CRM Basic,Q1 Acquisition,Meeting,Dana Nasser,2025-07-17,2025-09-19,64.0,33.0,7,10,4,9.3,5.6,0.0,False
CUST12195,Salt,Corporate,Hospitality,Instagram,New Lead,False,Active,CRM Enterprise,Referral Program,Email,Lina Haddad,2025-02-06,2025-09-26,232.0,43.0,2,10,5,4.1,8.3,0.0,False
CUST12196,Jerash,Small Business,Education,Website,Negotiation,False,Inactive,Marketing Add-on,No Campaign,Email,Yara Odeh,2024-10-06,2025-07-22,289.0,79.0,10,8,5,6.3,8.5,158.56,True
CUST12197,Madaba,Consumer,Manufacturing,Email Campaign,New Lead,False,Active,CRM Basic,Summer Campaign,Phone,Ahmad Saleh,2024-10-18,2025-05-19,213.0,36.0,6,5,5,,9.4,0.0,False
CUST12198,Jerash,Consumer,Retail,Instagram,Proposal,False,Active,Analytics Add-on,Summer Campaign,Meeting,Omar Mansour,2023-12-09,2024-08-23,258.0,61.0,6,5,3,9.4,7.0,81.08,True
CUST12199,Amman,Consumer,Construction,Email Campaign,Contacted,False,Active,CRM Enterprise,Year-End Campaign,Website,Yara Odeh,2025-03-01,2025-03-19,18.0,31.0,5,12,8,8.9,9.1,0.0,False
CUST12200,Karak,Consumer,Retail,Instagram,Qualified,False,Prospect,CRM Basic,Back-to-School,Email,Lina Haddad,2023-12-15,2024-06-07,175.0,89.0,5,2,9,20.2,6.9,0.0,False
CUST12201,Aqaba,Consumer,Technology,Email Campaign,Contacted,False,Active,CRM Professional,Spring Campaign,Phone,Yara Odeh,2023-02-06,2023-09-23,229.0,44.0,10,11,5,6.6,4.6,0.0,False
CUST12202,Karak,Small Business,Construction,LinkedIn,Won,True,Active,CRM Professional,Summer Campaign,Phone,Omar Mansour,2025-04-13,2025-11-25,226.0,85.0,3,6,5,5.9,8.2,1743.4,True
CUST12203,Zarqa,Corporate,Hospitality,LinkedIn,Proposal,False,Active,CRM Enterprise,Back-to-School,Website,Omar Mansour,2025-08-04,,,75.0,7,5,2,24.6,8.8,1077.67,True
CUST12204,Salt,Consumer,Construction,Facebook,Lost,False,Active,CRM Professional,Year-End Campaign,Email,Yara Odeh,2024-07-22,,,50.0,5,8,5,8.2,6.0,0.0,False
CUST12205,Zarqa,Corporate,Technology,LinkedIn,Proposal,False,Active,Marketing Add-on,Back-to-School,Meeting,Ahmad Saleh,2023-06-13,2024-02-14,246.0,58.0,5,7,2,5.5,4.2,144.47,True
CUST12206,Amman,Corporate,Construction,Unknown,New Lead,False,Active,CRM Enterprise,No Campaign,Email,Samer Khalil,2024-01-16,,,52.0,4,9,2,4.6,7.6,0.0,False
CUST12207,Karak,Consumer,Hospitality,Cold Call,Contacted,False,Inactive,CRM Professional,Q1 Acquisition,Social Media,Lina Haddad,2025-08-31,2025-12-31,122.0,79.0,3,6,5,7.4,6.3,0.0,False
CUST12208,Karak,Corporate,Healthcare,Referral,Lost,False,Active,CRM Basic,Summer Campaign,Email,Yara Odeh,2023-09-17,2023-12-14,88.0,58.0,6,7,7,7.7,6.6,0.0,False
CUST12209,Jerash,Corporate,Education,Google Ads,Negotiation,False,Inactive,CRM Basic,Referral Program,Phone,Dana Nasser,2025-12-27,2025-12-31,4.0,82.0,8,9,3,10.7,5.9,504.14,True
CUST12210,Irbid,Consumer,Education,Cold Call,New Lead,False,Inactive,CRM Professional,Year-End Campaign,WhatsApp,Omar Mansour,2024-02-17,2024-03-18,30.0,53.0,5,5,6,3.3,10.0,0.0,False
CUST12211,Aqaba,Enterprise,Finance,Trade Show,Negotiation,False,Active,CRM Professional,No Campaign,Website,Lina Haddad,2023-10-14,2024-04-03,172.0,74.0,5,7,5,2.5,7.2,2666.29,True
CUST12212,Zarqa,Consumer,Technology,Google Ads,Qualified,False,Active,Analytics Add-on,Year-End Campaign,WhatsApp,Ahmad Saleh,2023-09-03,2024-07-08,309.0,54.0,6,7,6,9.7,6.3,0.0,False
CUST12213,Salt,Consumer,Hospitality,Trade Show,Contacted,False,Inactive,CRM Enterprise,Year-End Campaign,Email,Lina Haddad,2025-02-25,2025-12-31,309.0,,2,4,4,12.7,4.7,0.0,False
CUST12214,Salt,Corporate,Manufacturing,Website,New Lead,False,Inactive,CRM Basic,Referral Program,Meeting,Dana Nasser,2023-06-18,2023-12-12,177.0,71.0,4,8,0,5.7,8.2,0.0,False
CUST12215,Salt,Consumer,Retail,Instagram,Won,True,Active,CRM Enterprise,Spring Campaign,Meeting,Dana Nasser,2023-11-05,2024-03-23,139.0,70.0,7,11,3,0.6,7.9,510.69,True
CUST12216,Amman,Consumer,Unknown,Referral,New Lead,False,Inactive,CRM Basic,Referral Program,Phone,Ahmad Saleh,2024-05-29,2024-12-09,194.0,63.0,7,14,5,0.8,7.7,0.0,False
CUST12217,Madaba,Consumer,Retail,Trade Show,Contacted,False,Active,CRM Professional,Summer Campaign,WhatsApp,Lina Haddad,2024-04-15,2024-10-18,186.0,59.0,7,9,7,3.0,6.1,0.0,False
CUST12218,Aqaba,Corporate,Healthcare,Google Ads,Contacted,False,Inactive,Analytics Add-on,Back-to-School,Website,Yara Odeh,2023-10-05,2024-05-10,218.0,53.0,3,3,3,6.2,8.3,0.0,False
CUST12219,Karak,Corporate,Retail,Cold Call,Contacted,False,Active,CRM Professional,Q1 Acquisition,Social Media,Samer Khalil,2025-02-28,2025-08-11,164.0,80.0,7,10,4,11.9,6.0,0.0,False
CUST12220,Amman,Small Business,Manufacturing,Facebook,Qualified,False,Active,Analytics Add-on,No Campaign,WhatsApp,Samer Khalil,2025-04-21,2025-09-29,161.0,62.0,7,10,1,5.5,7.0,0.0,False
CUST12221,Salt,Enterprise,Construction,Email Campaign,New Lead,False,Active,Marketing Add-on,No Campaign,Meeting,Yara Odeh,2025-01-10,2025-01-23,13.0,45.0,3,8,3,9.5,8.0,0.0,False
CUST12222,Irbid,Consumer,Manufacturing,LinkedIn,Contacted,False,Prospect,CRM Enterprise,Q1 Acquisition,Social Media,Omar Mansour,2025-10-05,2025-12-31,87.0,60.0,1,5,1,13.0,7.7,0.0,False
CUST12223,Zarqa,Consumer,Education,Referral,Lost,False,Active,CRM Basic,Year-End Campaign,Meeting,Yara Odeh,2025-08-11,,,20.0,3,6,6,12.1,,0.0,False
CUST12224,Amman,Small Business,Hospitality,Referral,Contacted,False,Inactive,CRM Professional,No Campaign,Email,Omar Mansour,2023-04-10,2024-02-28,324.0,55.0,4,6,6,17.4,7.7,0.0,False
CUST12225,Amman,Corporate,Education,LinkedIn,Qualified,False,Inactive,CRM Basic,Year-End Campaign,Email,Lina Haddad,2023-08-06,2023-09-17,42.0,32.0,6,12,5,15.1,5.7,0.0,False
CUST12226,Salt,Consumer,Technology,LinkedIn,Qualified,False,Prospect,CRM Enterprise,Referral Program,Website,Yara Odeh,2024-06-24,2025-01-20,210.0,72.0,4,6,6,13.6,6.8,0.0,False
CUST12227,Zarqa,Consumer,Construction,LinkedIn,Proposal,False,Inactive,Analytics Add-on,Q1 Acquisition,Social Media,Omar Mansour,2024-01-29,2024-09-14,229.0,78.0,6,5,3,2.8,,22.83,True
CUST12228,Irbid,Corporate,Unknown,Facebook,Won,True,Active,CRM Enterprise,Spring Campaign,Social Media,Dana Nasser,2024-07-13,2025-06-28,350.0,100.0,6,9,6,10.6,5.9,6045.87,True
CUST12229,Irbid,Enterprise,Construction,Website,Contacted,False,Prospect,Analytics Add-on,Summer Campaign,Website,Ahmad Saleh,2023-12-11,2024-09-11,275.0,63.0,4,9,4,14.8,6.8,0.0,False
CUST12230,Aqaba,Small Business,Construction,Facebook,Won,True,Active,Analytics Add-on,No Campaign,Meeting,Omar Mansour,2023-09-02,,,100.0,4,6,4,9.7,7.8,421.77,True
CUST12231,Irbid,Consumer,Hospitality,Cold Call,Negotiation,False,Active,Analytics Add-on,Referral Program,WhatsApp,Yara Odeh,2025-08-05,2025-12-31,148.0,45.0,6,11,6,10.6,8.0,75.0,True
CUST12232,Amman,Enterprise,Healthcare,Website,Negotiation,False,Prospect,CRM Basic,No Campaign,Website,Samer Khalil,2025-08-20,2025-12-31,133.0,73.0,8,6,5,8.1,7.3,390.54,True
CUST12233,Amman,Corporate,Retail,Email Campaign,New Lead,False,Active,Analytics Add-on,Back-to-School,Email,Yara Odeh,2023-09-12,2024-04-07,208.0,61.0,7,6,2,4.6,6.8,0.0,False
CUST12234,Amman,Small Business,Technology,LinkedIn,New Lead,False,Active,CRM Enterprise,Referral Program,Social Media,Dana Nasser,2024-10-25,2025-09-11,321.0,63.0,10,5,4,21.0,9.2,0.0,False
CUST12235,Aqaba,Corporate,Finance,Facebook,Proposal,False,Active,CRM Professional,Referral Program,Phone,Samer Khalil,2025-08-07,2025-12-25,140.0,56.0,3,6,2,8.6,,386.05,True
CUST12236,Madaba,Corporate,Construction,Instagram,Won,True,Inactive,Marketing Add-on,Year-End Campaign,Meeting,Omar Mansour,2024-01-05,2024-10-11,280.0,100.0,4,6,1,22.4,6.7,1273.78,True
CUST12237,Zarqa,Enterprise,Finance,Cold Call,Proposal,False,Active,Marketing Add-on,No Campaign,Phone,Yara Odeh,2025-01-13,2025-02-16,34.0,38.0,2,11,2,12.0,6.4,841.19,True
CUST12238,Zarqa,Corporate,Hospitality,Email Campaign,Contacted,False,Inactive,CRM Professional,Q1 Acquisition,Email,Omar Mansour,2025-01-24,2025-11-29,309.0,34.0,6,12,8,9.0,9.7,0.0,False
CUST12239,Madaba,Small Business,Retail,Email Campaign,New Lead,False,Active,Analytics Add-on,Q1 Acquisition,Social Media,Dana Nasser,2024-03-11,2024-03-29,18.0,48.0,2,14,8,8.9,10.0,0.0,False
CUST12240,Irbid,Small Business,Retail,Google Ads,Negotiation,False,Active,CRM Basic,Summer Campaign,Social Media,Samer Khalil,2025-11-17,2025-12-31,44.0,79.0,4,9,2,0.8,6.7,167.17,True
CUST12241,Unknown,Consumer,Hospitality,Google Ads,Negotiation,False,Prospect,CRM Professional,Q1 Acquisition,Website,Ahmad Saleh,2023-09-10,2023-12-31,112.0,98.0,1,6,3,6.4,5.3,101.84,True
CUST12242,Jerash,Small Business,Retail,Email Campaign,Contacted,False,Active,CRM Basic,Q1 Acquisition,WhatsApp,Ahmad Saleh,2023-03-26,2023-03-31,5.0,68.0,4,6,2,6.7,6.7,0.0,False
CUST12243,Amman,Corporate,Education,Website,New Lead,False,Inactive,CRM Professional,Summer Campaign,Website,Dana Nasser,2024-08-23,2025-02-21,182.0,31.0,4,14,4,17.5,8.2,0.0,False
CUST12244,Amman,Enterprise,Retail,Cold Call,Qualified,False,Inactive,CRM Professional,Spring Campaign,Phone,Yara Odeh,2024-08-11,2024-08-24,13.0,85.0,6,7,4,35.4,7.5,0.0,False
CUST12245,Aqaba,Consumer,Finance,Google Ads,Proposal,False,Active,CRM Basic,Referral Program,Social Media,Omar Mansour,2025-08-20,2025-12-31,133.0,78.0,6,11,4,6.7,8.6,23.02,True
CUST12246,Amman,Small Business,Retail,Referral,Negotiation,False,Active,CRM Enterprise,Year-End Campaign,WhatsApp,Yara Odeh,2025-10-16,2025-12-31,76.0,90.0,7,4,5,12.0,6.1,1027.69,True
CUST12247,Zarqa,Consumer,Manufacturing,LinkedIn,Won,True,Active,CRM Basic,Summer Campaign,Website,Dana Nasser,2023-05-21,2024-02-04,259.0,96.0,4,10,4,15.4,8.4,106.05,True
CUST12248,Amman,Small Business,Hospitality,Cold Call,Proposal,False,Inactive,CRM Basic,Spring Campaign,WhatsApp,Samer Khalil,2024-10-20,2025-01-18,90.0,62.0,4,5,4,21.9,6.0,74.22,True
CUST12249,Karak,Small Business,Healthcare,Email Campaign,New Lead,False,Active,CRM Professional,Year-End Campaign,Meeting,Ahmad Saleh,2025-11-14,2025-12-31,47.0,60.0,10,13,4,,6.1,0.0,False
CUST12250,Madaba,Consumer,Finance,Email Campaign,Negotiation,False,Active,CRM Professional,Back-to-School,Meeting,Omar Mansour,2023-06-22,2023-12-25,186.0,80.0,2,7,1,3.9,7.6,146.06,True
CUST12251,Amman,Small Business,Healthcare,Instagram,Lost,False,Active,CRM Professional,Q1 Acquisition,Phone,Samer Khalil,2023-10-05,2024-06-11,250.0,63.0,5,10,5,6.6,8.5,0.0,False
CUST12252,Karak,Consumer,Finance,LinkedIn,Won,True,Active,CRM Basic,Year-End Campaign,WhatsApp,Ahmad Saleh,2025-08-12,2025-12-31,141.0,100.0,4,5,2,7.4,9.0,169.95,True
CUST12253,Karak,Consumer,Construction,Referral,Won,True,Inactive,CRM Professional,Back-to-School,Meeting,Ahmad Saleh,2024-08-14,2024-10-29,76.0,78.0,4,10,4,17.6,6.3,269.01,True
CUST12254,Madaba,Corporate,Technology,Trade Show,Contacted,False,Inactive,CRM Basic,Spring Campaign,Social Media,Lina Haddad,2024-03-16,2024-07-02,108.0,71.0,6,9,2,14.1,,0.0,False
CUST12255,Unknown,Consumer,Manufacturing,Google Ads,Negotiation,False,Active,CRM Professional,Summer Campaign,Meeting,Omar Mansour,2025-11-13,2025-12-31,48.0,66.0,7,7,4,10.0,5.9,76.27,True
CUST12256,Madaba,Consumer,Finance,Instagram,Won,True,Inactive,Marketing Add-on,Back-to-School,WhatsApp,Dana Nasser,2025-06-12,2025-09-02,82.0,71.0,5,5,4,17.7,7.2,390.42,True
CUST12257,Aqaba,Consumer,Construction,Email Campaign,Negotiation,False,Inactive,CRM Basic,Unknown,WhatsApp,Lina Haddad,2025-09-27,2025-12-13,77.0,73.0,2,4,3,22.8,6.5,59.3,True
CUST12258,Karak,Consumer,Manufacturing,Website,Contacted,False,Active,CRM Enterprise,Back-to-School,Website,Ahmad Saleh,2025-08-05,2025-12-31,148.0,50.0,5,5,5,4.7,7.5,0.0,False
CUST12259,Amman,Corporate,Finance,Instagram,Lost,False,Active,CRM Basic,No Campaign,WhatsApp,Omar Mansour,2024-05-10,2024-09-14,127.0,54.0,10,9,7,5.6,6.1,0.0,False
CUST12260,Jerash,Small Business,Healthcare,Cold Call,Qualified,False,Prospect,CRM Professional,Back-to-School,WhatsApp,Omar Mansour,2023-05-05,2024-02-11,282.0,37.0,5,12,3,13.2,5.4,0.0,False
CUST12261,Salt,Corporate,Healthcare,Cold Call,New Lead,False,Inactive,CRM Professional,No Campaign,Phone,Lina Haddad,2023-08-29,2023-11-25,88.0,51.0,6,3,7,6.7,9.0,0.0,False
CUST12262,Irbid,Consumer,Hospitality,Facebook,New Lead,False,Inactive,Marketing Add-on,No Campaign,WhatsApp,Samer Khalil,2024-10-29,2025-05-21,204.0,37.0,0,10,3,9.1,7.4,0.0,False
CUST12263,Jerash,Consumer,Finance,Unknown,Proposal,False,Active,CRM Professional,Unknown,Website,Samer Khalil,2024-12-08,2024-12-24,16.0,29.0,3,3,2,3.2,,39.09,True
CUST12264,Irbid,Consumer,Finance,Cold Call,Qualified,False,Prospect,CRM Enterprise,Q1 Acquisition,Website,Dana Nasser,2023-08-16,2024-01-14,151.0,68.0,10,9,2,6.3,5.6,0.0,False
CUST12265,Jerash,Corporate,Education,Email Campaign,New Lead,False,Active,CRM Enterprise,Q1 Acquisition,Social Media,Omar Mansour,2023-06-10,2024-02-19,254.0,68.0,4,7,4,8.8,7.8,0.0,False
CUST12266,Jerash,Small Business,Manufacturing,Cold Call,Negotiation,False,Prospect,CRM Basic,Q1 Acquisition,Meeting,Yara Odeh,2023-05-26,2023-11-30,188.0,94.0,4,4,1,6.4,6.8,243.91,True
CUST12267,Madaba,Enterprise,Manufacturing,Trade Show,Won,True,Prospect,Marketing Add-on,Back-to-School,Phone,Lina Haddad,2025-03-28,2025-12-31,278.0,80.0,8,11,5,5.9,5.4,2932.05,True
CUST12268,Zarqa,Small Business,Manufacturing,Google Ads,Negotiation,False,Prospect,CRM Professional,Referral Program,Email,Ahmad Saleh,2024-10-01,,,64.0,6,8,1,3.6,7.2,661.52,True
CUST12269,Irbid,Small Business,Manufacturing,Email Campaign,Contacted,False,Prospect,CRM Basic,No Campaign,Social Media,Samer Khalil,2024-04-07,2025-01-03,271.0,67.0,3,12,9,6.7,6.7,0.0,False
CUST12270,Salt,Corporate,Technology,LinkedIn,Negotiation,False,Active,CRM Professional,Summer Campaign,WhatsApp,Lina Haddad,2023-11-03,2023-11-08,5.0,64.0,5,8,5,18.6,8.8,832.86,True
CUST12271,Karak,Enterprise,Technology,Trade Show,New Lead,False,Prospect,CRM Professional,Year-End Campaign,Meeting,Dana Nasser,2023-03-03,2024-01-27,330.0,39.0,8,10,3,14.7,7.9,0.0,False
CUST12272,Madaba,Consumer,Construction,Cold Call,Contacted,False,Active,CRM Basic,Year-End Campaign,Phone,Dana Nasser,2023-07-09,2024-05-12,308.0,100.0,8,15,2,14.2,7.1,0.0,False
CUST12273,Jerash,Consumer,Retail,Referral,Qualified,False,Prospect,CRM Enterprise,Summer Campaign,Social Media,Yara Odeh,2025-09-01,2025-12-31,121.0,90.0,4,11,4,12.8,7.6,0.0,False
CUST12274,Irbid,Small Business,Finance,Facebook,Won,True,Active,CRM Professional,Referral Program,Website,Omar Mansour,2024-03-06,2024-08-22,169.0,76.0,4,13,6,17.4,7.8,921.12,True
CUST12275,Zarqa,Small Business,Finance,Trade Show,Qualified,False,Active,CRM Enterprise,Year-End Campaign,Phone,Dana Nasser,2024-09-12,2025-03-12,181.0,74.0,7,11,1,34.0,,0.0,False
CUST12276,Unknown,Enterprise,Finance,Cold Call,New Lead,False,Active,CRM Basic,Referral Program,Phone,Dana Nasser,2024-12-06,2025-06-02,178.0,72.0,3,9,6,3.7,8.2,0.0,False
CUST12277,Amman,Consumer,Finance,Trade Show,Qualified,False,Inactive,Marketing Add-on,Spring Campaign,WhatsApp,Yara Odeh,2023-11-02,2024-03-24,143.0,69.0,5,11,4,10.2,8.1,0.0,False
CUST12278,Karak,Consumer,Manufacturing,Trade Show,Qualified,False,Active,CRM Basic,Summer Campaign,Phone,Yara Odeh,2025-11-06,2025-12-31,55.0,38.0,4,6,4,4.9,9.7,0.0,False
CUST12279,Amman,Enterprise,Manufacturing,Referral,Lost,False,Active,CRM Enterprise,Year-End Campaign,Meeting,Samer Khalil,2024-01-10,2024-09-14,248.0,52.0,3,7,2,18.3,6.1,0.0,False
CUST12280,Madaba,Corporate,Technology,Cold Call,Lost,False,Prospect,CRM Enterprise,Q1 Acquisition,Meeting,Samer Khalil,2025-02-28,2025-07-05,127.0,40.0,2,14,6,0.5,10.0,0.0,False
CUST12281,Jerash,Consumer,Healthcare,Referral,Contacted,False,Inactive,CRM Basic,Referral Program,Phone,Dana Nasser,2023-09-27,,,46.0,2,8,2,8.3,7.8,0.0,False
CUST12282,Salt,Enterprise,Education,Instagram,Contacted,False,Active,CRM Basic,Q1 Acquisition,Email,Yara Odeh,2025-09-22,2025-11-01,40.0,,6,7,7,43.6,9.2,0.0,False
CUST12283,Zarqa,Consumer,Manufacturing,Google Ads,Contacted,False,Active,CRM Basic,Summer Campaign,WhatsApp,Omar Mansour,2025-07-05,2025-12-31,179.0,28.0,6,4,8,3.9,8.4,0.0,False
CUST12284,Zarqa,Consumer,Manufacturing,Unknown,Won,True,Active,CRM Basic,Spring Campaign,Phone,Samer Khalil,2025-10-28,2025-12-31,64.0,69.0,4,4,4,7.4,5.8,120.91,True
CUST12285,Madaba,Enterprise,Hospitality,Trade Show,New Lead,False,Inactive,CRM Basic,Q1 Acquisition,Phone,Samer Khalil,2025-07-13,2025-12-03,143.0,55.0,1,8,0,8.4,4.4,0.0,False
CUST12286,Madaba,Small Business,Manufacturing,Email Campaign,New Lead,False,Prospect,CRM Enterprise,Spring Campaign,Email,Yara Odeh,2024-03-08,2024-11-03,240.0,60.0,6,11,4,1.1,7.6,0.0,False
CUST12287,Aqaba,Consumer,Healthcare,Facebook,Proposal,False,Inactive,CRM Professional,No Campaign,Email,Dana Nasser,2025-01-30,2025-09-15,228.0,100.0,8,9,7,,7.9,36.73,True
CUST12288,Salt,Consumer,Healthcare,Instagram,Contacted,False,Active,CRM Professional,Q1 Acquisition,Website,Omar Mansour,2025-11-07,2025-12-31,54.0,40.0,3,8,3,15.8,7.6,0.0,False
CUST12289,Irbid,Corporate,Technology,Email Campaign,New Lead,False,Active,CRM Basic,Q1 Acquisition,WhatsApp,Dana Nasser,2023-12-17,2024-07-02,198.0,24.0,6,8,3,11.5,6.1,0.0,False
CUST12290,Irbid,Consumer,Manufacturing,Website,Qualified,False,Prospect,Analytics Add-on,Referral Program,Email,Ahmad Saleh,2023-11-27,2024-01-31,65.0,78.0,4,6,6,,8.0,0.0,False
CUST12291,Karak,Small Business,Construction,Unknown,Contacted,False,Active,CRM Basic,Summer Campaign,Phone,Ahmad Saleh,2023-09-19,2023-09-30,11.0,21.0,2,3,0,9.0,6.2,0.0,False
CUST12292,Irbid,Small Business,Hospitality,Google Ads,Qualified,False,Active,CRM Professional,Spring Campaign,Email,Yara Odeh,2025-11-06,2025-12-31,55.0,20.0,2,6,5,7.7,8.9,0.0,False
CUST12293,Aqaba,Consumer,Education,Google Ads,Lost,False,Active,CRM Basic,Back-to-School,Social Media,Omar Mansour,2023-05-15,2023-06-10,26.0,62.0,4,8,4,11.8,8.6,0.0,False
CUST12294,Salt,Small Business,Finance,Email Campaign,New Lead,False,Inactive,CRM Basic,Spring Campaign,Website,Ahmad Saleh,2025-01-02,2025-06-02,151.0,22.0,10,6,2,14.2,,0.0,False
CUST12295,Zarqa,Corporate,Unknown,Instagram,Qualified,False,Prospect,CRM Enterprise,Summer Campaign,Website,Yara Odeh,2024-11-05,2025-06-14,221.0,46.0,4,6,2,11.2,7.9,0.0,False
CUST12296,Jerash,Consumer,Technology,Facebook,Lost,False,Active,CRM Enterprise,Referral Program,Meeting,Omar Mansour,2023-12-06,2024-11-11,341.0,58.0,3,9,3,13.2,8.9,0.0,False
CUST12297,Karak,Consumer,Technology,Unknown,Won,True,Inactive,CRM Enterprise,Q1 Acquisition,WhatsApp,Ahmad Saleh,2023-02-08,2023-10-03,237.0,82.0,4,8,2,10.0,6.8,744.7,True
CUST12298,Karak,Consumer,Construction,Website,Qualified,False,Active,CRM Professional,No Campaign,Website,Lina Haddad,2023-06-01,2024-01-24,237.0,55.0,6,12,3,7.7,9.9,0.0,False
CUST12299,Madaba,Small Business,Education,Email Campaign,Negotiation,False,Active,Marketing Add-on,Q1 Acquisition,WhatsApp,Samer Khalil,2025-11-22,2025-12-31,39.0,47.0,1,6,3,15.6,7.2,238.0,True
CUST12300,Zarqa,Corporate,Hospitality,Trade Show,New Lead,False,Active,CRM Professional,Referral Program,Social Media,Yara Odeh,2023-01-31,,,29.0,4,9,2,7.2,7.5,0.0,False
CUST12301,Madaba,Consumer,Retail,Cold Call,Negotiation,False,Active,CRM Professional,Referral Program,Meeting,Dana Nasser,2023-09-02,2024-01-03,123.0,63.0,5,7,4,8.3,8.7,111.0,True
CUST12302,Madaba,Consumer,Technology,Trade Show,Lost,False,Active,CRM Basic,Spring Campaign,Phone,Omar Mansour,2025-12-23,2025-12-31,8.0,37.0,7,6,2,5.2,8.1,0.0,False
CUST12303,Amman,Consumer,Healthcare,Facebook,Proposal,False,Prospect,CRM Basic,Q1 Acquisition,Social Media,Ahmad Saleh,2024-03-03,2024-09-08,189.0,79.0,7,5,5,8.2,8.0,20.65,True
CUST12304,Irbid,Small Business,Healthcare,Referral,Qualified,False,Active,CRM Professional,No Campaign,WhatsApp,Lina Haddad,2024-10-13,2025-06-25,255.0,67.0,5,10,4,17.7,8.2,0.0,False
CUST12305,Irbid,Consumer,Finance,Trade Show,Contacted,False,Active,CRM Professional,Unknown,WhatsApp,Ahmad Saleh,2025-03-25,2025-06-01,68.0,46.0,1,5,6,2.4,7.4,0.0,False
CUST12306,Zarqa,Corporate,Technology,Cold Call,Proposal,False,Active,CRM Professional,Summer Campaign,WhatsApp,Lina Haddad,2023-10-21,2024-02-02,104.0,70.0,6,17,3,26.5,6.4,489.31,True
CUST12307,Amman,Consumer,Hospitality,Trade Show,Proposal,False,Active,CRM Basic,Q1 Acquisition,Phone,Dana Nasser,2023-05-08,2024-04-08,336.0,100.0,7,6,5,2.4,8.1,11.05,True
CUST12308,Karak,Corporate,Finance,Email Campaign,Proposal,False,Active,Analytics Add-on,No Campaign,Meeting,Samer Khalil,2025-10-06,2025-12-31,86.0,74.0,5,10,7,9.3,6.3,210.26,True
CUST12309,Salt,Small Business,Technology,Cold Call,New Lead,False,Active,Marketing Add-on,Summer Campaign,Meeting,Samer Khalil,2024-04-28,,,69.0,6,12,3,7.7,7.0,0.0,False
CUST12310,Amman,Small Business,Education,Referral,Proposal,False,Inactive,CRM Professional,Spring Campaign,WhatsApp,Lina Haddad,2024-09-27,2025-09-24,362.0,,2,5,4,18.5,8.1,158.7,True
CUST12311,Jerash,Consumer,Manufacturing,Email Campaign,Proposal,False,Prospect,Analytics Add-on,No Campaign,Social Media,Yara Odeh,2025-12-28,2025-12-31,3.0,63.0,8,8,4,16.9,6.3,57.15,True
CUST12312,Zarqa,Corporate,Hospitality,Website,Contacted,False,Inactive,Analytics Add-on,Summer Campaign,Meeting,Ahmad Saleh,2024-04-27,2024-07-26,90.0,44.0,8,10,5,2.1,8.0,0.0,False
CUST12313,Irbid,Consumer,Technology,Website,Contacted,False,Active,Marketing Add-on,Back-to-School,Phone,Samer Khalil,2023-08-31,2024-08-22,357.0,58.0,6,12,5,3.9,8.7,0.0,False
CUST12314,Aqaba,Consumer,Hospitality,Facebook,Contacted,False,Prospect,CRM Professional,Referral Program,Social Media,Ahmad Saleh,2023-12-07,2024-08-19,256.0,60.0,4,5,2,3.7,,0.0,False
CUST12315,Amman,Small Business,Retail,LinkedIn,Negotiation,False,Active,CRM Enterprise,No Campaign,Phone,Omar Mansour,2025-02-18,2025-12-31,316.0,,8,8,3,22.3,7.9,1052.52,True
CUST12316,Jerash,Corporate,Hospitality,Trade Show,Proposal,False,Active,CRM Basic,Q1 Acquisition,WhatsApp,Ahmad Saleh,2023-10-02,2024-05-09,220.0,20.0,6,7,6,11.7,10.0,119.11,True
CUST12317,Salt,Consumer,Hospitality,Cold Call,Won,True,Active,CRM Enterprise,No Campaign,Meeting,Yara Odeh,2024-10-15,2024-10-24,9.0,62.0,1,11,4,4.9,6.6,746.55,True
CUST12318,Salt,Consumer,Healthcare,Email Campaign,Contacted,False,Active,CRM Enterprise,No Campaign,Phone,Omar Mansour,2023-09-07,2023-09-19,12.0,55.0,3,5,5,5.6,7.7,0.0,False
CUST12319,Salt,Corporate,Education,Website,Won,True,Prospect,CRM Enterprise,Spring Campaign,Email,Omar Mansour,2024-08-23,2025-07-14,325.0,100.0,3,11,5,15.6,6.0,13676.94,True
CUST12320,Irbid,Corporate,Manufacturing,Referral,Negotiation,False,Active,CRM Basic,Back-to-School,Social Media,Samer Khalil,2023-07-22,2024-03-22,244.0,63.0,4,5,5,8.6,4.3,364.34,True
CUST12321,Zarqa,Consumer,Manufacturing,LinkedIn,Qualified,False,Active,Analytics Add-on,No Campaign,Email,Omar Mansour,2024-01-17,2024-07-17,182.0,100.0,8,10,1,16.7,6.8,0.0,False
CUST12322,Irbid,Small Business,Healthcare,Referral,New Lead,False,Active,CRM Professional,Back-to-School,Email,Ahmad Saleh,2025-03-08,2025-12-17,284.0,13.0,2,10,3,7.2,6.9,0.0,False
CUST12323,Aqaba,Consumer,Hospitality,Trade Show,Contacted,False,Inactive,CRM Basic,Back-to-School,WhatsApp,Dana Nasser,2025-11-10,2025-12-31,51.0,55.0,5,7,7,6.1,8.9,0.0,False
CUST12324,Irbid,Small Business,Manufacturing,Instagram,Lost,False,Inactive,CRM Professional,Year-End Campaign,WhatsApp,Yara Odeh,2023-02-27,2023-06-06,99.0,42.0,4,8,2,5.7,9.9,0.0,False
CUST12325,Amman,Corporate,Finance,LinkedIn,Contacted,False,Active,Analytics Add-on,Referral Program,Email,Ahmad Saleh,2024-02-26,2024-09-10,197.0,40.0,9,2,10,15.0,6.1,0.0,False
CUST12326,Amman,Consumer,Education,Google Ads,Contacted,False,Inactive,Marketing Add-on,Year-End Campaign,Phone,Lina Haddad,2023-09-04,2024-04-17,226.0,68.0,7,6,8,17.4,7.0,0.0,False
CUST12327,Salt,Corporate,Retail,Instagram,Contacted,False,Inactive,CRM Enterprise,Year-End Campaign,WhatsApp,Lina Haddad,2023-05-27,2024-04-24,333.0,48.0,4,5,3,12.7,7.3,0.0,False
CUST12328,Irbid,Small Business,Healthcare,Instagram,Won,True,Active,CRM Basic,Summer Campaign,Social Media,Ahmad Saleh,2023-10-07,,,50.0,7,4,4,4.2,7.7,383.18,True
CUST12329,Salt,Small Business,Technology,Trade Show,Contacted,False,Active,CRM Basic,Year-End Campaign,Email,Lina Haddad,2025-06-16,2025-09-30,106.0,11.0,2,2,4,6.7,6.1,0.0,False
CUST12330,Irbid,Small Business,Technology,Referral,Contacted,False,Active,CRM Basic,Q1 Acquisition,Social Media,Dana Nasser,2023-05-28,2023-07-25,58.0,29.0,4,5,7,28.9,7.0,0.0,False
CUST12331,Jerash,Enterprise,Technology,Unknown,Qualified,False,Active,CRM Basic,Summer Campaign,Meeting,Lina Haddad,2023-03-03,2023-05-20,78.0,73.0,4,9,4,10.4,10.0,0.0,False
CUST12332,Irbid,Consumer,Construction,Cold Call,Qualified,False,Inactive,CRM Professional,Spring Campaign,Social Media,Samer Khalil,2023-05-13,2023-07-27,75.0,56.0,7,10,6,11.0,8.4,0.0,False
CUST12333,Zarqa,Consumer,Education,Cold Call,Qualified,False,Active,CRM Professional,Back-to-School,Social Media,Dana Nasser,2025-03-20,2025-05-01,42.0,81.0,12,7,4,10.7,5.7,0.0,False
CUST12334,Karak,Consumer,Retail,Email Campaign,Qualified,False,Active,CRM Basic,Spring Campaign,Email,Samer Khalil,2024-03-12,2025-01-30,324.0,57.0,5,9,3,5.2,9.2,0.0,False
CUST12335,Irbid,Enterprise,Manufacturing,Email Campaign,Won,True,Prospect,Marketing Add-on,Back-to-School,Website,Samer Khalil,2023-11-06,2024-05-05,181.0,100.0,3,6,1,8.1,10.0,5365.06,True
CUST12336,Amman,Corporate,Retail,Instagram,Won,True,Active,CRM Enterprise,Referral Program,Meeting,Dana Nasser,2025-07-04,2025-08-06,33.0,100.0,5,8,5,6.7,7.3,7431.56,True
CUST12337,Amman,Small Business,Retail,Instagram,Won,True,Active,Analytics Add-on,Back-to-School,WhatsApp,Yara Odeh,2024-05-13,2024-07-23,71.0,76.0,1,10,5,8.3,6.7,632.55,True
CUST12338,Unknown,Consumer,Healthcare,Trade Show,New Lead,False,Active,CRM Professional,Spring Campaign,Social Media,Samer Khalil,2025-05-08,2025-07-03,56.0,79.0,5,9,3,13.8,6.2,0.0,False
CUST12339,Salt,Corporate,Education,Website,Won,True,Active,CRM Professional,Spring Campaign,Email,Lina Haddad,2024-01-06,2024-04-20,105.0,94.0,3,5,3,19.3,6.2,3302.34,True
CUST12340,Salt,Corporate,Technology,Cold Call,New Lead,False,Active,CRM Professional,No Campaign,Website,Ahmad Saleh,2023-08-30,2024-03-17,200.0,21.0,6,8,2,6.9,3.3,0.0,False
CUST12341,Aqaba,Small Business,Healthcare,Cold Call,New Lead,False,Prospect,CRM Professional,Referral Program,Email,Dana Nasser,2023-04-27,2023-08-06,101.0,16.0,3,4,7,10.2,8.0,0.0,False
CUST12342,Irbid,Consumer,Manufacturing,Google Ads,Lost,False,Active,CRM Enterprise,Q1 Acquisition,WhatsApp,Ahmad Saleh,2025-09-12,2025-12-31,110.0,16.0,3,13,3,11.2,7.7,0.0,False
CUST12343,Irbid,Consumer,Retail,Email Campaign,Won,True,Inactive,CRM Professional,Unknown,Email,Dana Nasser,2023-12-08,2024-10-10,307.0,81.0,6,4,3,8.3,6.8,361.08,True
CUST12344,Salt,Small Business,Hospitality,Google Ads,Proposal,False,Active,Analytics Add-on,Q1 Acquisition,Phone,Dana Nasser,2024-06-08,2024-08-21,74.0,34.0,3,8,4,22.1,7.7,142.1,True
CUST12345,Salt,Corporate,Technology,Website,Won,True,Active,Marketing Add-on,Year-End Campaign,Meeting,Samer Khalil,2025-03-04,2025-08-22,171.0,100.0,6,8,5,4.0,10.0,1244.66,True
CUST12346,Salt,Consumer,Construction,Website,Lost,False,Prospect,CRM Professional,Year-End Campaign,Phone,Ahmad Saleh,2024-05-11,2024-10-01,143.0,90.0,7,10,9,12.0,9.4,0.0,False
CUST12347,Amman,Small Business,Education,Trade Show,Proposal,False,Active,CRM Basic,Q1 Acquisition,Social Media,Yara Odeh,2024-09-21,2025-03-06,166.0,35.0,6,7,4,16.9,8.1,105.34,True
CUST12348,Amman,Consumer,Finance,LinkedIn,Proposal,False,Prospect,Marketing Add-on,Summer Campaign,Email,Lina Haddad,2024-01-10,,,72.0,2,5,6,17.5,6.8,25.56,True
CUST12349,Zarqa,Corporate,Construction,Instagram,Negotiation,False,Prospect,CRM Enterprise,Referral Program,Email,Ahmad Saleh,2024-06-11,2025-01-18,221.0,34.0,6,7,4,4.3,6.2,2526.31,True
CUST12350,Aqaba,Small Business,Retail,Email Campaign,Contacted,False,Active,CRM Enterprise,Summer Campaign,Social Media,Dana Nasser,2025-06-26,2025-09-17,83.0,64.0,5,7,5,13.1,7.8,0.0,False
CUST12351,Karak,Consumer,Retail,Trade Show,Contacted,False,Active,CRM Enterprise,Back-to-School,Social Media,Lina Haddad,2023-03-03,2023-09-01,182.0,69.0,3,10,1,3.9,6.0,0.0,False
CUST12352,Amman,Small Business,Retail,LinkedIn,Negotiation,False,Inactive,CRM Basic,Referral Program,Meeting,Samer Khalil,2025-03-31,2025-12-31,275.0,73.0,7,6,3,24.0,8.9,113.94,True
CUST12353,Zarqa,Consumer,Retail,Trade Show,Qualified,False,Prospect,CRM Basic,Q1 Acquisition,Website,Lina Haddad,2024-09-19,2024-09-29,10.0,66.0,4,5,3,16.1,6.8,0.0,False
CUST12354,Irbid,Consumer,Technology,Referral,New Lead,False,Active,CRM Basic,No Campaign,Email,Lina Haddad,2025-06-29,2025-07-03,4.0,27.0,7,8,5,4.1,7.9,0.0,False
CUST12355,Irbid,Corporate,Education,Cold Call,Contacted,False,Active,CRM Basic,Q1 Acquisition,WhatsApp,Ahmad Saleh,2024-12-06,2025-11-22,351.0,51.0,7,7,0,1.6,6.5,0.0,False
CUST12356,Zarqa,Consumer,Construction,Unknown,Qualified,False,Active,CRM Professional,Spring Campaign,WhatsApp,Dana Nasser,2024-09-13,2025-08-15,336.0,74.0,6,6,6,3.0,5.7,0.0,False
CUST12357,Karak,Consumer,Healthcare,Instagram,Lost,False,Active,CRM Basic,Referral Program,WhatsApp,Dana Nasser,2025-01-06,2025-10-25,292.0,41.0,2,11,2,6.2,6.0,0.0,False
CUST12358,Karak,Consumer,Technology,Instagram,Negotiation,False,Prospect,Analytics Add-on,No Campaign,Social Media,Dana Nasser,2025-04-16,2025-12-31,259.0,97.0,5,3,6,25.2,5.4,87.45,True
CUST12359,Karak,Consumer,Education,Google Ads,Proposal,False,Active,CRM Professional,Referral Program,Social Media,Omar Mansour,2025-07-13,2025-12-31,171.0,53.0,5,8,4,5.0,7.0,28.93,True
CUST12360,Amman,Consumer,Construction,Email Campaign,Lost,False,Active,CRM Professional,Spring Campaign,Social Media,Samer Khalil,2023-09-08,2023-12-15,98.0,39.0,6,6,4,9.0,7.8,0.0,False
CUST12361,Zarqa,Consumer,Healthcare,Trade Show,Won,True,Active,CRM Basic,No Campaign,WhatsApp,Ahmad Saleh,2023-05-08,2023-08-17,101.0,39.0,6,4,8,14.5,4.6,102.45,True
CUST12362,Karak,Small Business,Retail,Trade Show,Qualified,False,Active,CRM Enterprise,Summer Campaign,Website,Dana Nasser,2025-01-30,,,100.0,9,9,2,9.3,6.3,0.0,False
CUST12363,Salt,Consumer,Education,Google Ads,Won,True,Active,CRM Basic,Summer Campaign,Meeting,Lina Haddad,2024-09-23,2024-11-23,61.0,40.0,4,8,10,11.4,8.2,74.93,True
CUST12364,Karak,Corporate,Retail,Website,Qualified,False,Active,CRM Enterprise,No Campaign,Phone,Omar Mansour,2025-11-28,2025-12-31,33.0,82.0,1,11,4,12.9,8.8,0.0,False
CUST12365,Unknown,Consumer,Hospitality,Email Campaign,Contacted,False,Active,Analytics Add-on,Q1 Acquisition,Email,Samer Khalil,2024-05-14,2024-10-07,146.0,59.0,4,9,2,18.4,8.7,0.0,False
CUST12366,Salt,Consumer,Education,LinkedIn,Contacted,False,Active,CRM Professional,Year-End Campaign,Phone,Dana Nasser,2023-10-09,2023-12-11,63.0,50.0,6,6,6,4.9,9.4,0.0,False
CUST12367,Jerash,Consumer,Manufacturing,LinkedIn,Negotiation,False,Active,CRM Basic,No Campaign,Email,Omar Mansour,2024-04-16,2024-08-15,121.0,55.0,8,8,2,8.4,5.7,38.03,True
CUST12368,Salt,Corporate,Finance,Instagram,Qualified,False,Active,Analytics Add-on,Q1 Acquisition,Social Media,Samer Khalil,2023-10-31,2024-06-13,226.0,51.0,5,8,6,16.6,10.0,0.0,False
CUST12369,Jerash,Small Business,Retail,Trade Show,Proposal,False,Prospect,CRM Professional,Back-to-School,WhatsApp,Yara Odeh,2024-05-20,2024-09-02,105.0,59.0,5,4,5,23.0,6.7,129.04,True
CUST12370,Karak,Corporate,Retail,Facebook,Negotiation,False,Prospect,CRM Basic,Q1 Acquisition,Phone,Yara Odeh,2024-11-17,2025-08-04,260.0,63.0,9,9,4,11.8,8.9,647.97,True
CUST12371,Amman,Consumer,Retail,Website,New Lead,False,Active,CRM Professional,Unknown,Social Media,Lina Haddad,2025-05-18,2025-12-31,227.0,1.0,3,4,4,7.3,7.4,0.0,False
CUST12372,Salt,Corporate,Manufacturing,Instagram,New Lead,False,Active,Marketing Add-on,Year-End Campaign,Email,Omar Mansour,2025-06-27,2025-12-31,187.0,52.0,7,8,5,12.6,8.0,0.0,False
CUST12373,Zarqa,Consumer,Technology,LinkedIn,Proposal,False,Prospect,CRM Professional,Spring Campaign,Meeting,Ahmad Saleh,2023-01-27,2023-08-22,207.0,80.0,7,9,4,6.8,9.1,56.7,True
CUST12374,Irbid,Consumer,Healthcare,LinkedIn,Contacted,False,Active,Marketing Add-on,Summer Campaign,Meeting,Samer Khalil,2023-11-02,2023-11-30,28.0,43.0,2,2,3,19.9,8.6,0.0,False
CUST12375,Salt,Small Business,Retail,Email Campaign,Proposal,False,Prospect,CRM Basic,Back-to-School,Phone,Omar Mansour,2023-02-24,2023-08-13,170.0,66.0,5,9,4,4.9,8.5,44.97,True
CUST12376,Aqaba,Consumer,Retail,Website,Proposal,False,Prospect,CRM Basic,Unknown,Phone,Omar Mansour,2023-04-11,2024-03-12,336.0,79.0,6,11,3,11.8,10.0,20.5,True
CUST12377,Irbid,Enterprise,Construction,Website,Proposal,False,Active,CRM Enterprise,Back-to-School,Phone,Samer Khalil,2024-08-15,2024-10-30,76.0,39.0,3,11,4,8.5,9.6,2342.22,True
CUST12378,Salt,Consumer,Construction,Facebook,Contacted,False,Active,CRM Basic,Spring Campaign,Phone,Omar Mansour,2024-01-18,2024-05-13,116.0,18.0,6,5,2,5.6,6.5,0.0,False
CUST12379,Salt,Enterprise,Technology,LinkedIn,Proposal,False,Active,CRM Professional,Referral Program,Phone,Omar Mansour,2025-02-25,,,67.0,7,11,4,3.0,7.6,514.67,True
CUST12380,Aqaba,Small Business,Technology,Cold Call,Won,True,Active,CRM Basic,Q1 Acquisition,Social Media,Samer Khalil,2023-01-17,2024-01-06,354.0,73.0,5,9,5,5.9,9.0,423.72,True
CUST12381,Irbid,Small Business,Finance,Email Campaign,Lost,False,Prospect,CRM Professional,Referral Program,Email,Lina Haddad,2025-05-29,2025-12-31,216.0,36.0,4,8,3,13.1,7.9,0.0,False
CUST12382,Salt,Consumer,Education,Trade Show,Won,True,Prospect,CRM Professional,Summer Campaign,Email,Yara Odeh,2024-03-13,2024-03-14,1.0,92.0,3,9,5,11.5,7.4,243.26,True
CUST12383,Karak,Consumer,Retail,Cold Call,Proposal,False,Active,CRM Enterprise,Year-End Campaign,Website,Ahmad Saleh,2025-11-12,2025-12-31,49.0,59.0,3,12,3,16.0,7.0,161.0,True
CUST12384,Jerash,Enterprise,Education,Referral,Contacted,False,Active,CRM Enterprise,Summer Campaign,WhatsApp,Samer Khalil,2024-07-23,2025-07-10,352.0,59.0,2,4,2,11.9,4.2,0.0,False
CUST12385,Amman,Consumer,Hospitality,Email Campaign,Negotiation,False,Active,Marketing Add-on,Year-End Campaign,Meeting,Dana Nasser,2023-04-07,2023-11-11,218.0,100.0,3,7,2,11.6,8.0,131.2,True
CUST12386,Amman,Small Business,Technology,Trade Show,Lost,False,Active,CRM Enterprise,No Campaign,Phone,Omar Mansour,2023-08-01,2024-04-30,273.0,87.0,3,10,4,5.3,8.6,0.0,False
CUST12387,Salt,Enterprise,Technology,Website,Contacted,False,Inactive,CRM Enterprise,Unknown,Meeting,Ahmad Saleh,2025-02-26,2025-11-04,251.0,67.0,4,8,5,7.0,7.3,0.0,False
CUST12388,Unknown,Consumer,Finance,Trade Show,Contacted,False,Prospect,CRM Enterprise,Year-End Campaign,Email,Ahmad Saleh,2023-07-31,2024-07-12,347.0,2.0,4,9,2,11.8,6.9,0.0,False
CUST12389,Madaba,Small Business,Healthcare,Email Campaign,New Lead,False,Active,Marketing Add-on,Referral Program,WhatsApp,Samer Khalil,2024-01-10,2024-12-19,344.0,53.0,8,10,3,4.9,5.6,0.0,False
CUST12390,Aqaba,Small Business,Manufacturing,LinkedIn,Negotiation,False,Active,CRM Professional,Back-to-School,WhatsApp,Dana Nasser,2025-03-11,2025-09-01,174.0,100.0,4,6,4,27.1,7.9,342.8,True
CUST12391,Aqaba,Consumer,Manufacturing,Referral,Qualified,False,Active,CRM Professional,Spring Campaign,Social Media,Dana Nasser,2025-01-12,2025-07-01,170.0,65.0,7,8,5,11.4,7.4,0.0,False
CUST12392,Karak,Consumer,Manufacturing,Website,New Lead,False,Active,CRM Enterprise,No Campaign,Phone,Lina Haddad,2025-10-12,2025-12-31,80.0,27.0,5,6,1,2.1,7.1,0.0,False
CUST12393,Karak,Consumer,Technology,Cold Call,Won,True,Active,CRM Basic,Year-End Campaign,Website,Dana Nasser,2024-12-17,2025-03-17,90.0,72.0,3,8,3,25.4,8.5,131.72,True
CUST12394,Zarqa,Consumer,Retail,Google Ads,Proposal,False,Active,Marketing Add-on,Summer Campaign,WhatsApp,Yara Odeh,2025-05-07,2025-06-25,49.0,92.0,4,7,5,14.2,9.3,36.28,True
CUST12395,Zarqa,Corporate,Construction,Referral,Contacted,False,Active,CRM Professional,Spring Campaign,Social Media,Samer Khalil,2024-08-25,2025-06-15,294.0,39.0,9,10,6,15.7,7.5,0.0,False
CUST12396,Zarqa,Consumer,Finance,Facebook,Qualified,False,Inactive,CRM Professional,Back-to-School,Phone,Ahmad Saleh,2023-03-13,2023-08-10,150.0,41.0,5,12,4,10.5,9.1,0.0,False
CUST12397,Jerash,Enterprise,Healthcare,Google Ads,Contacted,False,Active,Analytics Add-on,Spring Campaign,Email,Ahmad Saleh,2025-12-30,2025-12-31,1.0,37.0,10,8,8,4.0,8.2,0.0,False
CUST12398,Karak,Consumer,Hospitality,Cold Call,Qualified,False,Active,CRM Professional,No Campaign,Website,Dana Nasser,2025-02-03,2025-04-03,59.0,61.0,6,9,5,7.2,6.2,0.0,False
CUST12399,Salt,Small Business,Manufacturing,Trade Show,Contacted,False,Prospect,Marketing Add-on,Referral Program,Phone,Omar Mansour,2023-12-29,2024-11-17,324.0,46.0,7,12,4,9.3,8.4,0.0,False
CUST12400,Salt,Small Business,Finance,LinkedIn,Proposal,False,Prospect,Marketing Add-on,Summer Campaign,Social Media,Yara Odeh,2025-12-05,2025-12-31,26.0,35.0,2,10,2,3.5,7.4,40.6,True
CUST12401,Irbid,Consumer,Construction,Trade Show,Won,True,Active,CRM Enterprise,Q1 Acquisition,Meeting,Lina Haddad,2023-08-20,2024-03-22,215.0,71.0,4,8,5,1.1,7.7,1011.13,True
CUST12402,Salt,Consumer,Construction,LinkedIn,Negotiation,False,Active,CRM Basic,Q1 Acquisition,Social Media,Dana Nasser,2023-07-24,2023-09-11,49.0,100.0,2,9,7,35.9,10.0,96.54,True
CUST12403,Aqaba,Corporate,Technology,Instagram,Contacted,False,Prospect,CRM Basic,Summer Campaign,Social Media,Yara Odeh,2024-04-13,,,54.0,4,5,4,,9.5,0.0,False
CUST12404,Zarqa,Corporate,Manufacturing,Instagram,Proposal,False,Active,CRM Professional,Q1 Acquisition,Social Media,Samer Khalil,2024-02-12,2024-10-16,247.0,79.0,4,8,5,2.9,5.7,366.25,True
CUST12405,Aqaba,Consumer,Healthcare,Facebook,Won,True,Active,Analytics Add-on,No Campaign,Social Media,Lina Haddad,2024-05-19,2025-01-13,239.0,52.0,3,9,3,16.6,8.3,126.71,True
CUST12406,Irbid,Consumer,Hospitality,Instagram,New Lead,False,Active,CRM Basic,Back-to-School,Website,Yara Odeh,2023-03-15,,,53.0,0,10,4,15.6,6.1,0.0,False
CUST12407,Amman,Consumer,Education,Google Ads,New Lead,False,Active,CRM Basic,Summer Campaign,WhatsApp,Dana Nasser,2024-11-21,2025-01-08,48.0,70.0,2,8,4,18.1,5.9,0.0,False
CUST12408,Irbid,Consumer,Construction,Google Ads,Proposal,False,Active,CRM Basic,Spring Campaign,WhatsApp,Lina Haddad,2025-12-03,2025-12-31,28.0,73.0,10,6,4,18.1,4.5,12.97,True
CUST12409,Irbid,Small Business,Construction,Facebook,Proposal,False,Active,CRM Professional,No Campaign,Email,Omar Mansour,2023-04-13,2024-02-06,299.0,43.0,4,11,4,20.7,8.2,108.59,True
CUST12410,Salt,Corporate,Hospitality,Facebook,Contacted,False,Inactive,Marketing Add-on,Referral Program,WhatsApp,Samer Khalil,2025-05-20,2025-08-26,98.0,63.0,4,13,6,17.2,10.0,0.0,False
CUST12411,Zarqa,Consumer,Construction,Facebook,Negotiation,False,Prospect,CRM Basic,Summer Campaign,Social Media,Dana Nasser,2023-08-01,2024-03-04,216.0,89.0,5,8,2,12.3,5.3,29.41,True
CUST12412,Salt,Enterprise,Healthcare,Cold Call,Proposal,False,Prospect,CRM Basic,Spring Campaign,WhatsApp,Ahmad Saleh,2025-09-12,2025-12-31,110.0,53.0,9,3,7,3.2,7.4,482.8,True
CUST12413,Jerash,Consumer,Hospitality,Email Campaign,Lost,False,Active,CRM Enterprise,No Campaign,Meeting,Samer Khalil,2023-10-04,2023-12-23,80.0,66.0,4,8,5,7.2,6.6,0.0,False
CUST12414,Salt,Small Business,Retail,Website,Contacted,False,Active,Analytics Add-on,Summer Campaign,Meeting,Omar Mansour,2023-10-11,2024-04-13,185.0,59.0,3,6,6,27.1,7.4,0.0,False
CUST12415,Irbid,Consumer,Manufacturing,Facebook,Negotiation,False,Inactive,Analytics Add-on,Referral Program,WhatsApp,Yara Odeh,2024-06-23,2024-07-20,27.0,33.0,10,11,5,3.0,9.4,60.22,True
CUST12416,Jerash,Consumer,Manufacturing,Website,New Lead,False,Active,Analytics Add-on,Back-to-School,Social Media,Omar Mansour,2024-07-30,2025-02-10,195.0,28.0,10,5,4,25.0,6.2,0.0,False
CUST12417,Irbid,Consumer,Education,Cold Call,Proposal,False,Active,CRM Basic,Referral Program,Website,Ahmad Saleh,2024-09-02,2025-04-04,214.0,60.0,3,8,7,8.8,,17.6,True
CUST12418,Karak,Consumer,Hospitality,Email Campaign,Proposal,False,Active,CRM Professional,Back-to-School,Social Media,Samer Khalil,2023-12-21,2024-11-27,342.0,66.0,7,11,4,,7.9,69.08,True
CUST12419,Karak,Corporate,Education,Facebook,Qualified,False,Active,Marketing Add-on,No Campaign,WhatsApp,Dana Nasser,2024-06-05,2024-09-27,114.0,60.0,4,16,3,2.7,8.9,0.0,False
CUST12420,Karak,Corporate,Hospitality,Facebook,Won,True,Active,Marketing Add-on,Referral Program,WhatsApp,Ahmad Saleh,2024-01-27,2024-09-25,242.0,96.0,2,6,4,4.1,6.1,1946.67,True
CUST12421,Aqaba,Consumer,Manufacturing,Facebook,New Lead,False,Active,CRM Enterprise,Spring Campaign,Email,Dana Nasser,2024-10-02,2025-02-03,124.0,56.0,4,8,3,15.2,9.7,0.0,False
CUST12422,Irbid,Corporate,Retail,Google Ads,Proposal,False,Prospect,CRM Enterprise,Back-to-School,Social Media,Lina Haddad,2025-01-17,2025-11-18,305.0,99.0,11,9,2,1.6,9.5,1145.49,True
CUST12423,Zarqa,Consumer,Construction,Cold Call,Contacted,False,Active,Marketing Add-on,Q1 Acquisition,Email,Dana Nasser,2025-10-22,2025-12-31,70.0,57.0,4,10,6,,7.7,0.0,False
CUST12424,Karak,Corporate,Hospitality,Website,Negotiation,False,Prospect,CRM Professional,No Campaign,Email,Lina Haddad,2025-01-08,2025-11-15,311.0,100.0,5,4,6,4.7,8.4,667.32,True
CUST12425,Jerash,Consumer,Education,LinkedIn,New Lead,False,Prospect,CRM Basic,Q1 Acquisition,Phone,Dana Nasser,2024-08-23,2025-07-01,312.0,59.0,3,6,6,12.9,7.0,0.0,False
CUST12426,Salt,Consumer,Technology,LinkedIn,Won,True,Active,CRM Enterprise,Q1 Acquisition,Meeting,Lina Haddad,2025-08-17,2025-12-31,136.0,100.0,5,7,2,14.4,6.7,828.54,True
CUST12427,Salt,Consumer,Construction,Cold Call,Won,True,Inactive,Marketing Add-on,Back-to-School,Email,Samer Khalil,2024-07-02,2025-06-18,351.0,100.0,7,12,7,7.0,6.2,154.86,True
CUST12428,Jerash,Small Business,Manufacturing,Facebook,Won,True,Inactive,CRM Enterprise,Year-End Campaign,Meeting,Omar Mansour,2024-05-07,2024-06-20,44.0,73.0,0,10,4,2.8,6.6,1604.1,True
CUST12429,Karak,Small Business,Healthcare,LinkedIn,New Lead,False,Active,Analytics Add-on,Spring Campaign,WhatsApp,Samer Khalil,2024-03-13,2024-09-15,186.0,38.0,5,7,3,17.4,8.0,0.0,False
CUST12430,Amman,Consumer,Healthcare,Website,Proposal,False,Active,CRM Professional,Year-End Campaign,WhatsApp,Ahmad Saleh,2024-09-18,2025-08-27,343.0,25.0,9,2,4,4.5,7.0,46.63,True
CUST12431,Salt,Consumer,Construction,LinkedIn,New Lead,False,Active,CRM Basic,No Campaign,Phone,Samer Khalil,2024-09-04,2025-05-08,246.0,62.0,3,9,5,9.0,8.6,0.0,False
CUST12432,Zarqa,Consumer,Retail,Website,Won,True,Inactive,CRM Basic,Year-End Campaign,Phone,Samer Khalil,2025-08-12,2025-11-04,84.0,100.0,2,4,6,6.5,8.5,154.51,True
CUST12433,Madaba,Small Business,Technology,Facebook,Negotiation,False,Active,Marketing Add-on,Back-to-School,Social Media,Omar Mansour,2024-03-27,2024-10-20,207.0,76.0,6,12,5,20.9,7.2,153.19,True
CUST12434,Jerash,Small Business,Education,Facebook,Proposal,False,Active,CRM Professional,Q1 Acquisition,Phone,Yara Odeh,2024-05-02,2024-09-30,151.0,83.0,5,11,6,14.3,8.1,257.38,True
CUST12435,Zarqa,Consumer,Hospitality,Instagram,Negotiation,False,Active,CRM Basic,Spring Campaign,Website,Samer Khalil,2025-09-03,2025-12-31,119.0,94.0,4,6,2,5.6,10.0,64.47,True
CUST12436,Jerash,Consumer,Manufacturing,Google Ads,New Lead,False,Active,Marketing Add-on,Back-to-School,WhatsApp,Ahmad Saleh,2024-05-26,2024-06-11,16.0,40.0,4,7,3,4.7,7.1,0.0,False
CUST12437,Zarqa,Corporate,Healthcare,Email Campaign,Proposal,False,Active,CRM Professional,Back-to-School,WhatsApp,Samer Khalil,2024-08-24,2025-02-05,165.0,76.0,4,9,5,14.8,6.9,228.16,True
CUST12438,Aqaba,Consumer,Healthcare,Email Campaign,Contacted,False,Active,Analytics Add-on,Back-to-School,Meeting,Samer Khalil,2023-04-20,2023-09-12,145.0,50.0,4,13,0,18.8,10.0,0.0,False
CUST12439,Jerash,Consumer,Healthcare,Trade Show,Lost,False,Prospect,CRM Professional,Back-to-School,Phone,Samer Khalil,2023-07-21,2023-08-27,37.0,43.0,5,6,3,4.9,6.2,0.0,False
CUST12440,Irbid,Consumer,Healthcare,Google Ads,Won,True,Inactive,CRM Basic,Summer Campaign,Meeting,Samer Khalil,2024-06-30,2025-05-29,333.0,66.0,6,7,3,7.9,8.1,91.69,True
CUST12441,Karak,Consumer,Finance,Facebook,Negotiation,False,Inactive,CRM Enterprise,Referral Program,Phone,Omar Mansour,2024-08-25,2024-10-09,45.0,45.0,3,8,5,21.9,8.4,450.98,True
CUST12442,Jerash,Small Business,Retail,Email Campaign,Lost,False,Active,Marketing Add-on,Unknown,WhatsApp,Omar Mansour,2025-12-19,2025-12-31,12.0,19.0,5,8,9,3.7,7.2,0.0,False
CUST12443,Zarqa,Small Business,Unknown,Website,Qualified,False,Inactive,CRM Basic,No Campaign,Phone,Ahmad Saleh,2023-08-02,2023-10-03,62.0,59.0,2,2,5,14.1,7.6,0.0,False
CUST12444,Aqaba,Consumer,Manufacturing,Trade Show,Won,True,Active,Analytics Add-on,Spring Campaign,Social Media,Yara Odeh,2023-12-21,2024-12-11,356.0,58.0,7,14,3,13.4,6.7,207.87,True
CUST12445,Amman,Corporate,Manufacturing,LinkedIn,Contacted,False,Active,CRM Basic,Summer Campaign,Phone,Ahmad Saleh,2024-07-18,2025-05-22,308.0,31.0,6,9,3,9.0,8.3,0.0,False
CUST12446,Aqaba,Consumer,Manufacturing,LinkedIn,Negotiation,False,Prospect,CRM Professional,Spring Campaign,Phone,Ahmad Saleh,2025-10-05,2025-10-24,19.0,57.0,2,9,5,,7.8,98.57,True
CUST12447,Aqaba,Corporate,Education,Trade Show,Negotiation,False,Active,CRM Professional,Year-End Campaign,Social Media,Yara Odeh,2023-04-16,2024-02-10,300.0,67.0,6,4,5,13.4,9.6,398.38,True
CUST12448,Salt,Small Business,Retail,Instagram,New Lead,False,Active,Marketing Add-on,Back-to-School,Social Media,Samer Khalil,2024-07-19,2024-07-26,7.0,63.0,3,12,4,11.3,8.5,0.0,False
CUST12449,Irbid,Small Business,Construction,Referral,Qualified,False,Active,CRM Professional,Summer Campaign,Social Media,Yara Odeh,2025-08-07,2025-12-31,146.0,17.0,4,2,4,19.1,8.2,0.0,False
CUST12450,Irbid,Consumer,Construction,Website,New Lead,False,Active,CRM Professional,Back-to-School,Meeting,Dana Nasser,2025-03-05,2025-06-30,117.0,41.0,11,17,8,10.1,7.1,0.0,False
CUST12451,Irbid,Consumer,Technology,Email Campaign,Lost,False,Inactive,Analytics Add-on,Back-to-School,WhatsApp,Samer Khalil,2025-02-26,2025-05-05,68.0,27.0,4,7,5,11.0,8.1,0.0,False
CUST12452,Madaba,Consumer,Hospitality,Instagram,New Lead,False,Active,CRM Basic,No Campaign,Phone,Dana Nasser,2025-04-10,2025-05-14,34.0,39.0,6,12,9,2.1,8.8,0.0,False
CUST12453,Karak,Small Business,Construction,Website,Proposal,False,Prospect,CRM Basic,Q1 Acquisition,Social Media,Ahmad Saleh,2025-11-14,2025-12-31,47.0,55.0,3,4,7,16.4,7.9,69.01,True
CUST12454,Aqaba,Consumer,Hospitality,Email Campaign,Won,True,Active,CRM Basic,Referral Program,Social Media,Samer Khalil,2025-04-18,,,76.0,2,7,4,4.5,8.0,162.6,True
CUST12455,Aqaba,Enterprise,Retail,Facebook,Contacted,False,Active,CRM Enterprise,Year-End Campaign,WhatsApp,Yara Odeh,2023-01-31,2023-03-27,55.0,19.0,6,4,8,15.8,5.1,0.0,False
CUST12456,Jerash,Enterprise,Healthcare,Google Ads,Qualified,False,Active,CRM Professional,Summer Campaign,Website,Yara Odeh,2025-03-07,2025-11-28,266.0,68.0,10,8,6,3.3,6.9,0.0,False
CUST12457,Amman,Small Business,Hospitality,Facebook,Proposal,False,Active,Analytics Add-on,No Campaign,Phone,Yara Odeh,2023-08-04,2023-09-15,42.0,68.0,3,2,6,11.5,7.5,127.61,True
CUST12458,Karak,Enterprise,Healthcare,LinkedIn,Contacted,False,Prospect,CRM Professional,Spring Campaign,Website,Yara Odeh,2025-08-26,2025-12-31,127.0,53.0,4,9,2,7.8,7.7,0.0,False
CUST12459,Zarqa,Consumer,Retail,Instagram,Won,True,Active,CRM Basic,Summer Campaign,Website,Ahmad Saleh,2023-04-20,2023-12-07,231.0,99.0,4,13,6,15.3,6.2,159.38,True
CUST12460,Jerash,Consumer,Retail,Trade Show,Contacted,False,Active,Analytics Add-on,Summer Campaign,Social Media,Omar Mansour,2025-11-05,2025-11-15,10.0,,0,15,4,6.2,7.5,0.0,False
CUST12461,Amman,Consumer,Education,Facebook,Contacted,False,Prospect,CRM Professional,Year-End Campaign,Meeting,Ahmad Saleh,2024-08-28,2025-08-21,358.0,28.0,4,9,1,23.5,4.9,0.0,False
CUST12462,Salt,Small Business,Education,Instagram,Proposal,False,Active,Marketing Add-on,No Campaign,WhatsApp,Samer Khalil,2025-07-13,2025-11-18,128.0,100.0,10,8,2,10.9,,101.16,True
CUST12463,Jerash,Consumer,Finance,Cold Call,Qualified,False,Active,CRM Basic,Year-End Campaign,Phone,Omar Mansour,2023-12-28,2024-06-24,179.0,71.0,7,9,7,7.8,7.4,0.0,False
CUST12464,Aqaba,Enterprise,Manufacturing,Unknown,Lost,False,Active,CRM Basic,No Campaign,Phone,Yara Odeh,2023-02-14,2023-08-26,193.0,7.0,6,9,2,14.4,9.4,0.0,False
CUST12465,Karak,Consumer,Finance,Email Campaign,Won,True,Active,CRM Professional,No Campaign,Phone,Omar Mansour,2025-10-07,2025-12-31,85.0,76.0,6,7,3,21.7,8.7,259.78,True
CUST12466,Jerash,Consumer,Manufacturing,Instagram,Qualified,False,Active,CRM Basic,Back-to-School,Meeting,Dana Nasser,2025-08-26,2025-12-31,127.0,81.0,8,13,3,8.6,6.5,0.0,False
CUST12467,Salt,Corporate,Healthcare,Website,Qualified,False,Active,CRM Basic,Back-to-School,Website,Lina Haddad,2025-02-25,2025-05-14,78.0,100.0,6,11,2,14.4,6.3,0.0,False
CUST12468,Karak,Consumer,Finance,Email Campaign,Contacted,False,Prospect,CRM Professional,Spring Campaign,Email,Omar Mansour,2025-12-26,2025-12-31,5.0,81.0,3,9,3,,8.1,0.0,False
CUST12469,Salt,Consumer,Finance,LinkedIn,Contacted,False,Active,CRM Basic,Year-End Campaign,WhatsApp,Lina Haddad,2025-05-14,2025-06-13,30.0,41.0,3,7,6,,10.0,0.0,False
CUST12470,Karak,Small Business,Technology,Facebook,Proposal,False,Prospect,CRM Basic,Q1 Acquisition,Email,Ahmad Saleh,2023-07-07,2024-02-05,213.0,64.0,2,5,2,5.4,9.0,37.32,True
CUST12471,Amman,Consumer,Retail,Cold Call,Won,True,Active,CRM Professional,Year-End Campaign,Website,Ahmad Saleh,2025-07-19,2025-09-06,49.0,44.0,3,9,8,2.4,7.6,216.39,True
CUST12472,Madaba,Consumer,Education,Referral,Contacted,False,Active,CRM Professional,No Campaign,Social Media,Omar Mansour,2025-04-29,,,52.0,5,7,3,7.7,6.6,0.0,False
CUST12473,Salt,Consumer,Finance,Email Campaign,Contacted,False,Inactive,CRM Professional,Referral Program,Email,Dana Nasser,2024-02-09,2024-07-03,145.0,54.0,7,9,6,2.1,9.2,0.0,False
CUST12474,Aqaba,Small Business,Education,Email Campaign,Qualified,False,Prospect,CRM Basic,Year-End Campaign,Email,Ahmad Saleh,2025-06-05,2025-08-13,69.0,78.0,7,5,9,4.9,6.1,0.0,False
CUST12475,Amman,Enterprise,Manufacturing,Trade Show,New Lead,False,Active,CRM Professional,No Campaign,WhatsApp,Lina Haddad,2024-02-22,2024-04-20,58.0,1.0,4,18,4,8.6,9.7,0.0,False
CUST12476,Irbid,Corporate,Unknown,Facebook,Negotiation,False,Active,CRM Enterprise,Referral Program,Website,Omar Mansour,2023-10-09,2024-04-11,185.0,55.0,0,6,3,10.2,6.7,1289.18,True
CUST12477,Madaba,Consumer,Manufacturing,Email Campaign,Qualified,False,Inactive,CRM Enterprise,Back-to-School,WhatsApp,Omar Mansour,2023-05-02,2023-07-03,62.0,55.0,3,10,6,19.3,7.9,0.0,False
CUST12478,Irbid,Consumer,Construction,Trade Show,Qualified,False,Prospect,CRM Professional,Back-to-School,Social Media,Dana Nasser,2023-05-25,2024-03-28,308.0,78.0,7,15,2,29.4,8.6,0.0,False
CUST12479,Aqaba,Consumer,Construction,LinkedIn,Contacted,False,Prospect,CRM Basic,Q1 Acquisition,Meeting,Omar Mansour,2023-09-23,2024-07-15,296.0,42.0,7,11,4,10.5,6.6,0.0,False
CUST12480,Aqaba,Enterprise,Finance,Email Campaign,Won,True,Inactive,CRM Professional,Back-to-School,Meeting,Samer Khalil,2023-02-01,2023-07-17,166.0,100.0,4,7,3,0.6,6.5,5403.28,True
CUST12481,Karak,Consumer,Construction,Cold Call,New Lead,False,Active,Marketing Add-on,Back-to-School,Meeting,Lina Haddad,2023-01-06,2023-06-26,171.0,18.0,6,8,2,1.2,6.6,0.0,False
CUST12482,Zarqa,Consumer,Hospitality,Website,Won,True,Active,CRM Professional,Back-to-School,Phone,Yara Odeh,2024-11-22,2025-01-24,63.0,70.0,5,10,1,9.3,9.6,282.49,True
CUST12483,Aqaba,Corporate,Healthcare,Referral,Qualified,False,Prospect,CRM Basic,Referral Program,Meeting,Samer Khalil,2023-08-21,2024-01-15,147.0,38.0,1,12,1,14.1,6.2,0.0,False
CUST12484,Jerash,Enterprise,Technology,LinkedIn,Won,True,Active,CRM Basic,Spring Campaign,Meeting,Samer Khalil,2023-12-23,2024-10-24,306.0,76.0,5,11,4,8.9,7.0,1695.9,True
CUST12485,Amman,Consumer,Unknown,Facebook,Negotiation,False,Active,Marketing Add-on,Referral Program,Website,Lina Haddad,2023-06-02,2023-11-10,161.0,82.0,5,6,1,,6.3,36.35,True
CUST12486,Jerash,Consumer,Retail,Facebook,New Lead,False,Prospect,CRM Enterprise,Referral Program,Meeting,Omar Mansour,2024-09-19,2025-02-07,141.0,44.0,4,8,5,5.7,8.3,0.0,False
CUST12487,Aqaba,Consumer,Retail,Facebook,Won,True,Active,CRM Professional,No Campaign,Meeting,Omar Mansour,2024-08-29,2025-07-29,334.0,63.0,10,9,6,3.2,6.0,313.22,True
CUST12488,Irbid,Consumer,Healthcare,Cold Call,Negotiation,False,Inactive,CRM Professional,Summer Campaign,Social Media,Samer Khalil,2023-06-04,2023-09-09,97.0,97.0,4,8,3,13.5,6.0,138.87,True
CUST12489,Irbid,Small Business,Construction,LinkedIn,New Lead,False,Inactive,Marketing Add-on,Unknown,Social Media,Yara Odeh,2024-07-18,2025-02-24,221.0,68.0,2,9,6,8.3,7.6,0.0,False
CUST12490,Irbid,Small Business,Healthcare,Email Campaign,New Lead,False,Active,CRM Basic,Referral Program,Email,Lina Haddad,2025-09-27,2025-11-09,43.0,26.0,8,14,1,20.1,9.0,0.0,False
CUST12491,Karak,Small Business,Construction,Cold Call,Proposal,False,Active,CRM Professional,Year-End Campaign,WhatsApp,Ahmad Saleh,2024-09-19,2025-07-08,292.0,100.0,4,6,3,5.1,9.4,186.38,True
CUST12492,Zarqa,Consumer,Hospitality,Trade Show,Negotiation,False,Active,CRM Enterprise,Referral Program,Email,Lina Haddad,2024-08-03,2024-11-19,108.0,,5,10,4,15.7,6.2,209.5,True
CUST12493,Zarqa,Consumer,Retail,Facebook,Negotiation,False,Active,CRM Professional,No Campaign,Email,Yara Odeh,2024-02-13,2024-11-05,266.0,74.0,3,9,2,0.9,7.2,116.92,True
CUST12494,Madaba,Consumer,Manufacturing,Trade Show,Negotiation,False,Active,CRM Basic,Spring Campaign,Phone,Samer Khalil,2025-09-30,2025-12-31,92.0,74.0,9,13,4,21.0,9.7,101.73,True
CUST12495,Salt,Consumer,Retail,Unknown,Proposal,False,Active,CRM Basic,Summer Campaign,WhatsApp,Lina Haddad,2024-12-16,2025-09-04,262.0,45.0,5,4,6,13.0,8.2,9.94,True
CUST12496,Amman,Corporate,Technology,Email Campaign,Won,True,Prospect,Marketing Add-on,Spring Campaign,Phone,Lina Haddad,2023-07-26,2024-06-03,313.0,84.0,7,12,5,6.7,7.0,897.45,True
CUST12497,Madaba,Consumer,Finance,Email Campaign,Proposal,False,Active,CRM Professional,No Campaign,Meeting,Ahmad Saleh,2024-10-14,2024-12-24,71.0,65.0,5,6,2,12.5,6.0,82.53,True
CUST12498,Irbid,Consumer,Construction,Instagram,Contacted,False,Active,Analytics Add-on,Q1 Acquisition,Social Media,Dana Nasser,2025-07-04,,,58.0,4,13,5,4.8,9.2,0.0,False
CUST12499,Salt,Consumer,Technology,Cold Call,Won,True,Active,CRM Professional,Q1 Acquisition,Meeting,Dana Nasser,2024-01-06,2024-01-27,21.0,80.0,6,6,5,,8.1,155.48,True
CUST12500,Madaba,Consumer,Hospitality,Cold Call,New Lead,False,Active,Marketing Add-on,Spring Campaign,Phone,Ahmad Saleh,2024-08-16,2024-11-16,92.0,56.0,7,8,6,3.1,8.7,0.0,False
CUST12501,Madaba,Consumer,Hospitality,Google Ads,Qualified,False,Prospect,Marketing Add-on,Referral Program,Social Media,Lina Haddad,2025-07-17,2025-11-21,127.0,72.0,3,10,1,22.3,6.7,0.0,False
CUST12502,Karak,Corporate,Construction,Referral,Negotiation,False,Active,CRM Professional,Year-End Campaign,Email,Samer Khalil,2025-08-28,2025-11-16,80.0,53.0,3,4,5,9.6,5.7,1288.58,True
CUST12503,Jerash,Consumer,Construction,Facebook,Qualified,False,Active,CRM Professional,Summer Campaign,Meeting,Ahmad Saleh,2024-08-30,2025-07-08,312.0,54.0,6,6,4,12.5,6.1,0.0,False
CUST12504,Irbid,Corporate,Retail,Instagram,New Lead,False,Prospect,CRM Enterprise,Q1 Acquisition,Phone,Dana Nasser,2023-10-14,2024-06-08,238.0,24.0,8,12,6,6.4,,0.0,False
CUST12505,Amman,Consumer,Finance,Trade Show,New Lead,False,Inactive,CRM Enterprise,Summer Campaign,Meeting,Yara Odeh,2025-04-04,2025-10-03,182.0,73.0,9,6,2,4.1,6.1,0.0,False
CUST12506,Jerash,Consumer,Retail,Email Campaign,Proposal,False,Active,CRM Professional,Referral Program,WhatsApp,Dana Nasser,2024-06-02,2024-06-27,25.0,86.0,7,5,4,7.6,6.1,100.51,True
CUST12507,Irbid,Enterprise,Technology,Google Ads,Lost,False,Prospect,Analytics Add-on,Summer Campaign,Phone,Ahmad Saleh,2023-12-03,2024-05-07,156.0,52.0,7,8,1,5.5,7.6,0.0,False
CUST12508,Jerash,Consumer,Technology,Google Ads,Proposal,False,Inactive,CRM Basic,Back-to-School,Social Media,Lina Haddad,2023-05-19,2023-05-24,5.0,78.0,1,12,2,3.7,7.2,15.44,True
CUST12509,Zarqa,Small Business,Construction,Referral,Qualified,False,Active,CRM Professional,Year-End Campaign,Website,Omar Mansour,2024-04-21,2024-08-19,120.0,58.0,2,11,7,7.0,7.0,0.0,False
CUST12510,Jerash,Consumer,Manufacturing,Website,Contacted,False,Inactive,CRM Enterprise,Unknown,Meeting,Samer Khalil,2025-11-03,2025-12-31,58.0,53.0,7,6,3,,8.6,0.0,False
CUST12511,Irbid,Small Business,Manufacturing,Email Campaign,Contacted,False,Prospect,CRM Basic,Spring Campaign,Meeting,Omar Mansour,2024-03-11,2024-03-29,18.0,35.0,8,10,1,10.3,6.2,0.0,False
CUST12512,Aqaba,Corporate,Technology,Cold Call,New Lead,False,Active,CRM Professional,Back-to-School,WhatsApp,Samer Khalil,2024-07-31,2025-02-14,198.0,27.0,11,8,4,17.2,7.3,0.0,False
CUST12513,Amman,Corporate,Finance,Trade Show,Contacted,False,Inactive,Marketing Add-on,Summer Campaign,Social Media,Omar Mansour,2024-08-24,2024-10-20,57.0,62.0,3,4,5,7.9,6.3,0.0,False
CUST12514,Jerash,Corporate,Construction,Facebook,Qualified,False,Prospect,CRM Enterprise,Back-to-School,Meeting,Omar Mansour,2023-08-03,,,38.0,3,7,3,6.8,10.0,0.0,False
CUST12515,Aqaba,Small Business,Hospitality,Facebook,Contacted,False,Inactive,Marketing Add-on,Referral Program,Website,Samer Khalil,2025-08-02,2025-08-21,19.0,,2,7,5,4.6,5.9,0.0,False
CUST12516,Jerash,Consumer,Manufacturing,Website,New Lead,False,Active,CRM Enterprise,Back-to-School,Meeting,Yara Odeh,2024-03-02,2025-02-18,353.0,35.0,0,8,2,5.5,4.4,0.0,False
CUST12517,Salt,Small Business,Manufacturing,Referral,Negotiation,False,Active,CRM Enterprise,No Campaign,WhatsApp,Samer Khalil,2025-07-21,2025-12-31,163.0,43.0,2,12,3,8.5,6.4,977.89,True
CUST12518,Aqaba,Corporate,Education,Facebook,Won,True,Active,CRM Enterprise,Year-End Campaign,Website,Dana Nasser,2024-09-18,2025-05-13,237.0,100.0,4,9,1,,6.4,8570.23,True
CUST12519,Aqaba,Consumer,Education,Instagram,Lost,False,Active,CRM Basic,Summer Campaign,Email,Lina Haddad,2024-04-17,2025-01-19,277.0,58.0,4,7,4,4.6,8.8,0.0,False
CUST12520,Amman,Consumer,Manufacturing,Facebook,Proposal,False,Prospect,CRM Professional,Referral Program,Email,Lina Haddad,2025-01-29,2025-09-13,227.0,76.0,5,8,3,22.7,6.1,19.2,True
CUST12521,Amman,Corporate,Retail,LinkedIn,New Lead,False,Active,CRM Basic,Back-to-School,Meeting,Dana Nasser,2023-10-23,2024-06-12,233.0,32.0,3,10,2,31.3,3.8,0.0,False
CUST12522,Salt,Small Business,Unknown,Instagram,Negotiation,False,Active,Marketing Add-on,Back-to-School,Phone,Yara Odeh,2023-04-10,2023-05-20,40.0,96.0,3,16,4,6.7,9.2,175.12,True
CUST12523,Zarqa,Consumer,Healthcare,Trade Show,New Lead,False,Inactive,CRM Basic,No Campaign,Phone,Omar Mansour,2023-08-28,2024-07-16,323.0,48.0,6,11,6,19.3,9.3,0.0,False
CUST12524,Madaba,Corporate,Manufacturing,Facebook,Negotiation,False,Active,CRM Basic,Referral Program,Phone,Yara Odeh,2023-09-12,2024-02-12,153.0,93.0,5,8,4,8.2,5.5,227.88,True
CUST12525,Madaba,Consumer,Education,Cold Call,Won,True,Active,CRM Enterprise,No Campaign,Phone,Yara Odeh,2023-05-09,2023-09-13,127.0,100.0,3,8,9,10.4,7.1,758.09,True
CUST12526,Zarqa,Consumer,Finance,Instagram,Negotiation,False,Active,CRM Professional,Year-End Campaign,Meeting,Samer Khalil,2024-07-05,2025-02-27,237.0,63.0,2,10,8,22.0,8.1,108.98,True
CUST12527,Aqaba,Small Business,Finance,Google Ads,Lost,False,Active,CRM Basic,Summer Campaign,Website,Ahmad Saleh,2025-06-06,2025-07-31,55.0,27.0,7,7,3,,5.4,0.0,False
CUST12528,Zarqa,Consumer,Education,LinkedIn,Negotiation,False,Prospect,CRM Basic,No Campaign,WhatsApp,Omar Mansour,2023-10-20,2024-04-09,172.0,53.0,6,6,5,11.0,4.9,45.94,True
CUST12529,Irbid,Corporate,Unknown,LinkedIn,Negotiation,False,Inactive,Analytics Add-on,Spring Campaign,WhatsApp,Lina Haddad,2023-08-19,2023-12-06,109.0,74.0,5,5,3,15.5,7.8,508.41,True
CUST12530,Salt,Consumer,Finance,Trade Show,Contacted,False,Active,CRM Professional,No Campaign,Phone,Samer Khalil,2025-07-01,2025-12-31,183.0,1.0,4,10,4,2.6,7.2,0.0,False
CUST12531,Madaba,Consumer,Construction,Instagram,Lost,False,Active,CRM Basic,No Campaign,Email,Dana Nasser,2023-07-21,2024-01-21,184.0,24.0,10,4,2,7.9,6.9,0.0,False
CUST12532,Amman,Consumer,Finance,Cold Call,Contacted,False,Prospect,CRM Professional,No Campaign,Social Media,Yara Odeh,2025-06-15,2025-12-30,198.0,36.0,1,5,4,4.5,6.6,0.0,False
CUST12533,Salt,Enterprise,Education,Website,Won,True,Prospect,CRM Basic,Q1 Acquisition,Phone,Omar Mansour,2024-12-15,2025-03-12,87.0,68.0,4,5,4,13.3,6.2,1627.08,True
CUST12534,Salt,Consumer,Technology,Cold Call,Contacted,False,Active,CRM Basic,No Campaign,Phone,Ahmad Saleh,2023-11-05,2024-05-24,201.0,62.0,5,9,1,7.6,9.6,0.0,False
CUST12535,Karak,Consumer,Manufacturing,Facebook,New Lead,False,Inactive,Marketing Add-on,Year-End Campaign,Meeting,Omar Mansour,2025-01-17,2025-12-20,337.0,11.0,6,6,2,26.7,7.6,0.0,False
CUST12536,Zarqa,Consumer,Retail,Email Campaign,Won,True,Active,CRM Professional,Year-End Campaign,Email,Dana Nasser,2025-06-16,2025-12-31,198.0,46.0,3,8,7,12.7,6.5,508.44,True
CUST12537,Amman,Consumer,Construction,Trade Show,New Lead,False,Active,CRM Basic,Referral Program,Social Media,Ahmad Saleh,2025-11-07,2025-12-31,54.0,7.0,5,4,4,9.4,8.4,0.0,False
CUST12538,Aqaba,Consumer,Unknown,Email Campaign,Won,True,Prospect,Marketing Add-on,Back-to-School,Website,Omar Mansour,2025-09-27,2025-12-31,95.0,91.0,1,10,3,2.3,8.6,147.96,True
CUST12539,Amman,Consumer,Retail,Instagram,Contacted,False,Active,Analytics Add-on,Spring Campaign,Website,Dana Nasser,2025-09-04,2025-12-31,118.0,38.0,5,12,4,21.7,8.2,0.0,False
CUST12540,Madaba,Small Business,Technology,Website,Won,True,Active,CRM Basic,Year-End Campaign,Social Media,Omar Mansour,2024-12-29,2025-07-08,191.0,68.0,6,6,6,6.7,,920.86,True
CUST12541,Salt,Consumer,Hospitality,LinkedIn,Negotiation,False,Active,CRM Professional,Unknown,Social Media,Samer Khalil,2024-12-06,2025-01-17,42.0,100.0,7,16,3,3.7,6.0,141.59,True
CUST12542,Irbid,Corporate,Technology,LinkedIn,Negotiation,False,Active,Analytics Add-on,Year-End Campaign,Website,Omar Mansour,2023-03-03,2023-04-14,42.0,82.0,5,8,4,5.1,4.9,765.53,True
CUST12543,Karak,Small Business,Finance,Google Ads,Qualified,False,Inactive,CRM Professional,Back-to-School,Phone,Yara Odeh,2025-08-13,2025-12-31,140.0,45.0,8,6,4,13.3,6.0,0.0,False
CUST12544,Irbid,Consumer,Retail,Cold Call,New Lead,False,Active,CRM Professional,Back-to-School,Phone,Dana Nasser,2024-03-27,2024-12-28,276.0,12.0,2,8,8,8.2,7.6,0.0,False
CUST12545,Zarqa,Consumer,Construction,Cold Call,Won,True,Active,CRM Professional,Spring Campaign,Meeting,Lina Haddad,2023-12-26,2024-11-19,329.0,100.0,4,13,5,25.8,6.1,297.95,True
CUST12546,Irbid,Corporate,Construction,Cold Call,Contacted,False,Active,CRM Professional,Q1 Acquisition,Email,Dana Nasser,2023-12-11,2023-12-28,17.0,55.0,7,6,3,6.4,5.4,0.0,False
CUST12547,Amman,Corporate,Technology,Facebook,Qualified,False,Inactive,CRM Enterprise,Year-End Campaign,Social Media,Omar Mansour,2024-07-05,2025-04-14,283.0,51.0,7,7,3,14.1,6.9,0.0,False
CUST12548,Aqaba,Consumer,Retail,Trade Show,Proposal,False,Active,CRM Professional,Unknown,Phone,Samer Khalil,2025-06-23,2025-12-31,191.0,71.0,5,8,5,11.6,4.9,48.75,True
CUST12549,Karak,Enterprise,Technology,Email Campaign,Qualified,False,Inactive,CRM Basic,Back-to-School,Phone,Lina Haddad,2024-06-02,2024-08-04,63.0,52.0,4,6,3,5.1,,0.0,False
CUST12550,Zarqa,Consumer,Healthcare,Facebook,Contacted,False,Inactive,Analytics Add-on,Referral Program,Email,Yara Odeh,2023-09-27,2023-11-28,62.0,60.0,8,12,3,9.5,7.5,0.0,False
CUST12551,Amman,Consumer,Technology,Website,New Lead,False,Prospect,CRM Basic,Year-End Campaign,Social Media,Dana Nasser,2025-11-22,2025-12-31,39.0,6.0,4,5,7,24.8,7.6,0.0,False
CUST12552,Jerash,Consumer,Retail,Website,New Lead,False,Prospect,CRM Professional,No Campaign,Email,Lina Haddad,2024-06-16,2024-07-05,19.0,32.0,5,7,4,3.4,6.7,0.0,False
CUST12553,Jerash,Enterprise,Finance,Website,Won,True,Active,CRM Professional,Spring Campaign,Email,Samer Khalil,2023-12-02,2023-12-19,17.0,59.0,3,8,3,13.8,7.7,4680.67,True
CUST12554,Salt,Small Business,Retail,LinkedIn,New Lead,False,Active,CRM Enterprise,Spring Campaign,Website,Yara Odeh,2025-07-28,2025-12-31,156.0,38.0,4,7,6,18.9,8.2,0.0,False
CUST12555,Karak,Corporate,Education,LinkedIn,Lost,False,Inactive,CRM Professional,Spring Campaign,Email,Ahmad Saleh,2024-04-17,2024-12-19,246.0,26.0,7,4,3,15.3,6.3,0.0,False
CUST12556,Karak,Consumer,Retail,Trade Show,Contacted,False,Active,CRM Enterprise,Q1 Acquisition,Social Media,Lina Haddad,2024-06-15,2025-02-21,251.0,38.0,7,9,4,27.8,6.4,0.0,False
CUST12557,Karak,Small Business,Healthcare,Website,New Lead,False,Active,CRM Basic,No Campaign,Phone,Dana Nasser,2025-10-31,2025-12-31,61.0,29.0,3,7,2,15.0,9.5,0.0,False
CUST12558,Karak,Consumer,Manufacturing,Instagram,Proposal,False,Active,CRM Enterprise,No Campaign,Phone,Samer Khalil,2024-04-27,2024-06-05,39.0,72.0,3,1,4,11.8,8.5,89.58,True
CUST12559,Jerash,Corporate,Healthcare,Instagram,New Lead,False,Active,Analytics Add-on,No Campaign,Website,Dana Nasser,2025-05-18,2025-06-23,36.0,32.0,4,4,6,17.6,10.0,0.0,False
CUST12560,Salt,Consumer,Healthcare,Google Ads,Proposal,False,Prospect,Marketing Add-on,Summer Campaign,Social Media,Samer Khalil,2023-01-12,2023-07-28,197.0,47.0,10,12,3,21.0,9.2,41.08,True
CUST12561,Madaba,Consumer,Technology,Facebook,Won,True,Prospect,CRM Professional,Summer Campaign,Phone,Dana Nasser,2024-07-29,2025-01-03,158.0,88.0,4,12,7,9.2,8.9,195.84,True
CUST12562,Karak,Consumer,Healthcare,Email Campaign,New Lead,False,Active,CRM Professional,Referral Program,Email,Samer Khalil,2023-10-05,2024-04-26,204.0,82.0,3,5,5,5.1,8.6,0.0,False
CUST12563,Jerash,Corporate,Retail,LinkedIn,Won,True,Active,CRM Basic,Back-to-School,WhatsApp,Omar Mansour,2024-07-11,2025-01-23,196.0,73.0,5,5,1,1.5,8.2,890.72,True
CUST12564,Madaba,Consumer,Construction,Email Campaign,Qualified,False,Active,CRM Professional,No Campaign,WhatsApp,Dana Nasser,2025-10-01,2025-12-31,91.0,86.0,6,3,5,22.6,5.3,0.0,False
CUST12565,Karak,Consumer,Manufacturing,Referral,New Lead,False,Active,CRM Professional,Spring Campaign,WhatsApp,Samer Khalil,2024-02-09,2024-11-20,285.0,9.0,7,7,3,25.1,9.9,0.0,False
CUST12566,Zarqa,Consumer,Construction,Trade Show,Contacted,False,Inactive,CRM Basic,Summer Campaign,WhatsApp,Ahmad Saleh,2025-05-08,2025-11-20,196.0,35.0,1,10,5,4.4,6.2,0.0,False
CUST12567,Amman,Enterprise,Hospitality,Trade Show,Won,True,Inactive,Marketing Add-on,No Campaign,Email,Samer Khalil,2025-09-17,2025-12-31,105.0,100.0,7,7,1,6.0,10.0,6361.08,True
CUST12568,Irbid,Corporate,Finance,Website,New Lead,False,Active,Marketing Add-on,No Campaign,Phone,Ahmad Saleh,2024-11-29,2025-04-30,152.0,44.0,2,5,2,9.0,8.7,0.0,False
CUST12569,Irbid,Corporate,Hospitality,Instagram,Won,True,Active,CRM Basic,No Campaign,Website,Yara Odeh,2025-10-29,2025-11-12,14.0,66.0,6,4,4,,6.5,1032.11,True
CUST12570,Salt,Consumer,Healthcare,Website,Proposal,False,Active,CRM Professional,Summer Campaign,Email,Lina Haddad,2023-01-12,2023-12-03,325.0,84.0,4,13,2,12.5,8.5,42.96,True
CUST12571,Jerash,Consumer,Construction,Email Campaign,New Lead,False,Prospect,Analytics Add-on,No Campaign,Phone,Samer Khalil,2023-01-20,2023-06-15,146.0,19.0,4,9,1,8.8,10.0,0.0,False
CUST12572,Aqaba,Enterprise,Retail,Instagram,Qualified,False,Active,CRM Basic,Spring Campaign,Social Media,Lina Haddad,2023-06-03,2023-07-30,57.0,61.0,6,12,3,3.6,7.7,0.0,False
CUST12573,Karak,Consumer,Technology,Website,Won,True,Active,CRM Professional,Spring Campaign,Phone,Lina Haddad,2024-09-12,2025-04-11,211.0,99.0,3,8,6,24.4,9.1,272.23,True
CUST12574,Karak,Consumer,Technology,Email Campaign,Negotiation,False,Inactive,CRM Professional,Back-to-School,Phone,Omar Mansour,2025-04-27,2025-12-31,248.0,80.0,6,8,3,5.9,7.8,73.41,True
CUST12575,Amman,Consumer,Finance,Referral,Qualified,False,Inactive,CRM Basic,No Campaign,Phone,Yara Odeh,2025-12-21,2025-12-31,10.0,100.0,2,8,0,9.9,9.1,0.0,False
CUST12576,Irbid,Enterprise,Finance,Google Ads,Won,True,Prospect,CRM Enterprise,Q1 Acquisition,Email,Samer Khalil,2023-08-26,2023-09-12,17.0,69.0,8,6,3,7.6,9.2,21593.86,True
CUST12577,Karak,Consumer,Retail,Facebook,New Lead,False,Active,Marketing Add-on,Year-End Campaign,Phone,Omar Mansour,2023-10-19,2024-07-31,286.0,54.0,6,10,0,29.4,7.6,0.0,False
CUST12578,Amman,Small Business,Finance,Google Ads,Won,True,Active,CRM Professional,Year-End Campaign,Phone,Yara Odeh,2023-02-02,2023-03-04,30.0,98.0,6,6,2,8.1,4.7,725.25,True
CUST12579,Jerash,Corporate,Construction,Referral,Won,True,Active,CRM Professional,Year-End Campaign,Social Media,Omar Mansour,2023-02-19,2023-09-10,203.0,76.0,5,9,0,20.7,8.1,3169.46,True
CUST12580,Amman,Consumer,Construction,Google Ads,Negotiation,False,Prospect,CRM Professional,Spring Campaign,Social Media,Lina Haddad,2025-07-25,2025-11-01,99.0,,3,11,4,4.9,9.1,101.53,True
CUST12581,Amman,Consumer,Finance,LinkedIn,Won,True,Inactive,Analytics Add-on,Q1 Acquisition,WhatsApp,Dana Nasser,2023-04-05,2024-01-09,279.0,100.0,3,9,2,11.2,5.8,144.8,True
CUST12582,Jerash,Enterprise,Technology,LinkedIn,Proposal,False,Prospect,Analytics Add-on,No Campaign,Meeting,Lina Haddad,2024-11-09,2025-06-06,209.0,57.0,6,8,3,6.3,7.4,629.79,True
CUST12583,Madaba,Enterprise,Retail,LinkedIn,Negotiation,False,Active,CRM Basic,Unknown,Email,Yara Odeh,2025-08-11,2025-12-18,129.0,86.0,8,6,3,3.3,6.4,697.09,True
CUST12584,Karak,Corporate,Manufacturing,Unknown,Proposal,False,Inactive,Marketing Add-on,Referral Program,Phone,Yara Odeh,2024-01-05,2024-12-05,335.0,76.0,5,13,4,19.9,6.1,175.95,True
CUST12585,Jerash,Small Business,Finance,LinkedIn,Qualified,False,Active,CRM Basic,Summer Campaign,WhatsApp,Lina Haddad,2023-10-05,2024-07-19,288.0,63.0,5,11,3,6.3,9.7,0.0,False
CUST12586,Jerash,Consumer,Retail,Trade Show,Proposal,False,Active,CRM Basic,Q1 Acquisition,WhatsApp,Yara Odeh,2025-12-26,2025-12-31,5.0,94.0,4,10,4,1.3,6.0,17.18,True
CUST12587,Jerash,Enterprise,Healthcare,Trade Show,Contacted,False,Active,CRM Enterprise,Spring Campaign,Email,Ahmad Saleh,2025-09-07,2025-12-31,115.0,57.0,4,10,5,11.2,9.1,0.0,False
CUST12588,Karak,Consumer,Technology,Instagram,Qualified,False,Inactive,CRM Professional,Q1 Acquisition,Meeting,Dana Nasser,2024-05-10,2025-02-05,271.0,73.0,4,5,7,1.2,10.0,0.0,False
CUST12589,Irbid,Corporate,Manufacturing,Cold Call,Contacted,False,Active,CRM Professional,Q1 Acquisition,WhatsApp,Lina Haddad,2024-08-15,2025-02-19,188.0,58.0,3,9,2,2.8,,0.0,False
CUST12590,Jerash,Enterprise,Construction,Referral,New Lead,False,Prospect,CRM Enterprise,Spring Campaign,WhatsApp,Dana Nasser,2024-09-24,2025-04-26,214.0,42.0,3,6,4,19.9,7.8,0.0,False
CUST12591,Madaba,Small Business,Technology,Trade Show,Contacted,False,Inactive,CRM Basic,Year-End Campaign,Email,Ahmad Saleh,2025-10-31,2025-12-31,61.0,42.0,5,11,4,13.7,7.4,0.0,False
CUST12592,Karak,Corporate,Technology,Facebook,Won,True,Active,CRM Professional,No Campaign,Website,Dana Nasser,2023-08-20,2024-03-18,211.0,80.0,5,13,3,36.5,7.7,2478.62,True
CUST12593,Amman,Corporate,Construction,Instagram,Qualified,False,Inactive,CRM Professional,No Campaign,WhatsApp,Samer Khalil,2025-01-25,2025-04-11,76.0,72.0,3,14,2,3.9,8.1,0.0,False
CUST12594,Zarqa,Consumer,Education,Referral,Negotiation,False,Active,CRM Basic,Unknown,Social Media,Ahmad Saleh,2023-06-21,,,82.0,4,11,0,13.7,,74.65,True
CUST12595,Zarqa,Small Business,Retail,Referral,Contacted,False,Active,CRM Basic,Year-End Campaign,WhatsApp,Dana Nasser,2023-08-08,2024-06-24,321.0,62.0,3,5,1,13.3,6.1,0.0,False
CUST12596,Madaba,Consumer,Construction,Cold Call,Qualified,False,Inactive,CRM Basic,Q1 Acquisition,Email,Omar Mansour,2025-05-25,,,100.0,6,7,1,3.1,9.2,0.0,False
CUST12597,Madaba,Small Business,Healthcare,Google Ads,New Lead,False,Prospect,Analytics Add-on,Summer Campaign,Email,Dana Nasser,2023-08-01,2023-11-18,109.0,30.0,7,12,4,8.1,6.6,0.0,False
CUST12598,Aqaba,Consumer,Finance,Google Ads,New Lead,False,Active,Marketing Add-on,Q1 Acquisition,Meeting,Ahmad Saleh,2023-05-18,2023-09-24,129.0,8.0,5,10,3,7.6,5.7,0.0,False
CUST12599,Irbid,Consumer,Healthcare,Website,Proposal,False,Prospect,CRM Basic,Referral Program,Website,Omar Mansour,2024-02-24,2024-03-05,10.0,59.0,9,7,3,,5.2,18.07,True
CUST12600,Aqaba,Corporate,Retail,Website,Proposal,False,Inactive,CRM Basic,Q1 Acquisition,Website,Yara Odeh,2024-09-22,2024-11-08,47.0,60.0,7,11,6,12.7,2.2,92.92,True
CUST12601,Aqaba,Enterprise,Construction,Instagram,Contacted,False,Active,CRM Enterprise,Q1 Acquisition,Meeting,Dana Nasser,2024-09-26,2025-08-07,315.0,59.0,4,2,1,24.2,7.7,0.0,False
CUST12602,Irbid,Consumer,Technology,Unknown,Qualified,False,Active,Marketing Add-on,Q1 Acquisition,Meeting,Dana Nasser,2023-04-22,2023-07-27,96.0,55.0,7,4,8,13.9,8.2,0.0,False
CUST12603,Karak,Small Business,Construction,Website,Won,True,Inactive,CRM Professional,No Campaign,Social Media,Ahmad Saleh,2024-07-04,2024-10-15,103.0,95.0,3,9,8,9.7,7.8,1068.59,True
CUST12604,Aqaba,Small Business,Education,Google Ads,Contacted,False,Active,Analytics Add-on,Referral Program,Social Media,Omar Mansour,2023-09-08,2024-08-15,342.0,35.0,2,4,4,7.8,7.2,0.0,False
CUST12605,Unknown,Enterprise,Retail,Website,New Lead,False,Prospect,CRM Professional,Unknown,WhatsApp,Omar Mansour,2023-04-25,2023-09-18,146.0,,6,7,3,8.4,7.7,0.0,False
CUST12606,Amman,Consumer,Manufacturing,Trade Show,Proposal,False,Inactive,Marketing Add-on,Summer Campaign,Website,Dana Nasser,2024-04-24,2024-05-21,27.0,38.0,3,12,5,3.5,7.7,44.13,True
CUST12607,Zarqa,Small Business,Manufacturing,Facebook,New Lead,False,Active,CRM Basic,Q1 Acquisition,Social Media,Yara Odeh,2024-04-29,2024-12-05,220.0,40.0,3,5,1,14.6,9.0,0.0,False
CUST12608,Salt,Enterprise,Retail,Trade Show,Lost,False,Prospect,Marketing Add-on,Q1 Acquisition,WhatsApp,Samer Khalil,2025-11-18,2025-12-06,18.0,29.0,6,3,2,4.8,5.8,0.0,False
CUST12609,Salt,Consumer,Finance,Cold Call,Proposal,False,Active,CRM Professional,Summer Campaign,Phone,Ahmad Saleh,2024-01-11,2024-06-26,167.0,60.0,8,8,2,3.5,10.0,43.97,True
CUST12610,Madaba,Enterprise,Healthcare,Trade Show,Qualified,False,Prospect,Marketing Add-on,Summer Campaign,WhatsApp,Ahmad Saleh,2024-11-15,2025-02-05,82.0,,2,8,3,18.3,3.8,0.0,False
CUST12611,Irbid,Enterprise,Healthcare,Instagram,Qualified,False,Active,CRM Professional,Year-End Campaign,Social Media,Lina Haddad,2023-06-08,2023-08-19,72.0,77.0,5,5,3,3.5,,0.0,False
CUST12612,Irbid,Enterprise,Finance,Website,Proposal,False,Inactive,CRM Professional,Summer Campaign,WhatsApp,Omar Mansour,2025-03-02,2025-12-31,304.0,59.0,7,14,5,4.7,5.9,480.44,True
CUST12613,Salt,Consumer,Education,Website,New Lead,False,Active,Analytics Add-on,No Campaign,Phone,Omar Mansour,2025-08-18,2025-12-31,135.0,38.0,6,6,7,2.2,9.1,0.0,False
CUST12614,Zarqa,Consumer,Technology,Email Campaign,Lost,False,Inactive,CRM Enterprise,Summer Campaign,Social Media,Lina Haddad,2024-02-17,2024-07-28,162.0,53.0,1,7,3,12.3,9.5,0.0,False
CUST12615,Salt,Corporate,Hospitality,Cold Call,Proposal,False,Active,CRM Enterprise,No Campaign,WhatsApp,Dana Nasser,2024-08-15,2025-07-08,327.0,52.0,2,6,4,10.3,6.4,753.91,True
CUST12616,Madaba,Consumer,Hospitality,Trade Show,Contacted,False,Active,CRM Professional,Referral Program,Social Media,Dana Nasser,2024-04-02,2024-05-10,38.0,40.0,5,4,2,3.1,6.5,0.0,False
CUST12617,Aqaba,Small Business,Technology,Email Campaign,Proposal,False,Active,Analytics Add-on,No Campaign,Meeting,Ahmad Saleh,2024-03-01,2024-09-18,201.0,32.0,4,9,5,8.7,7.1,135.14,True
CUST12618,Madaba,Consumer,Manufacturing,Referral,New Lead,False,Prospect,Marketing Add-on,Referral Program,Meeting,Dana Nasser,2024-12-06,2025-06-24,200.0,34.0,3,8,3,22.5,6.5,0.0,False
CUST12619,Salt,Consumer,Education,Facebook,New Lead,False,Active,CRM Basic,Year-End Campaign,WhatsApp,Samer Khalil,2023-12-01,,,71.0,4,8,4,39.0,5.9,0.0,False
CUST12620,Madaba,Consumer,Finance,Facebook,Proposal,False,Inactive,CRM Enterprise,Back-to-School,Email,Samer Khalil,2023-12-26,2024-06-22,179.0,72.0,4,7,7,8.1,5.8,77.48,True
CUST12621,Amman,Small Business,Hospitality,Google Ads,Proposal,False,Prospect,Analytics Add-on,Summer Campaign,Social Media,Samer Khalil,2023-09-20,2023-10-25,35.0,37.0,6,16,2,3.8,6.1,97.6,True
CUST12622,Madaba,Consumer,Retail,Website,Proposal,False,Prospect,CRM Enterprise,Summer Campaign,Social Media,Lina Haddad,2025-09-03,2025-11-24,82.0,75.0,4,9,3,9.2,7.0,117.77,True
CUST12623,Amman,Small Business,Construction,Google Ads,Contacted,False,Active,Analytics Add-on,Spring Campaign,Meeting,Yara Odeh,2023-10-18,2024-05-25,220.0,76.0,10,8,5,5.7,8.8,0.0,False
CUST12624,Karak,Small Business,Healthcare,Cold Call,Proposal,False,Prospect,Marketing Add-on,Summer Campaign,Meeting,Samer Khalil,2024-11-29,2025-05-06,158.0,47.0,4,6,4,10.6,8.2,72.5,True
CUST12625,Amman,Small Business,Construction,Unknown,New Lead,False,Active,CRM Enterprise,Q1 Acquisition,Social Media,Lina Haddad,2023-12-23,2023-12-27,4.0,36.0,8,11,1,2.5,7.8,0.0,False
CUST12626,Madaba,Small Business,Retail,Referral,Proposal,False,Inactive,CRM Enterprise,Summer Campaign,Social Media,Ahmad Saleh,2024-06-30,2024-12-14,167.0,63.0,6,4,4,5.2,5.9,510.89,True
CUST12627,Madaba,Consumer,Healthcare,Instagram,Proposal,False,Inactive,Marketing Add-on,No Campaign,Meeting,Ahmad Saleh,2024-02-11,2024-09-02,204.0,69.0,2,10,4,3.3,5.3,37.15,True
CUST12628,Karak,Consumer,Retail,Cold Call,Proposal,False,Active,Analytics Add-on,No Campaign,WhatsApp,Yara Odeh,2024-02-20,2024-09-01,194.0,69.0,9,7,5,21.8,7.6,44.23,True
CUST12629,Jerash,Consumer,Finance,Cold Call,Won,True,Active,Analytics Add-on,Year-End Campaign,Website,Samer Khalil,2025-06-23,,,93.0,1,6,4,5.5,9.6,271.62,True
CUST12630,Zarqa,Small Business,Finance,Cold Call,Won,True,Active,CRM Basic,Spring Campaign,WhatsApp,Lina Haddad,2025-03-21,2025-10-13,206.0,77.0,3,9,3,9.4,9.8,358.38,True
CUST12631,Madaba,Small Business,Education,Facebook,Lost,False,Active,CRM Basic,Spring Campaign,Phone,Samer Khalil,2024-08-28,2025-01-25,150.0,70.0,7,11,2,8.0,8.2,0.0,False
CUST12632,Irbid,Consumer,Retail,Instagram,Lost,False,Prospect,CRM Professional,Spring Campaign,Email,Yara Odeh,2023-05-06,2023-10-12,159.0,7.0,8,7,4,7.2,8.1,0.0,False
CUST12633,Salt,Consumer,Retail,Instagram,Won,True,Active,CRM Enterprise,Back-to-School,WhatsApp,Yara Odeh,2023-03-10,2023-12-14,279.0,57.0,8,8,5,7.4,9.0,845.62,True
CUST12634,Zarqa,Corporate,Education,LinkedIn,Lost,False,Prospect,CRM Professional,Unknown,WhatsApp,Dana Nasser,2023-01-01,2023-11-01,304.0,75.0,4,8,7,5.6,,0.0,False
CUST12635,Zarqa,Consumer,Education,Trade Show,Won,True,Active,CRM Basic,Q1 Acquisition,Social Media,Lina Haddad,2024-12-30,2025-06-14,166.0,70.0,4,6,4,4.2,10.0,107.78,True
CUST12636,Amman,Enterprise,Construction,Website,Negotiation,False,Prospect,CRM Professional,Back-to-School,Phone,Lina Haddad,2024-07-15,2025-05-22,311.0,84.0,5,11,3,13.8,7.1,2815.32,True
CUST12637,Irbid,Consumer,Finance,Cold Call,New Lead,False,Inactive,Analytics Add-on,Year-End Campaign,Social Media,Lina Haddad,2023-04-17,2023-06-24,68.0,37.0,5,8,3,26.4,,0.0,False
CUST12638,Karak,Enterprise,Construction,Cold Call,New Lead,False,Prospect,Analytics Add-on,Spring Campaign,Meeting,Lina Haddad,2024-07-06,2024-10-02,88.0,59.0,5,5,6,3.4,9.7,0.0,False
CUST12639,Aqaba,Consumer,Finance,LinkedIn,Won,True,Active,Marketing Add-on,No Campaign,Social Media,Dana Nasser,2023-07-09,2024-02-11,217.0,88.0,4,6,3,10.6,4.5,295.73,True
CUST12640,Unknown,Consumer,Construction,Website,Qualified,False,Active,CRM Professional,Summer Campaign,Website,Samer Khalil,2023-08-17,2023-08-18,1.0,100.0,4,6,6,9.7,6.6,0.0,False
CUST12641,Zarqa,Consumer,Manufacturing,Instagram,Won,True,Active,CRM Professional,No Campaign,Email,Ahmad Saleh,2024-04-08,2024-08-21,135.0,80.0,6,7,1,20.9,7.0,486.93,True
CUST12642,Irbid,Consumer,Retail,Referral,Contacted,False,Active,CRM Professional,Year-End Campaign,Website,Yara Odeh,2024-01-19,2024-07-22,185.0,42.0,4,8,4,18.7,7.4,0.0,False
CUST12643,Salt,Consumer,Construction,Facebook,Qualified,False,Inactive,CRM Professional,Q1 Acquisition,Social Media,Omar Mansour,2023-11-17,2024-11-02,351.0,86.0,3,8,2,8.0,8.4,0.0,False
CUST12644,Karak,Consumer,Construction,Cold Call,Negotiation,False,Inactive,CRM Enterprise,Summer Campaign,Email,Omar Mansour,2023-09-27,2024-02-14,140.0,87.0,5,10,3,1.6,6.0,264.62,True
CUST12645,Amman,Small Business,Finance,Cold Call,Won,True,Active,CRM Professional,Q1 Acquisition,WhatsApp,Lina Haddad,2023-11-17,2024-03-02,106.0,64.0,5,7,2,31.6,9.1,536.37,True
CUST12646,Jerash,Consumer,Hospitality,Referral,New Lead,False,Active,CRM Basic,Summer Campaign,Phone,Lina Haddad,2023-08-28,2024-01-08,133.0,57.0,2,11,1,7.4,5.8,0.0,False
CUST12647,Irbid,Corporate,Finance,Email Campaign,Won,True,Active,CRM Professional,No Campaign,Website,Ahmad Saleh,2025-07-24,2025-11-09,108.0,84.0,9,9,7,21.2,8.1,1694.34,True
CUST12648,Aqaba,Consumer,Retail,Website,Won,True,Active,CRM Basic,Referral Program,Phone,Omar Mansour,2023-03-07,2023-09-01,178.0,82.0,3,4,3,4.3,4.7,154.04,True
CUST12649,Amman,Enterprise,Education,LinkedIn,Contacted,False,Active,CRM Basic,Year-End Campaign,Social Media,Lina Haddad,2025-04-01,,,59.0,7,11,3,15.1,5.6,0.0,False
CUST12650,Irbid,Small Business,Retail,LinkedIn,Qualified,False,Inactive,CRM Professional,Back-to-School,Email,Yara Odeh,2024-12-12,,,76.0,1,9,5,10.7,7.6,0.0,False
CUST12651,Jerash,Consumer,Hospitality,Google Ads,New Lead,False,Active,CRM Basic,Summer Campaign,Meeting,Yara Odeh,2023-05-11,2024-05-04,359.0,44.0,6,8,4,8.6,7.4,0.0,False
CUST12652,Madaba,Consumer,Unknown,Facebook,New Lead,False,Inactive,CRM Professional,Spring Campaign,WhatsApp,Dana Nasser,2025-11-21,2025-12-31,40.0,35.0,8,7,4,5.5,5.6,0.0,False
CUST12653,Zarqa,Consumer,Retail,Website,Qualified,False,Active,CRM Basic,Q1 Acquisition,Email,Omar Mansour,2023-01-27,2023-04-11,74.0,100.0,10,6,2,11.4,7.2,0.0,False
CUST12654,Jerash,Consumer,Technology,Cold Call,New Lead,False,Prospect,CRM Enterprise,Spring Campaign,Meeting,Dana Nasser,2023-01-20,2023-05-08,108.0,39.0,3,10,4,8.2,7.0,0.0,False
CUST12655,Aqaba,Small Business,Construction,Email Campaign,Contacted,False,Active,Marketing Add-on,Summer Campaign,Phone,Ahmad Saleh,2024-08-01,2024-12-01,122.0,77.0,3,8,4,3.5,9.3,0.0,False
CUST12656,Karak,Small Business,Retail,Referral,Won,True,Prospect,CRM Professional,Back-to-School,Phone,Ahmad Saleh,2023-01-13,2023-01-30,17.0,69.0,6,13,2,1.2,7.7,1008.38,True
CUST12657,Jerash,Enterprise,Hospitality,Google Ads,Proposal,False,Active,CRM Enterprise,Spring Campaign,WhatsApp,Omar Mansour,2023-05-07,2023-11-19,196.0,,3,4,2,,8.2,1753.46,True
CUST12658,Madaba,Small Business,Technology,Facebook,Proposal,False,Active,Marketing Add-on,No Campaign,Meeting,Yara Odeh,2024-01-06,2024-11-28,327.0,86.0,4,7,2,8.7,9.1,110.62,True
CUST12659,Irbid,Enterprise,Technology,Facebook,Contacted,False,Active,CRM Professional,Q1 Acquisition,Meeting,Samer Khalil,2023-09-17,2024-07-31,318.0,45.0,4,12,3,12.7,,0.0,False
CUST12660,Amman,Enterprise,Hospitality,Trade Show,Won,True,Prospect,CRM Basic,Q1 Acquisition,WhatsApp,Omar Mansour,2023-08-02,2024-05-25,297.0,41.0,4,13,4,7.1,8.1,4600.75,True
CUST12661,Jerash,Corporate,Retail,Website,Won,True,Inactive,CRM Professional,Year-End Campaign,Email,Dana Nasser,2024-06-30,2025-03-09,252.0,76.0,7,8,5,4.4,5.8,1468.66,True
CUST12662,Aqaba,Small Business,Manufacturing,Email Campaign,Proposal,False,Active,CRM Professional,Referral Program,Website,Samer Khalil,2023-07-21,2023-11-17,119.0,77.0,4,13,0,15.3,6.2,106.16,True
CUST12663,Amman,Consumer,Finance,Instagram,Won,True,Active,CRM Enterprise,No Campaign,Email,Dana Nasser,2025-09-30,2025-12-31,92.0,66.0,6,8,4,6.5,8.3,953.78,True
CUST12664,Amman,Consumer,Healthcare,Referral,Won,True,Active,CRM Basic,Back-to-School,Phone,Dana Nasser,2024-07-02,2025-01-16,198.0,64.0,4,6,3,11.2,8.2,106.63,True
CUST12665,Zarqa,Small Business,Finance,Google Ads,Negotiation,False,Active,Analytics Add-on,Spring Campaign,Email,Dana Nasser,2025-01-14,2025-02-28,45.0,77.0,4,7,6,12.5,,153.27,True
CUST12666,Jerash,Consumer,Technology,Cold Call,Negotiation,False,Inactive,CRM Basic,No Campaign,Social Media,Lina Haddad,2025-10-19,2025-12-31,73.0,50.0,5,6,4,17.5,7.4,42.62,True
CUST12667,Madaba,Consumer,Construction,LinkedIn,New Lead,False,Inactive,Marketing Add-on,No Campaign,Email,Samer Khalil,2024-03-07,2024-09-02,179.0,46.0,8,7,1,4.2,6.0,0.0,False
CUST12668,Irbid,Consumer,Retail,Google Ads,Contacted,False,Prospect,Marketing Add-on,No Campaign,Email,Lina Haddad,2024-12-18,2025-01-31,44.0,71.0,3,13,4,5.9,7.1,0.0,False
CUST12669,Aqaba,Consumer,Retail,Facebook,New Lead,False,Prospect,Marketing Add-on,No Campaign,Meeting,Lina Haddad,2023-11-08,2024-08-05,271.0,66.0,7,11,4,24.0,,0.0,False
CUST12670,Karak,Corporate,Construction,Cold Call,New Lead,False,Inactive,Analytics Add-on,Q1 Acquisition,Social Media,Dana Nasser,2023-03-19,2023-06-05,78.0,27.0,7,12,0,9.8,7.7,0.0,False
CUST12671,Karak,Consumer,Retail,Referral,New Lead,False,Active,CRM Basic,No Campaign,Phone,Ahmad Saleh,2023-03-24,2024-02-13,326.0,76.0,4,6,6,10.9,10.0,0.0,False
CUST12672,Salt,Small Business,Retail,Email Campaign,Won,True,Active,CRM Enterprise,No Campaign,WhatsApp,Yara Odeh,2023-04-12,2023-10-07,178.0,92.0,6,7,10,16.4,8.2,5523.53,True
CUST12673,Karak,Corporate,Manufacturing,Instagram,Contacted,False,Active,CRM Basic,Year-End Campaign,Email,Omar Mansour,2024-05-30,2025-05-22,357.0,37.0,6,7,3,14.9,5.2,0.0,False
CUST12674,Amman,Consumer,Healthcare,Cold Call,Lost,False,Active,Marketing Add-on,Referral Program,Website,Ahmad Saleh,2024-07-06,2024-07-09,3.0,37.0,5,7,4,13.6,9.0,0.0,False
CUST12675,Irbid,Small Business,Education,Cold Call,Proposal,False,Active,CRM Professional,Year-End Campaign,Meeting,Dana Nasser,2025-07-01,2025-12-31,183.0,53.0,3,8,5,9.1,4.6,106.37,True
CUST12676,Zarqa,Corporate,Technology,Facebook,Contacted,False,Prospect,CRM Professional,Spring Campaign,Meeting,Omar Mansour,2023-06-15,2024-05-22,342.0,9.0,4,9,3,5.8,7.2,0.0,False
CUST12677,Amman,Consumer,Healthcare,Website,Qualified,False,Prospect,Marketing Add-on,Year-End Campaign,WhatsApp,Yara Odeh,2024-07-10,2024-09-22,74.0,88.0,6,10,4,11.2,6.7,0.0,False
CUST12678,Jerash,Consumer,Finance,Facebook,Contacted,False,Active,CRM Basic,No Campaign,Website,Omar Mansour,2024-09-29,2024-11-19,51.0,54.0,3,8,4,13.3,4.4,0.0,False
CUST12679,Zarqa,Consumer,Education,Google Ads,Lost,False,Active,CRM Basic,Back-to-School,Email,Yara Odeh,2025-04-01,2025-06-07,67.0,58.0,3,13,5,8.6,8.6,0.0,False
CUST12680,Irbid,Small Business,Education,Instagram,Won,True,Prospect,CRM Professional,Year-End Campaign,Website,Dana Nasser,2023-12-04,2024-10-31,332.0,82.0,4,7,6,11.6,7.5,929.9,True
CUST12681,Amman,Small Business,Construction,LinkedIn,New Lead,False,Prospect,CRM Enterprise,Back-to-School,Meeting,Lina Haddad,2023-11-13,2024-02-14,93.0,10.0,6,11,6,25.4,6.0,0.0,False
CUST12682,Zarqa,Consumer,Retail,Google Ads,Lost,False,Active,CRM Enterprise,Spring Campaign,WhatsApp,Omar Mansour,2023-04-04,2023-09-27,176.0,52.0,5,11,3,5.6,6.6,0.0,False
CUST12683,Zarqa,Consumer,Healthcare,Instagram,Negotiation,False,Inactive,CRM Enterprise,Year-End Campaign,Website,Yara Odeh,2024-02-08,2024-07-02,145.0,92.0,5,7,8,11.2,8.3,277.85,True
CUST12684,Aqaba,Consumer,Construction,Email Campaign,New Lead,False,Inactive,Marketing Add-on,Back-to-School,Website,Omar Mansour,2023-06-09,2023-06-16,7.0,59.0,4,7,7,10.3,9.9,0.0,False
CUST12685,Amman,Corporate,Finance,Facebook,Negotiation,False,Active,CRM Basic,Spring Campaign,WhatsApp,Omar Mansour,2024-06-12,2025-03-08,269.0,95.0,3,4,2,6.2,8.4,524.99,True
CUST12686,Karak,Consumer,Retail,Instagram,Proposal,False,Active,CRM Professional,No Campaign,WhatsApp,Omar Mansour,2024-08-06,2025-06-24,322.0,68.0,5,3,1,19.1,5.1,83.66,True
CUST12687,Aqaba,Corporate,Retail,Website,Contacted,False,Prospect,CRM Enterprise,No Campaign,WhatsApp,Samer Khalil,2024-10-05,,,3.0,3,8,5,11.6,5.1,0.0,False
CUST12688,Jerash,Consumer,Hospitality,Trade Show,Negotiation,False,Inactive,CRM Enterprise,Q1 Acquisition,Meeting,Lina Haddad,2024-09-22,,,87.0,3,9,3,17.9,,377.13,True
CUST12689,Madaba,Corporate,Hospitality,LinkedIn,New Lead,False,Active,CRM Professional,Unknown,WhatsApp,Samer Khalil,2024-08-30,2025-04-18,231.0,41.0,6,9,6,1.5,6.4,0.0,False
CUST12690,Salt,Small Business,Hospitality,Email Campaign,Qualified,False,Inactive,CRM Basic,Summer Campaign,Social Media,Samer Khalil,2024-05-17,2024-08-13,88.0,100.0,8,10,6,38.4,7.0,0.0,False
CUST12691,Madaba,Small Business,Manufacturing,Cold Call,New Lead,False,Inactive,CRM Basic,Back-to-School,Email,Yara Odeh,2025-05-11,2025-05-28,17.0,78.0,8,10,2,29.3,5.7,0.0,False
CUST12692,Madaba,Consumer,Construction,Facebook,Lost,False,Prospect,CRM Basic,Summer Campaign,Meeting,Dana Nasser,2023-08-20,2023-10-11,52.0,67.0,5,7,2,11.2,6.8,0.0,False
CUST12693,Jerash,Corporate,Technology,Google Ads,Negotiation,False,Active,CRM Professional,Back-to-School,WhatsApp,Lina Haddad,2023-04-27,2023-09-08,134.0,45.0,7,11,2,3.6,9.0,956.57,True
CUST12694,Zarqa,Consumer,Education,Trade Show,New Lead,False,Prospect,CRM Basic,Summer Campaign,Phone,Ahmad Saleh,2024-05-31,2024-12-28,211.0,18.0,5,4,3,2.9,10.0,0.0,False
CUST12695,Karak,Consumer,Finance,Facebook,Qualified,False,Active,CRM Professional,Q1 Acquisition,Website,Lina Haddad,2025-05-19,2025-12-31,226.0,70.0,3,6,8,10.8,9.0,0.0,False
CUST12696,Irbid,Small Business,Education,Referral,Contacted,False,Active,CRM Basic,Summer Campaign,WhatsApp,Ahmad Saleh,2023-11-29,,,27.0,5,6,3,10.7,5.8,0.0,False
CUST12697,Zarqa,Corporate,Healthcare,Facebook,Won,True,Inactive,Analytics Add-on,Year-End Campaign,WhatsApp,Yara Odeh,2025-02-06,2025-08-30,205.0,98.0,4,7,5,21.0,,1241.91,True
CUST12698,Unknown,Small Business,Technology,Referral,New Lead,False,Active,Analytics Add-on,Q1 Acquisition,Email,Yara Odeh,2025-12-07,2025-12-31,24.0,59.0,4,4,2,15.3,6.2,0.0,False
CUST12699,Amman,Consumer,Retail,Cold Call,Won,True,Active,CRM Professional,Summer Campaign,WhatsApp,Omar Mansour,2024-04-29,2025-01-31,277.0,100.0,6,9,2,21.8,6.1,634.3,True
CUST12700,Zarqa,Small Business,Technology,Email Campaign,Lost,False,Prospect,CRM Professional,Q1 Acquisition,Meeting,Yara Odeh,2025-06-06,2025-06-30,24.0,67.0,6,9,3,8.9,8.6,0.0,False
CUST12701,Salt,Small Business,Retail,LinkedIn,Negotiation,False,Inactive,Marketing Add-on,Summer Campaign,Social Media,Ahmad Saleh,2025-10-02,2025-10-06,4.0,65.0,6,8,2,7.2,8.2,188.79,True
CUST12702,Amman,Enterprise,Construction,Facebook,Contacted,False,Active,CRM Professional,Q1 Acquisition,Phone,Ahmad Saleh,2023-10-07,2024-03-07,152.0,49.0,2,6,6,2.2,5.4,0.0,False
CUST12703,Aqaba,Corporate,Hospitality,Cold Call,Qualified,False,Active,Marketing Add-on,Summer Campaign,Phone,Yara Odeh,2024-02-22,2024-11-07,259.0,43.0,6,13,5,10.5,5.5,0.0,False
CUST12704,Aqaba,Small Business,Technology,Trade Show,Qualified,False,Active,CRM Basic,No Campaign,WhatsApp,Ahmad Saleh,2025-09-12,2025-12-31,110.0,65.0,3,9,6,3.6,7.9,0.0,False
CUST12705,Irbid,Consumer,Retail,Website,Proposal,False,Active,Analytics Add-on,Year-End Campaign,Email,Omar Mansour,2024-09-15,2025-09-07,357.0,23.0,6,9,4,10.2,6.8,29.1,True
CUST12706,Irbid,Corporate,Education,Instagram,Negotiation,False,Prospect,CRM Professional,Year-End Campaign,Meeting,Omar Mansour,2024-04-22,2024-10-07,168.0,67.0,5,15,3,8.8,7.0,598.52,True
CUST12707,Irbid,Small Business,Hospitality,Cold Call,Proposal,False,Inactive,CRM Basic,Back-to-School,Meeting,Samer Khalil,2024-07-25,2025-01-17,176.0,81.0,6,6,4,,7.5,87.1,True
CUST12708,Irbid,Enterprise,Hospitality,Trade Show,Qualified,False,Prospect,Marketing Add-on,No Campaign,WhatsApp,Ahmad Saleh,2024-12-24,2025-10-30,310.0,72.0,8,8,5,20.7,5.9,0.0,False
CUST12709,Madaba,Consumer,Hospitality,Referral,Won,True,Active,Marketing Add-on,Back-to-School,Website,Lina Haddad,2024-01-29,2024-11-15,291.0,97.0,3,6,3,11.8,9.3,217.4,True
CUST12710,Amman,Consumer,Education,Cold Call,New Lead,False,Inactive,CRM Professional,Q1 Acquisition,Meeting,Dana Nasser,2025-11-16,2025-12-16,30.0,19.0,3,5,2,4.2,6.9,0.0,False
CUST12711,Irbid,Consumer,Education,Cold Call,Qualified,False,Active,Marketing Add-on,No Campaign,Meeting,Samer Khalil,2023-07-01,2023-10-17,108.0,34.0,4,7,1,14.7,8.5,0.0,False
CUST12712,Karak,Small Business,Education,LinkedIn,Won,True,Inactive,CRM Basic,Q1 Acquisition,Meeting,Ahmad Saleh,2024-10-19,2025-08-11,296.0,92.0,4,7,3,12.6,7.3,318.68,True
CUST12713,Aqaba,Enterprise,Hospitality,Referral,New Lead,False,Active,CRM Enterprise,No Campaign,Phone,Samer Khalil,2025-09-30,2025-12-31,92.0,21.0,6,4,5,9.6,8.7,0.0,False
CUST12714,Irbid,Consumer,Technology,Facebook,Negotiation,False,Active,CRM Basic,Back-to-School,Meeting,Yara Odeh,2024-01-02,2024-10-30,302.0,50.0,5,11,3,10.7,8.1,57.7,True
CUST12715,Irbid,Corporate,Retail,Google Ads,Won,True,Active,CRM Basic,Q1 Acquisition,Website,Yara Odeh,2024-09-19,2025-08-19,334.0,84.0,3,5,7,17.6,9.0,962.12,True
CUST12716,Irbid,Small Business,Education,Website,Negotiation,False,Active,Analytics Add-on,No Campaign,Social Media,Yara Odeh,2025-05-08,2025-09-26,141.0,72.0,2,10,3,8.4,4.5,161.59,True
CUST12717,Madaba,Corporate,Technology,Facebook,New Lead,False,Inactive,CRM Professional,Q1 Acquisition,Phone,Ahmad Saleh,2025-10-05,2025-12-31,87.0,88.0,8,3,4,2.6,7.1,0.0,False
CUST12718,Jerash,Consumer,Retail,Unknown,Contacted,False,Inactive,CRM Basic,Spring Campaign,Phone,Ahmad Saleh,2023-05-15,,,57.0,4,9,1,17.8,7.4,0.0,False
CUST12719,Jerash,Corporate,Hospitality,Cold Call,Qualified,False,Inactive,CRM Professional,Summer Campaign,Social Media,Samer Khalil,2025-02-19,2025-11-19,273.0,63.0,3,8,2,8.2,7.0,0.0,False
CUST12720,Madaba,Consumer,Technology,Email Campaign,Contacted,False,Prospect,CRM Basic,Year-End Campaign,Website,Ahmad Saleh,2025-04-12,2025-11-30,232.0,39.0,3,5,7,,10.0,0.0,False
CUST12721,Karak,Corporate,Hospitality,Cold Call,Lost,False,Active,CRM Enterprise,Q1 Acquisition,WhatsApp,Ahmad Saleh,2025-04-30,2025-12-27,241.0,,1,13,4,9.8,8.5,0.0,False
CUST12722,Salt,Consumer,Manufacturing,Referral,Proposal,False,Active,CRM Basic,Year-End Campaign,Email,Dana Nasser,2023-04-03,2024-03-23,355.0,66.0,6,3,3,8.1,6.7,19.27,True
CUST12723,Salt,Consumer,Education,LinkedIn,Contacted,False,Prospect,Analytics Add-on,Referral Program,Website,Lina Haddad,2023-01-03,2023-12-06,337.0,40.0,8,8,4,7.4,9.3,0.0,False
CUST12724,Madaba,Corporate,Unknown,Cold Call,Lost,False,Active,CRM Basic,Q1 Acquisition,Social Media,Omar Mansour,2023-08-11,2024-04-25,258.0,41.0,3,11,1,4.2,9.0,0.0,False
CUST12725,Jerash,Consumer,Technology,Instagram,Negotiation,False,Active,CRM Professional,Year-End Campaign,Meeting,Dana Nasser,2025-09-27,2025-12-31,95.0,66.0,6,9,2,14.5,8.9,188.68,True
CUST12726,Irbid,Consumer,Education,Cold Call,Contacted,False,Prospect,CRM Professional,No Campaign,Meeting,Omar Mansour,2025-04-20,2025-07-06,77.0,48.0,4,11,1,7.7,6.9,0.0,False
CUST12727,Zarqa,Small Business,Finance,Facebook,Qualified,False,Active,CRM Enterprise,No Campaign,Social Media,Omar Mansour,2025-04-04,2025-10-01,180.0,100.0,11,4,4,4.4,8.3,0.0,False
CUST12728,Amman,Small Business,Retail,Google Ads,Contacted,False,Active,CRM Basic,Spring Campaign,Meeting,Lina Haddad,2025-01-08,2025-03-15,66.0,63.0,4,5,7,17.1,8.4,0.0,False
CUST12729,Amman,Small Business,Manufacturing,Email Campaign,Lost,False,Active,CRM Professional,Referral Program,Social Media,Dana Nasser,2025-06-23,2025-12-31,191.0,41.0,3,5,3,6.1,6.9,0.0,False
CUST12730,Karak,Consumer,Education,Instagram,Qualified,False,Active,CRM Professional,No Campaign,Phone,Ahmad Saleh,2025-05-23,2025-12-31,222.0,59.0,9,10,6,6.8,7.5,0.0,False
CUST12731,Madaba,Consumer,Finance,Instagram,Won,True,Active,Marketing Add-on,No Campaign,WhatsApp,Lina Haddad,2025-05-06,2025-10-24,171.0,52.0,7,7,5,6.9,5.2,151.11,True
CUST12732,Unknown,Consumer,Technology,Unknown,Qualified,False,Active,CRM Basic,Summer Campaign,Phone,Ahmad Saleh,2025-01-15,2025-02-06,22.0,24.0,6,2,5,12.8,6.0,0.0,False
CUST12733,Amman,Consumer,Technology,Instagram,Won,True,Active,Analytics Add-on,Spring Campaign,Phone,Ahmad Saleh,2024-09-16,2025-01-01,107.0,95.0,4,8,3,5.1,7.6,230.99,True
CUST12734,Jerash,Enterprise,Finance,Email Campaign,New Lead,False,Active,CRM Basic,Q1 Acquisition,Phone,Yara Odeh,2024-07-09,2025-05-28,323.0,55.0,4,12,5,6.2,6.5,0.0,False
CUST12735,Amman,Consumer,Manufacturing,Facebook,Lost,False,Active,CRM Basic,Summer Campaign,Social Media,Ahmad Saleh,2023-08-07,2024-03-21,227.0,53.0,8,5,6,9.8,8.0,0.0,False
CUST12736,Irbid,Consumer,Finance,Google Ads,Won,True,Inactive,CRM Basic,Q1 Acquisition,Website,Ahmad Saleh,2025-12-29,,,100.0,2,5,1,4.9,7.2,77.38,True
CUST12737,Salt,Consumer,Retail,Trade Show,Qualified,False,Active,CRM Basic,Referral Program,Email,Dana Nasser,2023-07-01,2023-09-08,69.0,64.0,5,5,5,14.0,9.2,0.0,False
CUST12738,Irbid,Consumer,Technology,Cold Call,Won,True,Active,CRM Professional,Q1 Acquisition,Email,Omar Mansour,2024-03-15,2024-06-07,84.0,96.0,7,5,2,7.1,6.7,248.7,True
CUST12739,Aqaba,Small Business,Finance,Instagram,Negotiation,False,Active,Marketing Add-on,No Campaign,WhatsApp,Omar Mansour,2025-11-21,2025-12-31,40.0,72.0,8,6,3,15.4,8.6,175.07,True
CUST12740,Aqaba,Small Business,Healthcare,LinkedIn,Won,True,Active,CRM Basic,Q1 Acquisition,WhatsApp,Dana Nasser,2024-04-10,2024-05-19,39.0,30.0,7,6,5,,8.5,129.99,True
CUST12741,Jerash,Consumer,Healthcare,Facebook,Contacted,False,Active,CRM Professional,Back-to-School,Social Media,Omar Mansour,2024-09-28,2024-10-11,13.0,73.0,6,10,5,5.6,6.7,0.0,False
CUST12742,Karak,Consumer,Finance,Trade Show,Qualified,False,Active,CRM Professional,Summer Campaign,Email,Yara Odeh,2025-02-06,2025-11-30,297.0,41.0,10,6,6,2.9,8.9,0.0,False
CUST12743,Amman,Consumer,Retail,Referral,Won,True,Inactive,CRM Professional,Year-End Campaign,Website,Lina Haddad,2023-06-01,2024-04-09,313.0,85.0,3,13,3,2.1,8.0,213.37,True
CUST12744,Amman,Corporate,Technology,Facebook,Won,True,Active,CRM Professional,Back-to-School,Social Media,Ahmad Saleh,2025-07-07,2025-12-31,177.0,66.0,7,9,3,3.4,7.3,1369.99,True
CUST12745,Aqaba,Small Business,Healthcare,Email Campaign,Qualified,False,Prospect,Marketing Add-on,Year-End Campaign,WhatsApp,Ahmad Saleh,2024-06-25,2025-03-20,268.0,65.0,5,11,1,2.9,6.3,0.0,False
CUST12746,Aqaba,Consumer,Finance,Cold Call,Won,True,Active,CRM Basic,Q1 Acquisition,Social Media,Yara Odeh,2025-12-30,2025-12-31,1.0,100.0,5,8,6,11.6,7.6,99.76,True
CUST12747,Jerash,Small Business,Hospitality,Facebook,New Lead,False,Active,Analytics Add-on,Q1 Acquisition,WhatsApp,Ahmad Saleh,2024-03-25,2024-07-23,120.0,52.0,3,8,6,5.5,5.2,0.0,False
CUST12748,Irbid,Corporate,Finance,Website,Won,True,Active,CRM Basic,Back-to-School,Email,Samer Khalil,2024-09-25,2025-09-13,353.0,96.0,8,12,2,7.5,10.0,1565.82,True
CUST12749,Madaba,Corporate,Education,Cold Call,Contacted,False,Inactive,CRM Professional,Spring Campaign,Social Media,Lina Haddad,2025-08-12,2025-10-08,57.0,46.0,5,7,3,15.7,9.6,0.0,False
CUST12750,Amman,Enterprise,Finance,Website,Contacted,False,Active,CRM Professional,Q1 Acquisition,Phone,Samer Khalil,2024-05-20,2024-06-29,40.0,44.0,2,6,5,4.2,5.7,0.0,False
CUST12751,Zarqa,Consumer,Retail,Instagram,Qualified,False,Active,CRM Professional,Spring Campaign,Meeting,Dana Nasser,2025-06-17,2025-12-31,197.0,54.0,3,3,5,4.7,9.0,0.0,False
CUST12752,Unknown,Consumer,Healthcare,LinkedIn,Qualified,False,Active,CRM Basic,Referral Program,WhatsApp,Samer Khalil,2025-05-18,,,75.0,5,8,4,,6.8,0.0,False
CUST12753,Irbid,Consumer,Education,Facebook,Proposal,False,Inactive,CRM Basic,Back-to-School,Phone,Omar Mansour,2023-03-08,,,68.0,6,9,9,5.2,4.6,12.49,True
CUST12754,Salt,Corporate,Healthcare,Cold Call,Proposal,False,Prospect,CRM Professional,Spring Campaign,WhatsApp,Omar Mansour,2023-06-08,2023-07-13,35.0,81.0,4,6,4,3.4,8.1,275.05,True
CUST12755,Amman,Enterprise,Healthcare,Referral,Contacted,False,Prospect,Analytics Add-on,Q1 Acquisition,Phone,Lina Haddad,2024-04-07,2024-12-22,259.0,46.0,6,7,6,5.0,6.3,0.0,False
CUST12756,Zarqa,Consumer,Retail,Website,Contacted,False,Active,CRM Basic,Summer Campaign,Email,Samer Khalil,2024-03-22,2024-03-27,5.0,70.0,5,10,5,10.2,5.4,0.0,False
CUST12757,Amman,Consumer,Finance,Google Ads,Won,True,Active,CRM Enterprise,Summer Campaign,Email,Samer Khalil,2023-12-04,2024-07-09,218.0,94.0,4,11,3,17.0,5.2,599.42,True
CUST12758,Zarqa,Consumer,Retail,Cold Call,Qualified,False,Prospect,CRM Professional,Referral Program,Website,Ahmad Saleh,2023-04-06,2023-04-17,11.0,62.0,3,8,1,11.1,7.1,0.0,False
CUST12759,Aqaba,Consumer,Finance,Unknown,Qualified,False,Active,Marketing Add-on,No Campaign,Website,Lina Haddad,2024-08-27,2025-07-20,327.0,74.0,7,5,7,4.9,4.3,0.0,False
CUST12760,Jerash,Consumer,Education,Facebook,Proposal,False,Active,CRM Professional,Summer Campaign,Website,Ahmad Saleh,2025-11-29,2025-12-31,32.0,88.0,5,7,7,8.1,8.0,36.62,True
CUST12761,Karak,Small Business,Retail,Cold Call,Won,True,Inactive,CRM Basic,Year-End Campaign,Social Media,Lina Haddad,2025-10-25,2025-12-31,67.0,100.0,8,12,7,8.2,8.3,397.56,True
CUST12762,Madaba,Consumer,Retail,Facebook,Negotiation,False,Active,Marketing Add-on,Year-End Campaign,WhatsApp,Lina Haddad,2024-12-07,2025-12-04,362.0,59.0,3,11,1,5.0,7.7,87.69,True
CUST12763,Aqaba,Consumer,Hospitality,Email Campaign,New Lead,False,Prospect,CRM Basic,Back-to-School,Social Media,Samer Khalil,2025-07-09,2025-11-02,116.0,58.0,4,6,10,5.4,9.3,0.0,False
CUST12764,Irbid,Small Business,Manufacturing,Website,Won,True,Active,CRM Professional,Q1 Acquisition,Website,Yara Odeh,2024-02-26,2024-08-06,162.0,94.0,5,4,4,2.6,6.7,539.38,True
CUST12765,Aqaba,Consumer,Technology,Cold Call,Lost,False,Active,CRM Professional,Unknown,WhatsApp,Ahmad Saleh,2023-11-03,2024-01-09,67.0,64.0,5,8,3,9.9,8.9,0.0,False
CUST12766,Aqaba,Consumer,Retail,Cold Call,Qualified,False,Active,CRM Professional,Summer Campaign,Social Media,Dana Nasser,2025-06-18,2025-12-31,196.0,51.0,1,8,6,8.5,7.2,0.0,False
CUST12767,Irbid,Consumer,Manufacturing,LinkedIn,Lost,False,Prospect,Marketing Add-on,Year-End Campaign,Email,Ahmad Saleh,2025-07-13,2025-08-13,31.0,47.0,7,8,3,10.9,6.4,0.0,False
CUST12768,Madaba,Corporate,Construction,Unknown,Proposal,False,Active,Analytics Add-on,Q1 Acquisition,WhatsApp,Dana Nasser,2024-04-01,2024-06-15,75.0,58.0,7,8,3,1.9,8.6,444.06,True
CUST12769,Jerash,Corporate,Technology,Referral,Qualified,False,Inactive,Analytics Add-on,Referral Program,Website,Omar Mansour,2023-06-06,2024-01-29,237.0,67.0,3,3,5,4.6,7.1,0.0,False
CUST12770,Zarqa,Consumer,Hospitality,Facebook,Contacted,False,Prospect,Marketing Add-on,Referral Program,Email,Lina Haddad,2024-06-18,2025-05-11,327.0,33.0,6,5,4,12.8,7.0,0.0,False
CUST12771,Salt,Small Business,Finance,Trade Show,Proposal,False,Active,CRM Professional,Summer Campaign,WhatsApp,Ahmad Saleh,2023-12-16,2024-02-20,66.0,94.0,4,5,2,6.2,9.4,236.46,True
CUST12772,Amman,Consumer,Construction,LinkedIn,Contacted,False,Active,CRM Basic,Spring Campaign,Social Media,Lina Haddad,2025-02-10,2025-04-21,70.0,53.0,3,11,4,13.7,9.3,0.0,False
CUST12773,Irbid,Small Business,Finance,Trade Show,New Lead,False,Inactive,Analytics Add-on,Year-End Campaign,Meeting,Yara Odeh,2023-05-13,2024-03-05,297.0,75.0,5,10,4,6.2,8.6,0.0,False
CUST12774,Salt,Corporate,Finance,Instagram,New Lead,False,Inactive,CRM Professional,No Campaign,Meeting,Ahmad Saleh,2023-11-18,2023-12-08,20.0,27.0,6,6,2,11.4,8.6,0.0,False
CUST12775,Karak,Corporate,Manufacturing,Trade Show,Contacted,False,Active,CRM Basic,Referral Program,Website,Omar Mansour,2025-03-29,2025-11-10,226.0,54.0,4,11,4,3.2,5.9,0.0,False
CUST12776,Zarqa,Consumer,Manufacturing,Website,Qualified,False,Active,CRM Professional,Q1 Acquisition,Social Media,Ahmad Saleh,2023-11-12,2024-05-29,199.0,62.0,5,11,5,15.6,7.9,0.0,False
CUST12777,Unknown,Enterprise,Technology,Cold Call,Proposal,False,Inactive,Marketing Add-on,Summer Campaign,Email,Omar Mansour,2024-05-29,2024-07-07,39.0,80.0,11,5,4,7.9,7.9,447.72,True
CUST12778,Zarqa,Enterprise,Finance,LinkedIn,Contacted,False,Active,CRM Basic,No Campaign,Email,Lina Haddad,2023-03-10,2023-08-02,145.0,65.0,5,14,3,7.5,8.1,0.0,False
CUST12779,Salt,Corporate,Healthcare,Cold Call,Lost,False,Inactive,Analytics Add-on,Year-End Campaign,Email,Samer Khalil,2025-03-24,2025-05-08,45.0,18.0,5,10,3,1.7,8.5,0.0,False
CUST12780,Zarqa,Small Business,Construction,Email Campaign,Contacted,False,Active,CRM Professional,Q1 Acquisition,WhatsApp,Yara Odeh,2023-02-05,2023-12-28,326.0,74.0,8,5,7,5.9,7.6,0.0,False
CUST12781,Karak,Consumer,Retail,LinkedIn,Qualified,False,Prospect,CRM Basic,Referral Program,Website,Dana Nasser,2023-06-14,2023-09-13,91.0,78.0,6,6,3,10.0,7.5,0.0,False
CUST12782,Irbid,Consumer,Manufacturing,LinkedIn,New Lead,False,Active,Analytics Add-on,Summer Campaign,Meeting,Lina Haddad,2025-08-08,2025-12-31,145.0,10.0,7,14,2,6.0,5.0,0.0,False
CUST12783,Karak,Consumer,Manufacturing,Google Ads,Contacted,False,Active,Marketing Add-on,Back-to-School,Email,Yara Odeh,2024-10-28,2025-01-06,70.0,79.0,6,5,8,15.8,7.2,0.0,False
CUST12784,Salt,Consumer,Manufacturing,Cold Call,New Lead,False,Active,CRM Professional,Summer Campaign,Social Media,Yara Odeh,2023-11-18,2024-05-02,166.0,15.0,5,7,2,6.0,8.8,0.0,False
CUST12785,Salt,Corporate,Technology,LinkedIn,Proposal,False,Active,CRM Professional,Referral Program,Website,Samer Khalil,2023-03-16,2023-07-24,130.0,73.0,4,10,1,2.2,7.8,386.02,True
CUST12786,Salt,Small Business,Finance,Email Campaign,Negotiation,False,Active,CRM Professional,Spring Campaign,Meeting,Lina Haddad,2024-10-25,2025-05-27,214.0,67.0,7,7,6,24.9,4.9,593.37,True
CUST12787,Irbid,Enterprise,Healthcare,Email Campaign,Contacted,False,Active,Analytics Add-on,Summer Campaign,Social Media,Lina Haddad,2023-02-16,2024-01-22,340.0,46.0,5,10,8,16.0,9.7,0.0,False
CUST12788,Jerash,Consumer,Retail,Website,Qualified,False,Inactive,CRM Basic,Referral Program,Social Media,Ahmad Saleh,2023-09-08,2023-12-06,89.0,53.0,6,9,5,4.3,7.7,0.0,False
CUST12789,Unknown,Consumer,Retail,Facebook,New Lead,False,Active,CRM Basic,Referral Program,Email,Omar Mansour,2024-08-04,2025-07-05,335.0,50.0,4,4,3,11.8,7.4,0.0,False
CUST12790,Karak,Corporate,Finance,LinkedIn,Won,True,Inactive,CRM Enterprise,Unknown,Website,Omar Mansour,2023-01-01,2023-09-10,252.0,62.0,6,8,8,20.3,8.8,6899.65,True
CUST12791,Aqaba,Consumer,Healthcare,Email Campaign,Won,True,Inactive,CRM Professional,Summer Campaign,Phone,Ahmad Saleh,2023-10-20,2024-10-03,349.0,99.0,5,7,4,4.5,6.2,254.66,True
CUST12792,Salt,Consumer,Technology,Email Campaign,New Lead,False,Inactive,CRM Professional,Q1 Acquisition,WhatsApp,Ahmad Saleh,2023-10-30,2024-01-10,72.0,51.0,3,10,6,9.6,6.6,0.0,False
CUST12793,Salt,Enterprise,Manufacturing,Website,Qualified,False,Active,Analytics Add-on,Unknown,Phone,Lina Haddad,2025-12-27,2025-12-31,4.0,57.0,4,9,4,1.6,7.4,0.0,False
CUST12794,Aqaba,Corporate,Manufacturing,Unknown,Lost,False,Active,Marketing Add-on,Spring Campaign,WhatsApp,Omar Mansour,2024-04-12,2024-05-31,49.0,63.0,8,6,6,12.0,8.0,0.0,False
CUST12795,Irbid,Consumer,Construction,Facebook,Qualified,False,Active,Marketing Add-on,Q1 Acquisition,Website,Lina Haddad,2024-08-31,2024-10-22,52.0,50.0,4,6,4,5.1,6.9,0.0,False
CUST12796,Irbid,Corporate,Construction,Referral,Proposal,False,Prospect,CRM Basic,Back-to-School,Meeting,Samer Khalil,2023-02-21,2023-12-07,289.0,66.0,10,12,6,10.8,9.5,93.98,True
CUST12797,Zarqa,Small Business,Construction,LinkedIn,Qualified,False,Prospect,Marketing Add-on,No Campaign,Email,Samer Khalil,2025-06-20,2025-12-31,194.0,30.0,1,11,2,7.5,7.5,0.0,False
CUST12798,Salt,Corporate,Hospitality,Referral,Proposal,False,Active,CRM Enterprise,No Campaign,Website,Ahmad Saleh,2023-05-23,2023-09-14,114.0,56.0,10,9,5,9.5,8.5,953.21,True
CUST12799,Zarqa,Corporate,Finance,Unknown,Lost,False,Active,CRM Basic,Summer Campaign,Phone,Omar Mansour,2023-01-07,2023-09-03,239.0,27.0,7,4,0,61.6,10.0,0.0,False
CUST12800,Irbid,Consumer,Retail,Google Ads,Lost,False,Active,CRM Enterprise,Back-to-School,Social Media,Samer Khalil,2025-07-24,2025-12-04,133.0,10.0,4,5,4,18.8,7.1,0.0,False
CUST12801,Madaba,Small Business,Manufacturing,Cold Call,Won,True,Active,CRM Basic,Spring Campaign,WhatsApp,Omar Mansour,2024-04-09,2025-01-08,274.0,77.0,3,2,2,6.0,5.9,230.66,True
CUST12802,Zarqa,Consumer,Hospitality,Trade Show,Qualified,False,Active,CRM Enterprise,Q1 Acquisition,WhatsApp,Omar Mansour,2023-04-28,2023-10-11,166.0,58.0,4,10,3,21.9,6.5,0.0,False
CUST12803,Jerash,Consumer,Retail,Website,Qualified,False,Inactive,CRM Enterprise,Referral Program,Phone,Dana Nasser,2025-01-28,2025-11-17,293.0,66.0,6,13,3,8.9,5.7,0.0,False
CUST12804,Irbid,Enterprise,Retail,Email Campaign,Qualified,False,Active,Analytics Add-on,Referral Program,Email,Samer Khalil,2023-01-08,2023-09-08,243.0,72.0,4,11,6,8.0,5.9,0.0,False
CUST12805,Amman,Small Business,Finance,Email Campaign,Lost,False,Inactive,CRM Basic,No Campaign,Website,Samer Khalil,2023-01-10,2023-11-26,320.0,40.0,5,6,3,25.9,6.3,0.0,False
CUST12806,Jerash,Corporate,Education,Facebook,Negotiation,False,Prospect,CRM Enterprise,No Campaign,Phone,Lina Haddad,2024-12-09,2025-04-26,138.0,83.0,3,5,7,6.6,6.5,2879.59,True
CUST12807,Jerash,Corporate,Construction,Google Ads,Qualified,False,Inactive,CRM Basic,No Campaign,Website,Lina Haddad,2023-04-18,2023-07-06,79.0,78.0,5,10,6,9.3,,0.0,False
CUST12808,Irbid,Enterprise,Hospitality,Email Campaign,New Lead,False,Active,Marketing Add-on,Q1 Acquisition,Email,Yara Odeh,2023-02-28,2023-08-17,170.0,62.0,7,9,4,8.9,5.8,0.0,False
CUST12809,Aqaba,Corporate,Education,Trade Show,Proposal,False,Active,CRM Enterprise,No Campaign,Social Media,Omar Mansour,2023-05-14,2023-09-14,123.0,79.0,6,4,4,9.0,8.3,1280.22,True
CUST12810,Amman,Small Business,Education,Unknown,Lost,False,Active,CRM Basic,Summer Campaign,Website,Ahmad Saleh,2023-08-29,2024-02-21,176.0,55.0,6,5,7,2.3,5.5,0.0,False
CUST12811,Jerash,Consumer,Hospitality,Cold Call,Proposal,False,Prospect,CRM Basic,No Campaign,Email,Lina Haddad,2025-12-22,2025-12-31,9.0,47.0,7,10,4,10.8,9.2,25.67,True
CUST12812,Karak,Consumer,Healthcare,Email Campaign,Contacted,False,Active,CRM Enterprise,Back-to-School,Phone,Lina Haddad,2023-06-28,2023-09-18,82.0,66.0,1,11,5,6.6,8.9,0.0,False
CUST12813,Aqaba,Consumer,Construction,Referral,New Lead,False,Active,CRM Professional,Unknown,Meeting,Yara Odeh,2025-06-15,,,20.0,4,9,3,,9.0,0.0,False
CUST12814,Amman,Consumer,Finance,Email Campaign,Qualified,False,Active,CRM Enterprise,Q1 Acquisition,Social Media,Yara Odeh,2025-12-20,2025-12-31,11.0,66.0,4,7,2,13.8,8.4,0.0,False
CUST12815,Madaba,Small Business,Hospitality,LinkedIn,Won,True,Active,CRM Professional,Q1 Acquisition,Social Media,Omar Mansour,2024-11-11,2024-11-27,16.0,93.0,7,4,5,1.2,8.1,740.16,True
CUST12816,Aqaba,Small Business,Retail,Instagram,Lost,False,Inactive,CRM Enterprise,Year-End Campaign,Social Media,Yara Odeh,2024-01-10,2024-11-15,310.0,54.0,3,5,4,7.3,3.2,0.0,False
CUST12817,Irbid,Enterprise,Hospitality,Website,Lost,False,Active,CRM Basic,No Campaign,WhatsApp,Samer Khalil,2025-04-28,2025-12-31,247.0,1.0,7,5,4,19.5,9.9,0.0,False
CUST12818,Salt,Corporate,Manufacturing,Website,Negotiation,False,Active,CRM Professional,Spring Campaign,Meeting,Lina Haddad,2023-05-29,2023-11-08,163.0,89.0,5,13,4,7.4,9.6,943.3,True
CUST12819,Salt,Small Business,Hospitality,Email Campaign,Proposal,False,Active,Marketing Add-on,Q1 Acquisition,Email,Ahmad Saleh,2023-12-21,2024-03-28,98.0,97.0,7,13,3,4.7,8.4,82.3,True
CUST12820,Jerash,Consumer,Healthcare,Trade Show,Proposal,False,Active,CRM Enterprise,Spring Campaign,Website,Omar Mansour,2025-07-06,2025-12-09,156.0,35.0,6,10,3,9.0,6.8,219.17,True
CUST12821,Amman,Consumer,Construction,Google Ads,Proposal,False,Inactive,CRM Basic,Spring Campaign,Phone,Samer Khalil,2025-11-10,2025-11-12,2.0,71.0,3,13,11,5.3,7.6,18.32,True
CUST12822,Madaba,Consumer,Construction,Facebook,Negotiation,False,Active,Marketing Add-on,Unknown,Social Media,Dana Nasser,2025-02-02,2025-12-31,332.0,69.0,7,6,5,6.3,8.1,53.3,True
CUST12823,Amman,Corporate,Education,Trade Show,Qualified,False,Active,CRM Basic,Q1 Acquisition,Social Media,Ahmad Saleh,2024-09-15,2025-03-03,169.0,61.0,6,7,3,10.3,8.7,0.0,False
CUST12824,Zarqa,Consumer,Technology,Google Ads,Negotiation,False,Inactive,CRM Enterprise,Unknown,Social Media,Yara Odeh,2023-11-18,2024-09-28,315.0,99.0,6,5,2,8.8,8.2,299.0,True
CUST12825,Salt,Corporate,Construction,Trade Show,New Lead,False,Inactive,CRM Professional,No Campaign,Email,Samer Khalil,2024-05-19,2025-04-09,325.0,45.0,5,6,2,11.4,8.1,0.0,False
CUST12826,Madaba,Small Business,Construction,LinkedIn,Contacted,False,Active,CRM Professional,No Campaign,Phone,Omar Mansour,2024-08-23,2024-11-23,92.0,30.0,6,7,7,9.0,7.3,0.0,False
CUST12827,Karak,Consumer,Healthcare,Trade Show,Won,True,Active,CRM Basic,Summer Campaign,Email,Dana Nasser,2024-09-15,2025-03-15,181.0,67.0,5,14,5,17.5,7.2,175.1,True
CUST12828,Amman,Consumer,Healthcare,Facebook,Won,True,Active,CRM Basic,No Campaign,Phone,Yara Odeh,2024-06-20,2025-02-06,231.0,65.0,2,9,6,28.5,8.9,142.04,True
CUST12829,Irbid,Small Business,Finance,Website,Proposal,False,Active,Analytics Add-on,Summer Campaign,Website,Yara Odeh,2023-11-21,2024-09-17,301.0,30.0,3,10,3,7.2,6.8,97.49,True
CUST12830,Zarqa,Consumer,Manufacturing,Unknown,New Lead,False,Active,Analytics Add-on,Referral Program,WhatsApp,Ahmad Saleh,2025-09-19,2025-12-31,103.0,29.0,9,9,3,14.8,7.2,0.0,False
CUST12831,Madaba,Corporate,Healthcare,Unknown,Lost,False,Active,CRM Professional,Year-End Campaign,Phone,Lina Haddad,2023-11-15,2024-08-21,280.0,59.0,5,7,5,10.9,6.3,0.0,False
CUST12832,Irbid,Corporate,Hospitality,Cold Call,Negotiation,False,Prospect,CRM Basic,Q1 Acquisition,Meeting,Lina Haddad,2024-06-10,2024-12-16,189.0,80.0,5,6,5,7.2,7.9,256.36,True
CUST12833,Irbid,Small Business,Manufacturing,Google Ads,Qualified,False,Active,Marketing Add-on,Summer Campaign,Email,Ahmad Saleh,2023-07-03,2024-06-14,347.0,63.0,4,10,4,8.2,8.4,0.0,False
CUST12834,Amman,Corporate,Finance,Website,Proposal,False,Inactive,CRM Professional,No Campaign,Email,Lina Haddad,2023-05-21,2024-05-05,350.0,61.0,5,7,5,5.4,5.6,574.62,True
CUST12835,Karak,Small Business,Hospitality,Trade Show,Qualified,False,Prospect,CRM Professional,Q1 Acquisition,Email,Omar Mansour,2023-06-11,2024-04-20,314.0,59.0,5,8,7,26.4,10.0,0.0,False
CUST12836,Jerash,Enterprise,Construction,Trade Show,Qualified,False,Prospect,CRM Professional,Spring Campaign,WhatsApp,Ahmad Saleh,2024-04-19,2024-08-25,128.0,71.0,4,11,3,30.7,9.3,0.0,False
CUST12837,Salt,Consumer,Technology,Trade Show,Won,True,Active,CRM Professional,No Campaign,Phone,Ahmad Saleh,2025-01-04,2025-01-11,7.0,97.0,4,6,4,18.3,8.5,338.28,True
CUST12838,Zarqa,Corporate,Retail,Email Campaign,Contacted,False,Prospect,CRM Professional,Q1 Acquisition,Phone,Yara Odeh,2023-10-14,2023-11-30,47.0,56.0,7,12,3,11.7,8.4,0.0,False
CUST12839,Salt,Consumer,Retail,LinkedIn,New Lead,False,Prospect,CRM Enterprise,Unknown,Phone,Lina Haddad,2025-10-08,2025-11-30,53.0,18.0,8,13,3,7.1,6.9,0.0,False
CUST12840,Irbid,Consumer,Education,Unknown,New Lead,False,Active,CRM Professional,No Campaign,Phone,Yara Odeh,2023-03-04,2023-09-07,187.0,31.0,3,8,3,15.2,9.7,0.0,False
CUST12841,Salt,Consumer,Construction,Unknown,Contacted,False,Active,Marketing Add-on,No Campaign,Social Media,Ahmad Saleh,2023-11-23,2023-12-31,38.0,59.0,2,8,9,25.4,7.0,0.0,False
CUST12842,Zarqa,Small Business,Education,Unknown,New Lead,False,Active,CRM Professional,No Campaign,Social Media,Dana Nasser,2024-08-06,2025-03-20,226.0,27.0,1,7,1,4.9,7.1,0.0,False
CUST12843,Irbid,Consumer,Technology,Website,Contacted,False,Inactive,CRM Professional,Back-to-School,Meeting,Ahmad Saleh,2023-02-18,2023-04-12,53.0,38.0,10,5,5,1.3,4.8,0.0,False
CUST12844,Aqaba,Consumer,Retail,Trade Show,New Lead,False,Active,CRM Professional,Q1 Acquisition,Email,Lina Haddad,2023-12-08,2024-07-19,224.0,54.0,2,8,7,7.4,4.7,0.0,False
CUST12845,Madaba,Enterprise,Education,Instagram,Contacted,False,Active,CRM Enterprise,Referral Program,Social Media,Lina Haddad,2024-10-20,2024-11-19,30.0,66.0,5,10,5,10.9,6.7,0.0,False
CUST12846,Aqaba,Corporate,Construction,LinkedIn,Contacted,False,Inactive,CRM Basic,Referral Program,Phone,Lina Haddad,2024-08-07,2024-09-24,48.0,31.0,1,6,4,31.0,8.5,0.0,False
CUST12847,Salt,Corporate,Manufacturing,Referral,New Lead,False,Active,CRM Basic,Year-End Campaign,Phone,Lina Haddad,2025-11-10,2025-12-31,51.0,13.0,7,12,3,10.1,7.8,0.0,False
CUST12848,Amman,Corporate,Healthcare,Instagram,Proposal,False,Prospect,Analytics Add-on,No Campaign,Social Media,Omar Mansour,2024-03-06,2024-07-31,147.0,43.0,5,6,3,12.6,6.2,232.66,True
CUST12849,Madaba,Enterprise,Finance,LinkedIn,Proposal,False,Active,CRM Basic,No Campaign,Website,Lina Haddad,2025-03-25,2025-05-28,64.0,80.0,6,8,3,7.9,9.9,204.52,True
CUST12850,Jerash,Small Business,Hospitality,Referral,New Lead,False,Inactive,CRM Enterprise,Year-End Campaign,Meeting,Dana Nasser,2023-07-22,2024-07-05,349.0,23.0,4,10,1,5.7,8.8,0.0,False
CUST12851,Karak,Consumer,Education,Website,Proposal,False,Active,Marketing Add-on,Q1 Acquisition,Email,Ahmad Saleh,2024-07-15,2025-01-13,182.0,56.0,5,7,6,12.3,7.1,24.3,True
CUST12852,Amman,Corporate,Technology,Trade Show,Lost,False,Active,CRM Professional,Q1 Acquisition,WhatsApp,Samer Khalil,2023-09-14,2024-01-17,125.0,20.0,3,14,3,,8.0,0.0,False
CUST12853,Zarqa,Corporate,Hospitality,LinkedIn,Lost,False,Inactive,CRM Basic,Summer Campaign,Meeting,Samer Khalil,2024-06-03,2024-11-29,179.0,45.0,4,2,3,9.9,8.8,0.0,False
CUST12854,Zarqa,Consumer,Retail,Trade Show,New Lead,False,Active,CRM Professional,Summer Campaign,Email,Omar Mansour,2025-10-07,2025-11-15,39.0,35.0,6,8,6,14.2,7.4,0.0,False
CUST12855,Madaba,Consumer,Construction,LinkedIn,Won,True,Active,Analytics Add-on,Q1 Acquisition,Email,Samer Khalil,2025-05-24,2025-12-31,221.0,89.0,3,14,4,4.4,6.1,260.47,True
CUST12856,Zarqa,Consumer,Technology,Website,Qualified,False,Prospect,CRM Professional,Year-End Campaign,Email,Lina Haddad,2024-09-02,2024-09-05,3.0,67.0,4,4,3,9.1,6.0,0.0,False
CUST12857,Salt,Enterprise,Finance,Referral,New Lead,False,Active,CRM Enterprise,Year-End Campaign,Meeting,Samer Khalil,2025-08-09,2025-10-12,64.0,1.0,4,2,2,9.1,8.5,0.0,False
CUST12858,Irbid,Consumer,Finance,Trade Show,Contacted,False,Prospect,Analytics Add-on,Referral Program,Meeting,Dana Nasser,2025-08-13,2025-09-11,29.0,57.0,3,4,3,7.5,8.9,0.0,False
CUST12859,Jerash,Enterprise,Technology,Instagram,Contacted,False,Active,CRM Professional,Spring Campaign,Social Media,Yara Odeh,2024-01-03,,,48.0,6,7,2,7.4,10.0,0.0,False
CUST12860,Amman,Enterprise,Education,Referral,Proposal,False,Active,Analytics Add-on,Summer Campaign,Email,Lina Haddad,2025-10-31,2025-12-31,61.0,92.0,4,10,4,8.3,8.3,529.23,True
CUST12861,Aqaba,Small Business,Education,Instagram,Negotiation,False,Active,CRM Professional,Spring Campaign,Phone,Samer Khalil,2023-06-07,2024-05-30,358.0,57.0,5,9,3,16.0,9.2,311.09,True
CUST12862,Karak,Small Business,Retail,Instagram,Negotiation,False,Prospect,CRM Professional,Year-End Campaign,Email,Lina Haddad,2025-03-03,2025-09-22,203.0,84.0,6,10,4,1.8,9.4,238.73,True
CUST12863,Irbid,Consumer,Manufacturing,Website,Contacted,False,Active,CRM Enterprise,Year-End Campaign,Phone,Omar Mansour,2024-04-18,2024-05-09,21.0,52.0,4,8,3,3.2,4.2,0.0,False
CUST12864,Salt,Consumer,Retail,Facebook,Contacted,False,Prospect,CRM Basic,Back-to-School,Social Media,Dana Nasser,2025-03-04,2025-04-12,39.0,33.0,4,7,3,8.2,,0.0,False
CUST12865,Irbid,Consumer,Healthcare,Facebook,Contacted,False,Prospect,CRM Basic,Summer Campaign,Social Media,Ahmad Saleh,2024-02-12,2024-09-22,223.0,71.0,8,7,5,13.0,8.8,0.0,False
CUST12866,Salt,Corporate,Manufacturing,Trade Show,Qualified,False,Active,CRM Enterprise,Spring Campaign,Email,Yara Odeh,2024-01-30,2024-05-11,102.0,68.0,2,7,3,6.2,4.3,0.0,False
CUST12867,Madaba,Consumer,Construction,Cold Call,Lost,False,Inactive,CRM Enterprise,No Campaign,Meeting,Lina Haddad,2023-11-06,2023-12-22,46.0,38.0,6,8,2,3.7,6.5,0.0,False
CUST12868,Irbid,Consumer,Hospitality,Google Ads,Won,True,Inactive,CRM Professional,Q1 Acquisition,Phone,Dana Nasser,2024-09-26,2024-12-01,66.0,63.0,5,13,5,14.5,5.5,378.58,True
CUST12869,Karak,Consumer,Construction,Facebook,Lost,False,Active,Analytics Add-on,Year-End Campaign,Phone,Omar Mansour,2023-07-09,2023-10-08,91.0,68.0,5,5,5,9.9,6.9,0.0,False
CUST12870,Aqaba,Enterprise,Healthcare,Trade Show,Negotiation,False,Active,CRM Professional,Q1 Acquisition,Phone,Omar Mansour,2025-06-25,2025-12-06,164.0,90.0,7,12,5,10.1,7.0,1550.05,True
CUST12871,Aqaba,Consumer,Retail,Instagram,Qualified,False,Active,Marketing Add-on,Spring Campaign,Phone,Dana Nasser,2023-10-02,2024-01-21,111.0,60.0,6,9,11,9.0,6.2,0.0,False
CUST12872,Karak,Enterprise,Manufacturing,Facebook,Qualified,False,Inactive,CRM Enterprise,Unknown,WhatsApp,Samer Khalil,2024-12-05,2025-11-08,338.0,60.0,4,9,4,3.8,4.4,0.0,False
CUST12873,Zarqa,Consumer,Manufacturing,Website,Qualified,False,Inactive,CRM Professional,No Campaign,Social Media,Dana Nasser,2024-04-09,2024-08-10,123.0,38.0,6,16,6,15.7,7.7,0.0,False
CUST12874,Aqaba,Small Business,Healthcare,Trade Show,Qualified,False,Active,CRM Professional,Q1 Acquisition,Phone,Samer Khalil,2023-10-12,2024-04-22,193.0,87.0,8,7,5,5.9,6.6,0.0,False
CUST12875,Zarqa,Consumer,Construction,Google Ads,Won,True,Active,CRM Enterprise,No Campaign,WhatsApp,Samer Khalil,2024-09-13,2024-12-21,99.0,58.0,3,9,3,8.0,9.3,868.5,True
CUST12876,Irbid,Small Business,Technology,LinkedIn,Qualified,False,Prospect,Marketing Add-on,No Campaign,WhatsApp,Dana Nasser,2025-06-23,2025-12-31,191.0,78.0,3,6,3,23.2,5.1,0.0,False
CUST12877,Madaba,Small Business,Education,Cold Call,Contacted,False,Active,CRM Basic,Year-End Campaign,Social Media,Omar Mansour,2024-08-30,,,90.0,9,8,3,1.5,10.0,0.0,False
CUST12878,Salt,Consumer,Manufacturing,Instagram,Won,True,Inactive,CRM Professional,Summer Campaign,Website,Ahmad Saleh,2025-12-16,2025-12-31,15.0,65.0,6,5,7,,4.8,264.16,True
CUST12879,Zarqa,Small Business,Hospitality,Instagram,Won,True,Active,CRM Basic,No Campaign,Email,Ahmad Saleh,2024-04-07,2025-01-13,281.0,70.0,6,5,4,10.8,8.0,374.42,True
CUST12880,Amman,Small Business,Unknown,LinkedIn,Qualified,False,Prospect,CRM Basic,Back-to-School,Social Media,Dana Nasser,2025-10-26,2025-12-08,43.0,44.0,3,13,8,12.5,,0.0,False
CUST12881,Amman,Small Business,Manufacturing,Facebook,Negotiation,False,Prospect,CRM Enterprise,Unknown,Website,Lina Haddad,2024-09-25,2024-12-18,84.0,98.0,6,7,2,13.1,8.7,649.33,True
CUST12882,Jerash,Corporate,Healthcare,LinkedIn,New Lead,False,Active,CRM Basic,Year-End Campaign,Meeting,Dana Nasser,2023-09-07,2024-03-16,191.0,43.0,7,4,5,24.8,8.6,0.0,False
CUST12883,Karak,Consumer,Manufacturing,Instagram,Proposal,False,Active,CRM Enterprise,Spring Campaign,Email,Ahmad Saleh,2024-11-20,2025-01-10,51.0,37.0,1,4,3,16.2,,137.75,True
CUST12884,Aqaba,Small Business,Construction,Google Ads,New Lead,False,Active,Marketing Add-on,Unknown,Email,Yara Odeh,2024-03-04,2024-09-30,210.0,18.0,1,8,4,2.1,7.0,0.0,False
CUST12885,Aqaba,Enterprise,Healthcare,Facebook,New Lead,False,Active,Marketing Add-on,No Campaign,Email,Dana Nasser,2024-02-25,2024-06-30,126.0,53.0,1,6,3,22.7,6.5,0.0,False
CUST12886,Amman,Corporate,Technology,Trade Show,Proposal,False,Active,CRM Basic,Referral Program,WhatsApp,Yara Odeh,2024-11-06,2025-01-14,69.0,52.0,5,7,6,5.3,7.3,143.31,True
CUST12887,Salt,Enterprise,Hospitality,Instagram,Contacted,False,Inactive,CRM Enterprise,Back-to-School,Phone,Yara Odeh,2025-05-30,2025-12-31,215.0,15.0,3,10,5,6.8,6.9,0.0,False
CUST12888,Madaba,Consumer,Manufacturing,LinkedIn,Negotiation,False,Active,Marketing Add-on,Summer Campaign,Email,Yara Odeh,2024-02-23,2024-11-07,258.0,84.0,1,6,4,10.2,6.9,45.42,True
CUST12889,Salt,Corporate,Finance,Instagram,Won,True,Active,CRM Basic,Referral Program,Phone,Omar Mansour,2023-12-02,,,87.0,5,8,3,7.0,8.7,710.13,True
CUST12890,Amman,Small Business,Retail,Instagram,New Lead,False,Inactive,CRM Professional,Year-End Campaign,Email,Ahmad Saleh,2023-07-24,2024-03-10,230.0,25.0,11,7,0,8.7,7.1,0.0,False
CUST12891,Madaba,Consumer,Hospitality,Google Ads,Negotiation,False,Inactive,Marketing Add-on,Summer Campaign,WhatsApp,Ahmad Saleh,2025-08-21,,,66.0,5,7,1,5.0,10.0,138.43,True
CUST12892,Zarqa,Corporate,Technology,Google Ads,Qualified,False,Active,CRM Basic,Back-to-School,Meeting,Ahmad Saleh,2025-06-11,2025-06-21,10.0,53.0,9,8,6,4.9,5.9,0.0,False
CUST12893,Jerash,Small Business,Finance,Email Campaign,New Lead,False,Inactive,Marketing Add-on,Spring Campaign,Email,Omar Mansour,2025-05-14,2025-09-05,114.0,36.0,6,8,5,6.6,8.3,0.0,False
CUST12894,Jerash,Consumer,Hospitality,LinkedIn,Proposal,False,Inactive,CRM Professional,Unknown,Social Media,Ahmad Saleh,2023-03-04,2023-05-19,76.0,94.0,6,13,4,27.3,,83.56,True
CUST12895,Amman,Consumer,Unknown,Unknown,Proposal,False,Active,CRM Basic,No Campaign,Website,Lina Haddad,2023-05-21,2023-11-01,164.0,82.0,3,7,2,24.5,9.9,8.3,True
CUST12896,Karak,Corporate,Education,LinkedIn,Qualified,False,Active,CRM Professional,No Campaign,Email,Ahmad Saleh,2023-06-17,2023-09-10,85.0,72.0,2,12,7,7.9,7.2,0.0,False
CUST12897,Zarqa,Consumer,Unknown,Google Ads,Lost,False,Active,CRM Professional,Back-to-School,Website,Dana Nasser,2023-08-16,2023-10-04,49.0,43.0,6,14,4,8.5,,0.0,False
CUST12898,Irbid,Consumer,Technology,Email Campaign,Proposal,False,Prospect,CRM Professional,Back-to-School,Website,Lina Haddad,2023-09-24,2024-08-15,326.0,52.0,5,6,6,4.3,9.7,43.02,True
CUST12899,Amman,Consumer,Education,Facebook,Lost,False,Prospect,CRM Professional,No Campaign,WhatsApp,Samer Khalil,2023-10-01,2024-03-26,177.0,74.0,5,9,5,13.3,8.2,0.0,False
CUST12900,Zarqa,Consumer,Manufacturing,Instagram,Qualified,False,Inactive,CRM Professional,Referral Program,Meeting,Ahmad Saleh,2025-09-23,2025-12-31,99.0,60.0,7,11,3,1.4,9.0,0.0,False
CUST12901,Zarqa,Enterprise,Retail,Cold Call,New Lead,False,Active,CRM Professional,Q1 Acquisition,Website,Samer Khalil,2024-03-30,2024-10-05,189.0,21.0,6,7,7,5.6,7.8,0.0,False
CUST12902,Salt,Consumer,Construction,LinkedIn,Qualified,False,Active,CRM Basic,Summer Campaign,WhatsApp,Samer Khalil,2024-11-13,2025-10-25,346.0,100.0,6,6,3,14.2,6.4,0.0,False
CUST12903,Irbid,Small Business,Finance,LinkedIn,Contacted,False,Prospect,Analytics Add-on,Spring Campaign,Meeting,Omar Mansour,2025-03-18,2025-11-03,230.0,55.0,4,7,4,7.0,7.6,0.0,False
CUST12904,Zarqa,Enterprise,Hospitality,Referral,Proposal,False,Active,CRM Professional,No Campaign,Email,Dana Nasser,2023-02-06,,,44.0,5,6,5,0.6,,969.9,True
CUST12905,Irbid,Small Business,Construction,Google Ads,Negotiation,False,Active,Analytics Add-on,Referral Program,Phone,Yara Odeh,2025-12-30,2025-12-31,1.0,91.0,3,6,5,6.4,6.8,247.18,True
CUST12906,Irbid,Consumer,Healthcare,Cold Call,Qualified,False,Active,Analytics Add-on,Q1 Acquisition,WhatsApp,Dana Nasser,2025-11-23,2025-12-19,26.0,79.0,3,7,2,7.8,6.2,0.0,False
CUST12907,Jerash,Corporate,Retail,Trade Show,New Lead,False,Prospect,CRM Professional,No Campaign,Website,Samer Khalil,2023-05-15,2023-07-26,72.0,32.0,9,11,7,21.8,5.3,0.0,False
CUST12908,Zarqa,Consumer,Construction,Referral,Qualified,False,Active,CRM Basic,No Campaign,Website,Omar Mansour,2023-01-20,2023-10-08,261.0,42.0,6,8,6,5.4,7.9,0.0,False
CUST12909,Irbid,Consumer,Hospitality,Website,New Lead,False,Active,Marketing Add-on,Summer Campaign,Email,Lina Haddad,2023-05-28,2024-02-06,254.0,35.0,7,10,4,25.6,7.3,0.0,False
CUST12910,Madaba,Corporate,Technology,LinkedIn,Negotiation,False,Inactive,Analytics Add-on,Year-End Campaign,WhatsApp,Ahmad Saleh,2023-02-28,2023-11-26,271.0,87.0,6,7,1,7.8,7.7,1016.62,True
CUST12911,Karak,Corporate,Construction,Email Campaign,Won,True,Active,CRM Basic,Year-End Campaign,Email,Yara Odeh,2024-01-06,2024-05-08,123.0,96.0,6,11,2,19.5,7.4,1460.31,True
CUST12912,Madaba,Corporate,Healthcare,Email Campaign,Lost,False,Inactive,CRM Enterprise,Referral Program,WhatsApp,Lina Haddad,2025-02-20,2025-07-14,144.0,33.0,6,9,1,3.9,6.4,0.0,False
CUST12913,Irbid,Enterprise,Education,Trade Show,New Lead,False,Inactive,CRM Basic,Referral Program,Phone,Ahmad Saleh,2025-04-29,2025-12-31,246.0,68.0,4,14,5,7.0,7.0,0.0,False
CUST12914,Zarqa,Corporate,Construction,Referral,Proposal,False,Active,CRM Basic,Year-End Campaign,Social Media,Samer Khalil,2024-08-05,2024-12-27,144.0,37.0,5,6,4,10.5,6.9,184.08,True
CUST12915,Salt,Corporate,Retail,Referral,Proposal,False,Active,CRM Professional,No Campaign,Email,Omar Mansour,2023-01-27,2023-10-13,259.0,55.0,7,8,5,1.1,7.6,380.69,True
CUST12916,Karak,Corporate,Manufacturing,Email Campaign,Lost,False,Active,CRM Basic,Back-to-School,Website,Omar Mansour,2024-12-06,2025-01-22,47.0,43.0,4,8,2,15.8,8.0,0.0,False
CUST12917,Irbid,Consumer,Finance,Email Campaign,Proposal,False,Active,Marketing Add-on,Q1 Acquisition,Email,Yara Odeh,2024-04-22,2025-04-08,351.0,61.0,6,10,6,19.6,6.9,24.66,True
CUST12918,Amman,Consumer,Retail,Instagram,New Lead,False,Inactive,Marketing Add-on,Q1 Acquisition,WhatsApp,Yara Odeh,2023-09-27,2023-10-10,13.0,30.0,8,5,3,6.1,,0.0,False
CUST12919,Amman,Corporate,Retail,Email Campaign,Qualified,False,Inactive,CRM Enterprise,Q1 Acquisition,Email,Dana Nasser,2023-06-27,2024-01-21,208.0,85.0,4,4,5,15.3,4.5,0.0,False
CUST12920,Salt,Small Business,Manufacturing,Google Ads,Proposal,False,Active,CRM Basic,Back-to-School,Phone,Yara Odeh,2024-02-08,2024-12-15,311.0,64.0,3,14,1,10.9,6.7,39.73,True
CUST12921,Jerash,Consumer,Healthcare,Email Campaign,Negotiation,False,Active,CRM Professional,Spring Campaign,WhatsApp,Dana Nasser,2025-03-19,2025-11-09,235.0,81.0,5,7,6,10.8,6.3,194.86,True
CUST12922,Jerash,Consumer,Education,Referral,Won,True,Active,CRM Professional,No Campaign,Meeting,Lina Haddad,2023-01-15,2023-06-13,149.0,,7,12,1,9.1,10.0,229.5,True
CUST12923,Madaba,Consumer,Manufacturing,Instagram,Contacted,False,Active,CRM Professional,No Campaign,Website,Yara Odeh,2023-10-20,2024-09-06,322.0,57.0,2,7,1,5.8,8.9,0.0,False
CUST12924,Aqaba,Small Business,Hospitality,Website,Lost,False,Active,CRM Basic,No Campaign,Website,Dana Nasser,2024-10-04,2025-03-08,155.0,42.0,3,11,4,3.4,8.5,0.0,False
CUST12925,Karak,Corporate,Unknown,Referral,New Lead,False,Prospect,CRM Professional,No Campaign,WhatsApp,Ahmad Saleh,2024-07-30,2025-01-12,166.0,4.0,4,11,3,6.5,7.2,0.0,False
CUST12926,Amman,Enterprise,Manufacturing,Email Campaign,Lost,False,Active,CRM Professional,Summer Campaign,Meeting,Omar Mansour,2024-01-07,2024-04-06,90.0,63.0,10,4,1,20.3,8.2,0.0,False
CUST12927,Amman,Corporate,Retail,Email Campaign,Won,True,Inactive,Marketing Add-on,Back-to-School,Phone,Omar Mansour,2025-01-20,2025-07-25,186.0,78.0,7,9,6,2.8,6.6,1076.54,True
CUST12928,Jerash,Corporate,Education,Email Campaign,Negotiation,False,Active,Marketing Add-on,Summer Campaign,Email,Samer Khalil,2024-04-21,2025-03-05,318.0,64.0,6,9,5,2.1,7.8,921.08,True
CUST12929,Irbid,Consumer,Healthcare,Instagram,Negotiation,False,Active,CRM Professional,Q1 Acquisition,Social Media,Samer Khalil,2025-04-08,2025-12-31,267.0,64.0,1,8,2,10.8,7.9,76.98,True
CUST12930,Madaba,Consumer,Healthcare,LinkedIn,New Lead,False,Active,CRM Enterprise,No Campaign,Website,Yara Odeh,2025-05-28,2025-11-18,174.0,46.0,7,5,2,21.4,5.9,0.0,False
CUST12931,Amman,Consumer,Finance,Instagram,New Lead,False,Inactive,CRM Basic,Year-End Campaign,Phone,Yara Odeh,2025-11-08,2025-12-31,53.0,30.0,4,8,2,2.3,7.0,0.0,False
CUST12932,Karak,Small Business,Education,Facebook,New Lead,False,Active,CRM Basic,Q1 Acquisition,Phone,Lina Haddad,2024-02-19,2024-11-09,264.0,36.0,3,14,5,12.5,7.4,0.0,False
CUST12933,Amman,Consumer,Finance,Google Ads,New Lead,False,Active,Marketing Add-on,Spring Campaign,Phone,Samer Khalil,2024-03-15,2024-06-20,97.0,54.0,2,9,1,19.5,,0.0,False
CUST12934,Amman,Small Business,Hospitality,Unknown,Proposal,False,Inactive,CRM Enterprise,Back-to-School,Email,Ahmad Saleh,2025-12-27,2025-12-31,4.0,71.0,5,6,4,5.6,7.5,367.81,True
CUST12935,Zarqa,Small Business,Manufacturing,Google Ads,Contacted,False,Active,CRM Basic,Q1 Acquisition,Phone,Dana Nasser,2023-03-30,2023-10-15,199.0,32.0,2,5,2,,6.6,0.0,False
CUST12936,Salt,Consumer,Technology,Email Campaign,Won,True,Active,CRM Professional,Spring Campaign,Phone,Dana Nasser,2025-09-30,2025-12-31,92.0,91.0,6,10,5,16.2,7.6,312.37,True
CUST12937,Aqaba,Enterprise,Hospitality,Cold Call,Qualified,False,Active,Marketing Add-on,Referral Program,WhatsApp,Lina Haddad,2023-03-26,2023-04-16,21.0,54.0,3,5,5,20.3,6.2,0.0,False
CUST12938,Unknown,Small Business,Healthcare,Website,Negotiation,False,Active,CRM Professional,No Campaign,WhatsApp,Dana Nasser,2024-05-17,2024-12-03,200.0,90.0,10,9,6,11.1,7.2,413.35,True
CUST12939,Zarqa,Consumer,Retail,Referral,Proposal,False,Active,CRM Basic,No Campaign,Phone,Omar Mansour,2024-02-22,2025-01-28,341.0,59.0,4,6,3,,9.4,18.14,True
CUST12940,Irbid,Consumer,Construction,LinkedIn,Contacted,False,Active,Marketing Add-on,Back-to-School,Phone,Dana Nasser,2024-08-20,2025-04-25,248.0,53.0,4,11,2,17.8,7.8,0.0,False
CUST12941,Jerash,Small Business,Healthcare,Instagram,Contacted,False,Active,CRM Professional,Summer Campaign,WhatsApp,Samer Khalil,2024-05-01,2025-02-01,276.0,62.0,3,6,4,14.5,9.7,0.0,False
CUST12942,Irbid,Consumer,Technology,Facebook,Qualified,False,Prospect,CRM Professional,No Campaign,Email,Omar Mansour,2023-07-31,2024-04-20,264.0,43.0,3,6,4,9.3,6.2,0.0,False
CUST12943,Madaba,Consumer,Retail,Trade Show,Won,True,Prospect,CRM Basic,Referral Program,WhatsApp,Samer Khalil,2025-09-07,2025-11-04,58.0,94.0,5,14,2,4.7,10.0,125.86,True
CUST12944,Zarqa,Small Business,Education,Google Ads,Proposal,False,Prospect,Marketing Add-on,Year-End Campaign,WhatsApp,Samer Khalil,2024-10-29,2025-08-27,302.0,100.0,2,3,2,16.1,6.9,90.8,True
CUST12945,Madaba,Enterprise,Construction,Facebook,Contacted,False,Prospect,Analytics Add-on,No Campaign,WhatsApp,Lina Haddad,2025-08-19,2025-09-19,31.0,59.0,5,11,6,16.4,8.6,0.0,False
CUST12946,Amman,Small Business,Education,Email Campaign,Won,True,Active,CRM Professional,Back-to-School,WhatsApp,Lina Haddad,2024-09-18,2025-05-25,249.0,84.0,5,10,4,,6.3,1159.12,True
CUST12947,Karak,Enterprise,Hospitality,Instagram,New Lead,False,Inactive,CRM Basic,Q1 Acquisition,Social Media,Omar Mansour,2025-01-04,2025-04-07,93.0,58.0,5,9,4,2.6,6.4,,False
CUST12948,Madaba,Corporate,Construction,Instagram,Negotiation,False,Active,CRM Professional,No Campaign,Website,Dana Nasser,2023-12-17,2024-09-07,265.0,90.0,1,14,6,19.6,6.9,725.44,True
CUST12949,Aqaba,Consumer,Healthcare,Referral,Qualified,False,Inactive,CRM Basic,Back-to-School,Email,Yara Odeh,2025-02-20,2025-11-18,271.0,63.0,11,2,6,6.4,7.4,0.0,False
CUST12950,Amman,Corporate,Retail,Cold Call,Negotiation,False,Active,CRM Basic,Referral Program,Meeting,Yara Odeh,2023-08-05,2023-11-07,94.0,54.0,6,4,8,8.9,5.4,281.34,True
CUST12951,Jerash,Consumer,Manufacturing,Cold Call,Lost,False,Active,CRM Professional,Summer Campaign,Email,Ahmad Saleh,2024-12-22,2025-05-25,154.0,,5,8,4,0.9,8.3,0.0,False
CUST12952,Jerash,Consumer,Construction,Website,Negotiation,False,Prospect,CRM Basic,Q1 Acquisition,Phone,Dana Nasser,2023-04-17,2024-01-27,285.0,66.0,4,6,3,7.1,9.9,66.15,True
CUST12953,Irbid,Small Business,Retail,Cold Call,Qualified,False,Inactive,Marketing Add-on,Spring Campaign,Social Media,Omar Mansour,2025-09-18,2025-12-07,80.0,35.0,2,8,4,14.9,6.6,0.0,False
CUST12954,Salt,Corporate,Finance,Cold Call,New Lead,False,Prospect,CRM Basic,Q1 Acquisition,Phone,Ahmad Saleh,2025-08-01,,,68.0,8,5,9,12.1,7.6,0.0,False
CUST12955,Irbid,Consumer,Technology,Email Campaign,Won,True,Active,CRM Professional,Q1 Acquisition,Email,Samer Khalil,2024-11-21,2025-02-13,84.0,61.0,7,11,6,5.6,6.7,346.76,True
CUST12956,Amman,Enterprise,Hospitality,Unknown,Qualified,False,Active,CRM Basic,Unknown,Email,Samer Khalil,2024-01-27,2024-03-04,37.0,59.0,2,4,8,6.7,7.2,0.0,False
CUST12957,Karak,Corporate,Education,Facebook,New Lead,False,Active,CRM Enterprise,Year-End Campaign,Meeting,Ahmad Saleh,2023-02-02,2024-01-10,342.0,22.0,4,2,4,44.2,10.0,0.0,False
CUST12958,Salt,Enterprise,Healthcare,Instagram,Negotiation,False,Active,CRM Basic,No Campaign,Meeting,Samer Khalil,2023-05-21,2024-04-12,327.0,85.0,10,9,3,3.1,4.8,888.75,True
CUST12959,Unknown,Consumer,Retail,Instagram,Contacted,False,Active,CRM Professional,No Campaign,Phone,Dana Nasser,2025-05-12,2025-12-30,232.0,70.0,6,9,6,9.6,6.2,0.0,False
CUST12960,Jerash,Enterprise,Education,Instagram,New Lead,False,Active,Analytics Add-on,Q1 Acquisition,Website,Lina Haddad,2025-12-07,2025-12-31,24.0,14.0,6,11,8,12.8,7.3,0.0,False
CUST12961,Zarqa,Consumer,Healthcare,Facebook,Won,True,Active,Marketing Add-on,No Campaign,Phone,Yara Odeh,2025-11-08,2025-12-31,53.0,93.0,4,9,3,2.1,5.9,309.6,True
CUST12962,Karak,Consumer,Construction,Trade Show,Qualified,False,Active,CRM Enterprise,Back-to-School,Website,Dana Nasser,2024-10-14,2025-01-24,102.0,36.0,10,5,3,14.1,9.7,0.0,False
CUST12963,Unknown,Corporate,Education,Email Campaign,Contacted,False,Inactive,CRM Basic,Year-End Campaign,Website,Samer Khalil,2024-01-04,2024-06-18,166.0,42.0,5,10,2,6.9,10.0,0.0,False
CUST12964,Amman,Corporate,Healthcare,Facebook,Negotiation,False,Prospect,CRM Basic,Q1 Acquisition,WhatsApp,Lina Haddad,2025-11-08,2025-12-31,53.0,100.0,4,8,2,7.1,6.2,257.89,True
CUST12965,Irbid,Small Business,Education,Instagram,Won,True,Active,CRM Enterprise,Summer Campaign,Email,Dana Nasser,2023-09-16,2023-09-30,14.0,86.0,2,5,0,16.1,9.1,2392.93,True
CUST12966,Aqaba,Small Business,Manufacturing,Email Campaign,New Lead,False,Active,CRM Basic,No Campaign,WhatsApp,Yara Odeh,2023-12-23,2024-08-04,225.0,58.0,2,4,5,2.2,9.8,0.0,False
CUST12967,Amman,Consumer,Finance,LinkedIn,Negotiation,False,Active,CRM Professional,Back-to-School,Email,Samer Khalil,2025-09-04,2025-11-16,73.0,79.0,7,11,2,9.9,3.4,77.56,True
CUST12968,Madaba,Small Business,Technology,Cold Call,Won,True,Active,Marketing Add-on,Q1 Acquisition,WhatsApp,Dana Nasser,2024-07-26,2025-04-01,249.0,77.0,5,6,4,,9.0,344.77,True
CUST12969,Madaba,Consumer,Education,Email Campaign,Contacted,False,Inactive,Analytics Add-on,Summer Campaign,Website,Samer Khalil,2025-04-05,2025-07-05,91.0,38.0,4,7,2,10.5,7.6,0.0,False
CUST12970,Aqaba,Small Business,Technology,Email Campaign,Qualified,False,Inactive,Analytics Add-on,Spring Campaign,WhatsApp,Omar Mansour,2025-02-02,2025-09-06,216.0,90.0,4,3,7,16.2,9.1,0.0,False
CUST12971,Irbid,Consumer,Education,Instagram,New Lead,False,Prospect,Analytics Add-on,Year-End Campaign,Social Media,Ahmad Saleh,2024-08-03,2024-11-01,90.0,78.0,2,12,5,3.7,6.3,0.0,False
CUST12972,Karak,Enterprise,Hospitality,Google Ads,Negotiation,False,Active,CRM Enterprise,No Campaign,WhatsApp,Samer Khalil,2023-11-16,2023-12-15,29.0,74.0,1,9,4,9.5,4.9,5324.25,True
CUST12973,Karak,Small Business,Retail,Trade Show,Won,True,Prospect,CRM Enterprise,Referral Program,Meeting,Yara Odeh,2024-04-25,2025-02-24,305.0,100.0,3,10,4,11.0,8.8,4123.91,True
CUST12974,Zarqa,Corporate,Finance,Email Campaign,New Lead,False,Active,CRM Professional,No Campaign,Meeting,Dana Nasser,2024-06-06,2025-01-12,220.0,57.0,6,11,4,10.1,,0.0,False
CUST12975,Irbid,Enterprise,Hospitality,Facebook,Won,True,Active,Marketing Add-on,Referral Program,WhatsApp,Yara Odeh,2024-04-27,2025-03-21,328.0,76.0,6,9,4,13.2,8.9,3823.09,True
CUST12976,Amman,Small Business,Manufacturing,Website,Won,True,Active,CRM Basic,Q1 Acquisition,WhatsApp,Samer Khalil,2023-12-11,2024-07-13,215.0,81.0,5,14,4,19.2,4.8,485.64,True
CUST12977,Salt,Consumer,Finance,Instagram,Qualified,False,Inactive,CRM Enterprise,Q1 Acquisition,Social Media,Samer Khalil,2024-07-02,2025-02-08,221.0,51.0,6,7,3,20.9,5.5,0.0,False
CUST12978,Aqaba,Consumer,Technology,Instagram,Negotiation,False,Active,CRM Professional,Back-to-School,Email,Yara Odeh,2025-11-21,2025-12-31,40.0,100.0,7,1,6,4.6,7.7,91.85,True
CUST12979,Irbid,Corporate,Retail,Unknown,New Lead,False,Active,CRM Basic,Q1 Acquisition,WhatsApp,Dana Nasser,2023-10-25,2024-03-08,135.0,56.0,6,6,3,6.8,7.0,0.0,False
CUST12980,Zarqa,Consumer,Healthcare,Referral,Lost,False,Inactive,CRM Professional,Referral Program,Email,Dana Nasser,2023-08-28,2023-10-09,42.0,46.0,8,3,2,12.3,9.7,0.0,False
CUST12981,Zarqa,Small Business,Hospitality,Website,Proposal,False,Active,CRM Professional,Q1 Acquisition,Meeting,Lina Haddad,2024-09-18,2025-03-01,164.0,57.0,7,6,3,6.1,5.3,133.26,True
CUST12982,Salt,Consumer,Finance,LinkedIn,Proposal,False,Active,CRM Enterprise,Summer Campaign,Phone,Yara Odeh,2023-01-31,2024-01-27,361.0,77.0,10,10,2,7.4,7.5,92.38,True
CUST12983,Aqaba,Consumer,Manufacturing,Cold Call,Negotiation,False,Active,CRM Professional,Summer Campaign,Website,Yara Odeh,2024-06-03,2025-03-13,283.0,47.0,9,10,5,5.9,8.8,64.18,True
CUST12984,Amman,Small Business,Hospitality,Referral,Proposal,False,Active,CRM Professional,Back-to-School,Phone,Samer Khalil,2025-01-28,2025-03-27,58.0,52.0,3,7,5,7.5,8.2,133.5,True
CUST12985,Aqaba,Enterprise,Retail,Email Campaign,Won,True,Inactive,CRM Basic,Year-End Campaign,Social Media,Omar Mansour,2025-04-20,2025-12-31,255.0,76.0,3,11,5,17.2,6.6,1613.21,True
CUST12986,Amman,Small Business,Retail,LinkedIn,Proposal,False,Active,CRM Professional,No Campaign,Social Media,Ahmad Saleh,2023-07-20,2024-06-06,322.0,59.0,4,9,2,9.5,7.9,124.23,True
CUST12987,Aqaba,Enterprise,Technology,Unknown,Won,True,Active,Analytics Add-on,Spring Campaign,Email,Yara Odeh,2024-09-25,2024-10-20,25.0,76.0,3,9,3,6.5,7.7,6736.29,True
CUST12988,Aqaba,Enterprise,Manufacturing,Trade Show,Proposal,False,Active,CRM Professional,Year-End Campaign,Email,Samer Khalil,2023-08-23,2023-11-04,73.0,81.0,4,4,2,11.4,9.5,909.7,True
CUST12989,Aqaba,Consumer,Retail,Facebook,Contacted,False,Prospect,CRM Professional,Q1 Acquisition,WhatsApp,Dana Nasser,2024-12-18,2025-04-26,129.0,100.0,5,9,5,10.1,8.6,0.0,False
CUST12990,Irbid,Consumer,Construction,Facebook,Won,True,Active,CRM Professional,Q1 Acquisition,Phone,Lina Haddad,2025-01-27,2025-04-24,87.0,94.0,6,5,4,35.4,5.8,140.48,True
CUST12991,Madaba,Corporate,Retail,Facebook,Negotiation,False,Inactive,Analytics Add-on,Q1 Acquisition,Email,Samer Khalil,2023-11-23,2024-10-18,330.0,70.0,3,10,4,11.9,,471.16,True
CUST12992,Salt,Corporate,Healthcare,Website,Negotiation,False,Active,CRM Enterprise,Back-to-School,Meeting,Omar Mansour,2024-08-17,2025-01-17,153.0,93.0,4,5,1,16.0,9.9,1997.87,True
CUST12993,Madaba,Small Business,Technology,Instagram,Lost,False,Active,CRM Basic,Year-End Campaign,Email,Dana Nasser,2024-04-19,2024-10-18,182.0,46.0,4,9,4,22.2,6.7,0.0,False
CUST12994,Zarqa,Enterprise,Technology,Email Campaign,New Lead,False,Prospect,Analytics Add-on,Q1 Acquisition,Meeting,Omar Mansour,2025-04-24,2025-08-27,125.0,3.0,4,6,3,18.7,5.1,0.0,False
CUST12995,Unknown,Consumer,Manufacturing,Cold Call,Qualified,False,Active,Analytics Add-on,Summer Campaign,Email,Omar Mansour,2024-04-21,2024-06-27,67.0,84.0,7,1,3,7.3,8.1,0.0,False
CUST12996,Amman,Consumer,Retail,Website,Contacted,False,Active,CRM Enterprise,Q1 Acquisition,Website,Yara Odeh,2023-04-02,2023-04-08,6.0,,2,14,2,20.6,8.7,0.0,False
CUST12997,Jerash,Small Business,Healthcare,Referral,Proposal,False,Active,CRM Professional,Year-End Campaign,Email,Ahmad Saleh,2025-08-18,2025-12-21,125.0,70.0,3,12,4,10.3,6.7,140.95,True
CUST12998,Karak,Consumer,Education,Referral,Won,True,Active,CRM Enterprise,Year-End Campaign,Website,Ahmad Saleh,2023-05-01,2024-03-10,314.0,64.0,2,7,3,3.3,8.3,622.47,True
CUST12999,Jerash,Consumer,Finance,Website,Lost,False,Active,CRM Professional,Referral Program,Social Media,Yara Odeh,2024-03-30,2025-02-19,326.0,22.0,7,9,2,1.2,,0.0,False
CUST13000,Irbid,Consumer,Construction,LinkedIn,Qualified,False,Prospect,CRM Enterprise,Back-to-School,WhatsApp,Samer Khalil,2025-12-17,2025-12-31,14.0,51.0,6,5,5,7.3,8.3,0.0,False
CUST13001,Jerash,Consumer,Hospitality,Website,Won,True,Prospect,Marketing Add-on,Year-End Campaign,Phone,Ahmad Saleh,2023-03-19,2023-05-24,66.0,29.0,8,15,2,15.8,,166.77,True
CUST13002,Aqaba,Small Business,Technology,Website,Won,True,Active,Marketing Add-on,Spring Campaign,Email,Samer Khalil,2024-11-29,2025-10-09,314.0,66.0,8,18,1,15.4,8.8,367.68,True
CUST13003,Karak,Corporate,Healthcare,Cold Call,Negotiation,False,Active,CRM Professional,Q1 Acquisition,Website,Samer Khalil,2023-08-03,2023-10-24,82.0,81.0,2,8,2,22.7,4.6,690.32,True
CUST13004,Karak,Corporate,Manufacturing,Unknown,Contacted,False,Inactive,Analytics Add-on,Referral Program,Email,Yara Odeh,2023-12-02,2024-02-27,87.0,57.0,8,8,7,8.5,6.2,0.0,False
CUST13005,Amman,Small Business,Healthcare,Instagram,Proposal,False,Active,CRM Basic,Year-End Campaign,Email,Dana Nasser,2025-02-21,2025-02-23,2.0,30.0,4,12,4,41.8,5.4,57.24,True
CUST13006,Salt,Consumer,Retail,Cold Call,Lost,False,Active,CRM Basic,No Campaign,Website,Dana Nasser,2023-08-28,2024-03-19,204.0,64.0,5,9,2,17.8,7.4,0.0,False
CUST13007,Amman,Small Business,Construction,Instagram,Lost,False,Inactive,CRM Professional,No Campaign,Email,Lina Haddad,2025-05-20,2025-10-17,150.0,92.0,4,7,1,6.3,7.3,0.0,False
CUST13008,Aqaba,Consumer,Finance,Facebook,Proposal,False,Inactive,CRM Enterprise,Unknown,Phone,Ahmad Saleh,2025-08-12,2025-12-31,141.0,100.0,2,11,1,11.0,9.1,266.87,True
CUST13009,Irbid,Consumer,Technology,LinkedIn,Won,True,Inactive,CRM Basic,No Campaign,Meeting,Yara Odeh,2024-11-01,2025-02-12,103.0,69.0,9,7,1,5.5,8.4,186.22,True
CUST13010,Salt,Consumer,Education,Instagram,Contacted,False,Inactive,CRM Professional,Year-End Campaign,Meeting,Lina Haddad,2023-12-09,2024-01-02,24.0,37.0,4,8,3,34.4,8.1,0.0,False
CUST13011,Zarqa,Corporate,Retail,Cold Call,Contacted,False,Prospect,CRM Basic,Q1 Acquisition,Meeting,Yara Odeh,2023-01-17,2023-08-17,212.0,32.0,3,5,2,5.5,7.6,0.0,False
CUST13012,Aqaba,Enterprise,Technology,Website,Lost,False,Active,CRM Enterprise,Q1 Acquisition,Meeting,Omar Mansour,2025-11-16,2025-12-31,45.0,82.0,2,4,6,3.2,8.2,0.0,False
CUST13013,Irbid,Small Business,Hospitality,Email Campaign,New Lead,False,Prospect,Analytics Add-on,Referral Program,Social Media,Samer Khalil,2024-11-20,2025-06-17,209.0,30.0,6,11,5,4.4,7.1,0.0,False
CUST13014,Salt,Corporate,Manufacturing,Unknown,Contacted,False,Active,CRM Enterprise,Spring Campaign,WhatsApp,Samer Khalil,2025-04-23,2025-12-30,251.0,36.0,3,5,4,3.9,6.4,0.0,False
CUST13015,Jerash,Consumer,Technology,Google Ads,Qualified,False,Active,CRM Professional,Q1 Acquisition,Email,Dana Nasser,2023-07-28,2023-11-22,117.0,77.0,5,5,2,23.8,7.6,0.0,False
CUST13016,Aqaba,Small Business,Healthcare,Referral,Proposal,False,Active,Marketing Add-on,Back-to-School,Website,Omar Mansour,2025-11-06,2025-12-31,55.0,90.0,6,6,5,6.2,,105.1,True
CUST13017,Zarqa,Corporate,Hospitality,Instagram,Proposal,False,Inactive,CRM Enterprise,Unknown,Phone,Samer Khalil,2024-09-30,2025-05-25,237.0,86.0,7,8,5,13.1,8.8,1268.91,True
CUST13018,Aqaba,Consumer,Finance,Cold Call,Contacted,False,Active,Analytics Add-on,Year-End Campaign,Email,Samer Khalil,2023-07-06,2023-10-19,105.0,29.0,6,10,5,23.9,6.1,0.0,False
CUST13019,Amman,Consumer,Construction,Facebook,Lost,False,Prospect,CRM Enterprise,Year-End Campaign,Social Media,Omar Mansour,2025-09-22,2025-12-31,100.0,55.0,3,9,2,15.4,6.9,0.0,False
CUST13020,Salt,Corporate,Education,Referral,Won,True,Inactive,Marketing Add-on,Year-End Campaign,Social Media,Omar Mansour,2025-01-03,2025-02-18,46.0,100.0,7,6,5,12.5,8.4,890.51,True
CUST13021,Irbid,Corporate,Finance,Google Ads,Qualified,False,Active,Analytics Add-on,Year-End Campaign,Website,Samer Khalil,2024-03-04,2025-01-09,311.0,60.0,6,11,5,10.2,7.9,0.0,False
CUST13022,Zarqa,Corporate,Healthcare,Website,Qualified,False,Inactive,CRM Professional,Summer Campaign,Email,Omar Mansour,2025-08-18,2025-12-31,135.0,66.0,7,11,6,7.0,,0.0,False
CUST13023,Karak,Corporate,Education,Website,Negotiation,False,Prospect,CRM Professional,Q1 Acquisition,Meeting,Ahmad Saleh,2023-05-07,2023-12-09,216.0,77.0,7,8,6,10.0,8.6,970.15,True
CUST13024,Zarqa,Enterprise,Education,Instagram,Negotiation,False,Inactive,CRM Enterprise,No Campaign,Email,Omar Mansour,2024-05-29,2025-03-26,301.0,68.0,5,14,3,4.5,5.0,5973.05,True
CUST13025,Karak,Consumer,Construction,Instagram,Qualified,False,Active,CRM Enterprise,Summer Campaign,Email,Lina Haddad,2023-07-17,2024-06-14,333.0,69.0,2,11,3,16.7,7.7,0.0,False
CUST13026,Irbid,Consumer,Retail,Unknown,Qualified,False,Prospect,CRM Enterprise,Back-to-School,Social Media,Lina Haddad,2024-03-30,2024-04-23,24.0,78.0,3,7,3,1.4,7.0,0.0,False
CUST13027,Karak,Consumer,Education,Email Campaign,Qualified,False,Inactive,CRM Professional,Year-End Campaign,Email,Samer Khalil,2023-03-04,2023-04-08,35.0,86.0,4,6,2,14.4,6.9,0.0,False
CUST13028,Aqaba,Consumer,Technology,Cold Call,Contacted,False,Active,CRM Professional,Summer Campaign,Meeting,Samer Khalil,2025-10-18,2025-11-11,24.0,49.0,3,6,3,23.3,7.1,0.0,False
CUST13029,Amman,Small Business,Finance,LinkedIn,Qualified,False,Active,CRM Professional,Summer Campaign,Email,Dana Nasser,2025-09-17,2025-10-15,28.0,61.0,9,7,5,7.5,8.4,0.0,False
CUST13030,Salt,Small Business,Manufacturing,Facebook,Negotiation,False,Active,Analytics Add-on,Spring Campaign,Email,Omar Mansour,2024-09-18,2024-10-04,16.0,63.0,6,10,3,7.7,6.0,161.56,True
CUST13031,Madaba,Small Business,Manufacturing,Facebook,Negotiation,False,Prospect,Analytics Add-on,Spring Campaign,Email,Lina Haddad,2024-09-18,2024-11-16,59.0,100.0,5,11,3,4.2,8.2,189.41,True
CUST13032,Amman,Consumer,Finance,Website,Won,True,Active,CRM Basic,Q1 Acquisition,Meeting,Dana Nasser,2023-05-01,2023-12-30,243.0,71.0,3,10,6,3.4,9.4,173.81,True
CUST13033,Salt,Enterprise,Retail,Unknown,Qualified,False,Active,CRM Basic,No Campaign,Meeting,Samer Khalil,2023-07-09,2024-02-01,207.0,58.0,3,6,4,27.5,9.2,0.0,False
CUST13034,Karak,Consumer,Unknown,Cold Call,Won,True,Prospect,CRM Basic,Year-End Campaign,Website,Yara Odeh,2023-12-21,2024-09-17,271.0,82.0,5,10,4,2.8,7.0,115.62,True
CUST13035,Karak,Consumer,Healthcare,Instagram,New Lead,False,Active,CRM Basic,Q1 Acquisition,Social Media,Yara Odeh,2025-07-15,2025-12-31,169.0,44.0,7,6,8,12.7,6.5,0.0,False
CUST13036,Aqaba,Corporate,Hospitality,Facebook,Qualified,False,Prospect,CRM Basic,Year-End Campaign,WhatsApp,Ahmad Saleh,2024-06-24,2025-03-18,267.0,30.0,2,9,7,8.8,7.4,0.0,False
CUST13037,Aqaba,Corporate,Hospitality,Unknown,Won,True,Active,Analytics Add-on,Spring Campaign,Website,Omar Mansour,2024-08-18,2025-02-27,193.0,91.0,7,9,3,18.1,8.2,1981.15,True
CUST13038,Jerash,Consumer,Technology,Cold Call,Proposal,False,Active,Marketing Add-on,Summer Campaign,Meeting,Dana Nasser,2024-02-24,2025-01-24,335.0,76.0,2,10,1,10.2,6.9,31.71,True
CUST13039,Amman,Consumer,Retail,Referral,Qualified,False,Active,CRM Professional,Referral Program,Email,Ahmad Saleh,2024-05-20,2024-12-24,218.0,63.0,6,9,7,6.8,8.6,0.0,False
CUST13040,Irbid,Small Business,Hospitality,Instagram,Proposal,False,Prospect,CRM Professional,No Campaign,WhatsApp,Yara Odeh,2024-12-25,2025-04-19,115.0,74.0,1,8,6,3.4,6.1,189.65,True
CUST13041,Jerash,Consumer,Construction,Trade Show,Won,True,Inactive,CRM Enterprise,Referral Program,Phone,Samer Khalil,2025-06-07,2025-08-14,68.0,79.0,2,9,6,15.6,9.5,485.77,True
CUST13042,Salt,Consumer,Construction,Facebook,Proposal,False,Prospect,Marketing Add-on,No Campaign,WhatsApp,Lina Haddad,2023-11-27,,,38.0,3,7,4,5.8,5.1,36.67,True
CUST13043,Irbid,Small Business,Education,Cold Call,Won,True,Inactive,Marketing Add-on,No Campaign,Website,Dana Nasser,2024-09-21,,,100.0,11,8,3,4.4,6.8,357.21,True
CUST13044,Amman,Consumer,Manufacturing,Email Campaign,Lost,False,Active,CRM Basic,Year-End Campaign,Social Media,Dana Nasser,2025-04-06,2025-06-20,75.0,16.0,2,5,5,33.5,9.2,0.0,False
CUST13045,Madaba,Consumer,Healthcare,Email Campaign,Negotiation,False,Active,CRM Basic,No Campaign,Website,Samer Khalil,2023-10-26,2024-02-06,103.0,56.0,9,4,4,9.0,5.9,32.61,True
CUST13046,Aqaba,Small Business,Education,Cold Call,Proposal,False,Active,CRM Basic,Back-to-School,Social Media,Samer Khalil,2023-04-07,,,91.0,2,11,3,13.8,9.3,45.65,True
CUST13047,Salt,Enterprise,Retail,Email Campaign,New Lead,False,Active,CRM Enterprise,Q1 Acquisition,Social Media,Lina Haddad,2024-10-15,2025-04-11,178.0,13.0,5,6,1,17.0,6.8,0.0,False
CUST13048,Aqaba,Enterprise,Construction,Facebook,Qualified,False,Prospect,CRM Enterprise,No Campaign,Meeting,Lina Haddad,2023-04-13,2023-11-14,215.0,57.0,5,8,0,28.9,6.0,0.0,False
CUST13049,Aqaba,Consumer,Unknown,Referral,Proposal,False,Active,CRM Professional,Q1 Acquisition,Social Media,Lina Haddad,2024-04-04,2025-02-13,315.0,100.0,4,12,3,13.5,,34.5,True
CUST13050,Madaba,Consumer,Hospitality,Instagram,Won,True,Inactive,Analytics Add-on,Summer Campaign,Phone,Ahmad Saleh,2023-02-10,2023-03-21,39.0,81.0,3,12,2,32.1,8.3,139.79,True
CUST13051,Madaba,Consumer,Healthcare,Trade Show,Qualified,False,Prospect,CRM Professional,Summer Campaign,WhatsApp,Ahmad Saleh,2024-11-27,2025-08-13,259.0,32.0,3,9,3,5.1,4.8,0.0,False
CUST13052,Jerash,Consumer,Healthcare,Google Ads,Lost,False,Active,Marketing Add-on,Referral Program,Website,Samer Khalil,2025-03-09,2025-09-29,204.0,60.0,6,6,5,0.5,4.4,0.0,False
CUST13053,Amman,Small Business,Healthcare,Facebook,Contacted,False,Prospect,CRM Basic,Q1 Acquisition,Website,Dana Nasser,2023-12-24,,,59.0,3,5,2,1.6,4.9,0.0,False
CUST13054,Amman,Small Business,Construction,Website,Negotiation,False,Active,CRM Basic,Back-to-School,Social Media,Ahmad Saleh,2024-03-10,2024-04-28,49.0,75.0,5,12,4,7.9,7.2,105.6,True
CUST13055,Irbid,Small Business,Hospitality,LinkedIn,Qualified,False,Inactive,CRM Professional,Back-to-School,Meeting,Samer Khalil,2024-05-26,2024-06-21,26.0,19.0,4,8,6,17.0,,0.0,False
CUST13056,Irbid,Consumer,Education,LinkedIn,Qualified,False,Active,CRM Basic,Year-End Campaign,Phone,Yara Odeh,2023-02-16,2023-07-27,161.0,86.0,8,7,4,27.9,7.8,0.0,False
CUST13057,Salt,Consumer,Healthcare,Facebook,Won,True,Active,Analytics Add-on,Summer Campaign,Phone,Yara Odeh,2024-12-20,2025-12-12,357.0,100.0,3,5,3,18.2,,193.09,True
CUST13058,Jerash,Small Business,Education,Cold Call,Contacted,False,Active,CRM Basic,Year-End Campaign,Email,Ahmad Saleh,2023-01-10,2023-07-05,176.0,50.0,5,3,6,5.9,,0.0,False
CUST13059,Madaba,Consumer,Healthcare,Instagram,New Lead,False,Prospect,CRM Enterprise,No Campaign,Phone,Lina Haddad,2024-09-29,,,27.0,4,13,2,4.8,,0.0,False
CUST13060,Irbid,Small Business,Construction,Cold Call,Proposal,False,Prospect,CRM Basic,Q1 Acquisition,Social Media,Yara Odeh,2025-05-06,2025-05-08,2.0,78.0,3,11,6,3.7,6.3,47.26,True
CUST13061,Jerash,Small Business,Healthcare,Cold Call,Proposal,False,Active,CRM Basic,No Campaign,Social Media,Samer Khalil,2025-01-03,2025-05-15,132.0,78.0,5,11,2,9.5,10.0,84.41,True
CUST13062,Aqaba,Small Business,Retail,Website,Won,True,Prospect,Analytics Add-on,Summer Campaign,WhatsApp,Yara Odeh,2024-04-20,2025-01-21,276.0,93.0,4,11,2,13.2,10.0,740.99,True
CUST13063,Jerash,Consumer,Education,Email Campaign,Lost,False,Active,Marketing Add-on,Back-to-School,Social Media,Lina Haddad,2023-08-12,2023-12-07,117.0,45.0,7,8,6,14.3,7.4,0.0,False
CUST13064,Madaba,Small Business,Manufacturing,LinkedIn,New Lead,False,Prospect,CRM Professional,Referral Program,WhatsApp,Omar Mansour,2024-02-01,2024-07-14,164.0,51.0,7,7,3,5.5,7.2,0.0,False
CUST13065,Madaba,Consumer,Construction,Google Ads,Proposal,False,Active,Marketing Add-on,No Campaign,Phone,Yara Odeh,2025-10-31,2025-12-31,61.0,82.0,6,8,3,11.1,7.9,27.99,True
CUST13066,Madaba,Consumer,Education,Google Ads,Negotiation,False,Active,CRM Enterprise,Q1 Acquisition,Email,Dana Nasser,2023-11-25,2023-12-23,28.0,100.0,6,6,7,12.3,8.6,274.87,True
CUST13067,Zarqa,Small Business,Construction,Instagram,Lost,False,Inactive,CRM Professional,Year-End Campaign,Meeting,Lina Haddad,2025-02-04,2025-12-31,330.0,54.0,6,10,5,10.9,7.2,0.0,False
CUST13068,Jerash,Consumer,Finance,LinkedIn,Lost,False,Active,Analytics Add-on,Q1 Acquisition,Website,Dana Nasser,2023-07-11,2023-07-12,1.0,49.0,3,7,8,17.5,7.9,0.0,False
CUST13069,Unknown,Small Business,Hospitality,Website,Negotiation,False,Active,CRM Professional,Back-to-School,Social Media,Samer Khalil,2023-09-26,2024-04-01,188.0,43.0,10,6,3,8.7,7.1,362.73,True
CUST13070,Zarqa,Corporate,Manufacturing,Facebook,Proposal,False,Active,CRM Basic,Referral Program,Phone,Omar Mansour,2023-11-20,2024-01-15,56.0,38.0,4,5,10,3.4,8.5,53.75,True
CUST13071,Unknown,Enterprise,Retail,Cold Call,Contacted,False,Active,CRM Enterprise,Spring Campaign,Social Media,Dana Nasser,2024-02-05,2024-03-11,35.0,53.0,8,9,2,6.2,6.1,0.0,False
CUST13072,Jerash,Enterprise,Education,Cold Call,Qualified,False,Active,CRM Professional,Referral Program,WhatsApp,Yara Odeh,2025-11-15,2025-12-31,46.0,58.0,4,8,6,9.3,8.8,0.0,False
CUST13073,Aqaba,Consumer,Retail,Trade Show,Proposal,False,Prospect,CRM Basic,Summer Campaign,Phone,Ahmad Saleh,2025-04-23,2025-12-31,252.0,48.0,6,5,1,3.1,6.3,18.31,True
CUST13074,Amman,Enterprise,Manufacturing,Trade Show,Negotiation,False,Active,CRM Basic,Year-End Campaign,Website,Yara Odeh,2024-05-28,2025-04-03,310.0,,6,7,5,14.6,7.0,1064.41,True
CUST13075,Salt,Small Business,Retail,Trade Show,Proposal,False,Active,Analytics Add-on,Year-End Campaign,WhatsApp,Yara Odeh,2025-03-21,2025-04-26,36.0,79.0,3,11,4,5.4,7.7,159.45,True
CUST13076,Jerash,Small Business,Retail,Email Campaign,Negotiation,False,Active,CRM Enterprise,Year-End Campaign,Phone,Samer Khalil,2025-06-13,2025-12-31,201.0,61.0,5,9,8,10.9,7.2,1377.78,True
CUST13077,Unknown,Consumer,Technology,Google Ads,Qualified,False,Inactive,CRM Professional,Q1 Acquisition,Meeting,Omar Mansour,2024-06-19,2024-09-07,80.0,45.0,4,7,5,15.1,6.6,0.0,False
CUST13078,Amman,Corporate,Education,Trade Show,Negotiation,False,Inactive,Marketing Add-on,Q1 Acquisition,Meeting,Ahmad Saleh,2025-01-25,2025-12-05,314.0,52.0,6,8,3,10.5,6.8,569.05,True
CUST13079,Karak,Consumer,Retail,Cold Call,New Lead,False,Inactive,CRM Professional,No Campaign,Website,Ahmad Saleh,2025-11-17,2025-12-31,44.0,24.0,5,10,2,19.0,8.1,0.0,False
CUST13080,Irbid,Corporate,Technology,LinkedIn,Contacted,False,Active,CRM Enterprise,No Campaign,Meeting,Yara Odeh,2024-08-10,2024-10-14,65.0,42.0,1,8,6,20.4,6.1,0.0,False
CUST13081,Madaba,Consumer,Technology,LinkedIn,Contacted,False,Active,Marketing Add-on,Year-End Campaign,WhatsApp,Omar Mansour,2023-05-02,2024-03-22,325.0,50.0,2,5,4,9.2,7.6,0.0,False
CUST13082,Irbid,Small Business,Construction,Email Campaign,Won,True,Inactive,Analytics Add-on,Year-End Campaign,Website,Lina Haddad,2024-12-26,,,85.0,4,12,5,11.4,7.9,605.43,True
CUST13083,Salt,Consumer,Healthcare,LinkedIn,New Lead,False,Prospect,CRM Professional,Referral Program,Phone,Omar Mansour,2025-09-30,2025-12-31,92.0,32.0,3,6,5,4.1,6.1,0.0,False
CUST13084,Karak,Consumer,Healthcare,Cold Call,Won,True,Active,CRM Enterprise,Summer Campaign,WhatsApp,Omar Mansour,2024-06-29,2024-07-21,22.0,44.0,8,8,2,8.8,5.9,740.07,True
CUST13085,Karak,Consumer,Hospitality,Google Ads,Contacted,False,Active,CRM Professional,Summer Campaign,Meeting,Omar Mansour,2023-07-20,2024-02-21,216.0,28.0,11,8,3,6.5,,0.0,False
CUST13086,Zarqa,Consumer,Manufacturing,Google Ads,Qualified,False,Active,CRM Enterprise,Referral Program,Email,Dana Nasser,2023-08-13,2023-11-28,107.0,50.0,5,7,4,5.3,6.3,0.0,False
CUST13087,Karak,Consumer,Education,Google Ads,Won,True,Active,CRM Basic,Q1 Acquisition,Social Media,Lina Haddad,2024-11-04,2025-02-21,109.0,100.0,4,7,3,7.6,8.0,125.13,True
CUST13088,Madaba,Small Business,Healthcare,Facebook,Proposal,False,Inactive,CRM Professional,No Campaign,Meeting,Samer Khalil,2023-07-16,2024-07-07,357.0,65.0,4,8,1,27.9,3.8,193.37,True
CUST13089,Jerash,Small Business,Manufacturing,Facebook,Contacted,False,Active,CRM Basic,Back-to-School,Email,Ahmad Saleh,2024-08-10,2025-02-07,181.0,59.0,7,5,3,24.2,8.7,0.0,False
CUST13090,Zarqa,Corporate,Education,Facebook,Contacted,False,Active,CRM Basic,Back-to-School,Website,Yara Odeh,2025-06-14,2025-12-31,200.0,78.0,4,10,0,39.7,6.6,0.0,False
CUST13091,Madaba,Small Business,Manufacturing,Facebook,Lost,False,Active,CRM Enterprise,Year-End Campaign,Phone,Dana Nasser,2024-10-10,2025-03-23,164.0,42.0,5,6,3,10.6,7.2,0.0,False
CUST13092,Irbid,Consumer,Hospitality,LinkedIn,Qualified,False,Active,Analytics Add-on,Spring Campaign,Social Media,Lina Haddad,2024-01-29,2024-04-06,68.0,60.0,4,5,4,3.9,9.6,0.0,False
CUST13093,Madaba,Consumer,Hospitality,Referral,Proposal,False,Active,CRM Basic,Year-End Campaign,Phone,Omar Mansour,2023-06-10,2024-03-28,292.0,68.0,11,9,1,6.8,6.8,20.22,True
CUST13094,Karak,Consumer,Technology,LinkedIn,Qualified,False,Active,CRM Basic,Referral Program,Website,Yara Odeh,2025-04-19,2025-10-16,180.0,61.0,7,10,4,,5.4,0.0,False
CUST13095,Aqaba,Enterprise,Technology,Referral,Qualified,False,Inactive,CRM Professional,Q1 Acquisition,Phone,Yara Odeh,2023-03-12,2023-09-09,181.0,39.0,8,9,0,7.0,8.3,0.0,False
CUST13096,Madaba,Corporate,Education,LinkedIn,Contacted,False,Active,CRM Enterprise,Back-to-School,WhatsApp,Dana Nasser,2023-01-14,2023-07-02,169.0,60.0,8,5,2,7.4,9.8,0.0,False
CUST13097,Irbid,Consumer,Manufacturing,Unknown,Negotiation,False,Active,CRM Basic,Summer Campaign,WhatsApp,Dana Nasser,2024-05-16,2024-06-07,22.0,75.0,2,6,3,3.2,9.1,69.66,True
CUST13098,Karak,Consumer,Manufacturing,Website,Negotiation,False,Active,CRM Basic,Year-End Campaign,Meeting,Ahmad Saleh,2024-09-05,2024-11-10,66.0,56.0,3,7,6,18.1,6.9,26.29,True
CUST13099,Salt,Corporate,Healthcare,Website,Contacted,False,Active,CRM Professional,Q1 Acquisition,Meeting,Samer Khalil,2025-07-25,2025-08-15,21.0,47.0,5,6,4,9.5,9.0,0.0,False
CUST13100,Jerash,Corporate,Healthcare,Facebook,Won,True,Active,Analytics Add-on,Unknown,Meeting,Lina Haddad,2025-03-15,2025-06-23,100.0,43.0,2,7,1,4.5,7.1,1638.46,True
CUST13101,Irbid,Corporate,Education,Website,Won,True,Active,CRM Basic,Spring Campaign,Meeting,Yara Odeh,2024-04-14,2025-02-08,300.0,,5,8,3,12.6,7.7,814.97,True
CUST13102,Irbid,Corporate,Finance,Instagram,Lost,False,Inactive,CRM Professional,Year-End Campaign,Website,Yara Odeh,2023-10-18,2024-01-29,103.0,63.0,4,7,6,4.7,,0.0,False
CUST13103,Zarqa,Small Business,Healthcare,Email Campaign,Contacted,False,Active,CRM Enterprise,Referral Program,Phone,Lina Haddad,2023-05-19,2023-07-05,47.0,46.0,9,6,4,7.8,6.6,0.0,False
CUST13104,Karak,Consumer,Retail,Email Campaign,Contacted,False,Prospect,CRM Basic,Referral Program,Meeting,Lina Haddad,2024-10-23,2024-12-01,39.0,77.0,9,5,6,19.2,5.8,0.0,False
CUST13105,Amman,Consumer,Healthcare,Website,Won,True,Active,CRM Basic,No Campaign,Website,Omar Mansour,2025-01-09,2025-10-21,285.0,81.0,6,12,6,24.5,5.5,153.83,True
CUST13106,Amman,Small Business,Finance,Email Campaign,Contacted,False,Active,CRM Professional,Summer Campaign,Social Media,Omar Mansour,2024-09-08,2025-07-15,310.0,54.0,5,9,7,23.4,10.0,0.0,False
CUST13107,Madaba,Small Business,Manufacturing,Referral,New Lead,False,Inactive,Marketing Add-on,No Campaign,Meeting,Dana Nasser,2023-08-21,2023-11-19,90.0,40.0,6,10,5,8.0,9.1,0.0,False
CUST13108,Aqaba,Small Business,Technology,Cold Call,Won,True,Active,CRM Professional,Q1 Acquisition,Phone,Yara Odeh,2023-01-01,2023-03-27,85.0,60.0,7,5,5,5.4,3.4,1598.94,True
CUST13109,Karak,Consumer,Construction,Email Campaign,Contacted,False,Active,CRM Professional,Back-to-School,WhatsApp,Samer Khalil,2023-05-09,2024-02-06,273.0,58.0,11,8,1,11.0,,0.0,False
CUST13110,Jerash,Consumer,Construction,Cold Call,Qualified,False,Inactive,CRM Professional,Spring Campaign,Email,Ahmad Saleh,2025-09-21,2025-12-31,101.0,47.0,5,5,6,19.7,,0.0,False
CUST13111,Irbid,Consumer,Unknown,Facebook,Qualified,False,Active,Marketing Add-on,Referral Program,WhatsApp,Yara Odeh,2024-08-21,2025-02-25,188.0,66.0,8,10,1,14.7,6.4,0.0,False
CUST13112,Jerash,Consumer,Manufacturing,Website,Won,True,Active,CRM Basic,Referral Program,Phone,Ahmad Saleh,2023-08-18,2024-01-24,159.0,63.0,3,4,3,7.0,6.0,158.45,True
CUST13113,Salt,Consumer,Technology,Cold Call,Contacted,False,Active,CRM Professional,No Campaign,Phone,Samer Khalil,2024-08-06,2025-04-06,243.0,65.0,2,6,4,1.9,,0.0,False
CUST13114,Salt,Corporate,Healthcare,Trade Show,Won,True,Prospect,Analytics Add-on,Summer Campaign,Phone,Lina Haddad,2025-03-05,2025-05-17,73.0,89.0,4,8,5,8.8,8.0,2398.72,True
CUST13115,Salt,Corporate,Hospitality,Facebook,Proposal,False,Prospect,Marketing Add-on,Spring Campaign,Phone,Samer Khalil,2024-01-13,2024-03-02,49.0,91.0,5,4,7,9.0,8.5,224.74,True
CUST13116,Irbid,Consumer,Technology,Cold Call,Proposal,False,Active,CRM Enterprise,Year-End Campaign,Meeting,Ahmad Saleh,2025-07-17,2025-10-26,101.0,81.0,4,10,5,7.5,7.1,174.17,True
CUST13117,Salt,Small Business,Hospitality,Instagram,Contacted,False,Active,CRM Professional,No Campaign,Social Media,Omar Mansour,2024-07-25,2024-07-27,2.0,49.0,4,6,3,7.6,8.2,0.0,False
CUST13118,Karak,Consumer,Finance,Email Campaign,Contacted,False,Active,CRM Professional,Spring Campaign,Email,Samer Khalil,2023-09-09,,,81.0,2,11,7,5.6,4.6,0.0,False
CUST13119,Jerash,Small Business,Hospitality,Instagram,Proposal,False,Active,CRM Professional,No Campaign,Meeting,Dana Nasser,2025-04-19,2025-10-12,176.0,75.0,5,7,4,10.4,6.1,116.55,True
CUST13120,Aqaba,Consumer,Finance,Referral,Qualified,False,Inactive,CRM Enterprise,Year-End Campaign,WhatsApp,Omar Mansour,2023-04-09,2023-12-03,238.0,14.0,11,10,1,21.7,7.3,0.0,False
CUST13121,Zarqa,Consumer,Healthcare,Facebook,Won,True,Active,CRM Enterprise,Referral Program,Social Media,Dana Nasser,2023-04-22,2023-06-20,59.0,68.0,7,16,3,11.8,6.0,677.24,True
CUST13122,Zarqa,Corporate,Unknown,Google Ads,Qualified,False,Active,Analytics Add-on,Back-to-School,Website,Dana Nasser,2024-02-28,2025-02-15,353.0,57.0,2,8,1,18.7,6.6,0.0,False
CUST13123,Amman,Consumer,Retail,Google Ads,Qualified,False,Prospect,CRM Professional,Referral Program,Phone,Samer Khalil,2023-04-23,2023-07-31,99.0,86.0,7,14,6,6.0,,0.0,False
CUST13124,Zarqa,Consumer,Healthcare,Cold Call,Qualified,False,Prospect,CRM Enterprise,No Campaign,WhatsApp,Dana Nasser,2024-07-28,2025-07-22,359.0,51.0,6,9,10,13.5,6.6,0.0,False
CUST13125,Salt,Consumer,Technology,Email Campaign,Won,True,Inactive,Marketing Add-on,Spring Campaign,Website,Yara Odeh,2025-06-09,2025-06-11,2.0,66.0,6,7,4,7.1,8.7,201.1,True
CUST13126,Amman,Consumer,Healthcare,Website,Qualified,False,Prospect,Marketing Add-on,Summer Campaign,Email,Lina Haddad,2025-05-10,2025-12-31,235.0,19.0,11,11,4,5.2,6.6,0.0,False
CUST13127,Jerash,Consumer,Construction,Google Ads,Contacted,False,Inactive,CRM Enterprise,No Campaign,WhatsApp,Samer Khalil,2025-09-05,2025-10-05,30.0,76.0,4,14,3,7.7,10.0,0.0,False
CUST13128,Jerash,Corporate,Construction,Website,Won,True,Active,CRM Enterprise,Spring Campaign,Social Media,Ahmad Saleh,2023-02-28,2023-09-27,211.0,100.0,3,5,2,3.8,3.9,6147.97,True
CUST13129,Jerash,Small Business,Finance,Google Ads,Proposal,False,Active,CRM Professional,Summer Campaign,Meeting,Lina Haddad,2025-03-29,2025-07-30,123.0,44.0,4,8,2,16.5,7.6,90.45,True
CUST13130,Unknown,Small Business,Healthcare,Facebook,Proposal,False,Active,CRM Basic,Spring Campaign,Website,Omar Mansour,2023-01-04,2023-08-21,229.0,39.0,1,6,6,5.9,6.8,59.03,True
CUST13131,Salt,Consumer,Healthcare,Google Ads,Proposal,False,Active,CRM Basic,Year-End Campaign,WhatsApp,Samer Khalil,2025-10-28,2025-12-31,64.0,88.0,6,5,4,6.7,6.7,21.57,True
CUST13132,Amman,Consumer,Retail,LinkedIn,Negotiation,False,Prospect,CRM Professional,Spring Campaign,Meeting,Ahmad Saleh,2024-10-24,2025-03-17,144.0,99.0,4,7,3,3.3,7.0,146.12,True
CUST13133,Amman,Consumer,Finance,Cold Call,Contacted,False,Active,CRM Basic,Summer Campaign,Meeting,Ahmad Saleh,2023-07-20,2023-12-07,140.0,36.0,3,8,1,7.2,6.9,0.0,False
CUST13134,Zarqa,Consumer,Education,Referral,New Lead,False,Active,CRM Professional,Back-to-School,Meeting,Samer Khalil,2023-06-20,2023-07-19,29.0,35.0,7,9,2,28.5,8.3,0.0,False
CUST13135,Irbid,Small Business,Education,Unknown,Won,True,Active,CRM Enterprise,Summer Campaign,Social Media,Lina Haddad,2025-10-06,2025-12-31,86.0,91.0,5,6,4,10.5,7.9,2316.53,True
CUST13136,Karak,Consumer,Finance,Email Campaign,New Lead,False,Active,CRM Professional,Year-End Campaign,Phone,Yara Odeh,2025-06-02,2025-12-31,212.0,20.0,4,4,7,11.9,7.1,0.0,False
CUST13137,Amman,Corporate,Unknown,Referral,Negotiation,False,Prospect,CRM Basic,Q1 Acquisition,WhatsApp,Ahmad Saleh,2024-01-29,2024-02-10,12.0,55.0,3,5,7,12.8,8.3,327.84,True
CUST13138,Unknown,Consumer,Technology,Website,New Lead,False,Inactive,CRM Basic,No Campaign,Meeting,Samer Khalil,2024-08-16,2025-08-06,355.0,33.0,0,7,2,6.4,8.4,0.0,False
CUST13139,Amman,Consumer,Education,Instagram,Qualified,False,Active,CRM Basic,Back-to-School,Phone,Samer Khalil,2024-06-23,2025-05-26,337.0,40.0,4,11,4,4.3,7.2,0.0,False
CUST13140,Amman,Consumer,Construction,Trade Show,New Lead,False,Active,CRM Basic,Year-End Campaign,Meeting,Yara Odeh,2025-12-02,2025-12-31,29.0,98.0,4,8,5,9.7,10.0,0.0,False
CUST13141,Madaba,Consumer,Technology,Trade Show,Proposal,False,Inactive,Marketing Add-on,Year-End Campaign,Website,Dana Nasser,2023-05-09,2023-06-10,32.0,92.0,2,5,1,7.5,8.6,19.74,True
CUST13142,Zarqa,Consumer,Finance,Referral,Proposal,False,Inactive,CRM Professional,Q1 Acquisition,Website,Samer Khalil,2023-02-26,2023-05-11,74.0,,5,5,4,12.8,9.0,47.68,True
CUST13143,Zarqa,Consumer,Unknown,Instagram,Contacted,False,Active,CRM Professional,Referral Program,Website,Ahmad Saleh,2023-04-25,2023-10-13,171.0,53.0,4,5,1,3.8,7.8,0.0,False
CUST13144,Madaba,Consumer,Education,Email Campaign,Qualified,False,Prospect,CRM Basic,No Campaign,Phone,Dana Nasser,2025-07-27,2025-12-31,157.0,28.0,6,9,2,13.5,7.3,0.0,False
CUST13145,Karak,Small Business,Manufacturing,Referral,Lost,False,Prospect,CRM Enterprise,Back-to-School,Phone,Ahmad Saleh,2023-03-15,2023-05-23,69.0,53.0,4,14,1,30.9,5.1,0.0,False
CUST13146,Karak,Small Business,Unknown,Website,Qualified,False,Prospect,CRM Enterprise,Summer Campaign,Meeting,Lina Haddad,2023-09-17,2024-07-14,301.0,75.0,4,7,2,4.0,8.2,0.0,False
CUST13147,Karak,Consumer,Technology,Facebook,Won,True,Inactive,CRM Basic,Referral Program,Social Media,Lina Haddad,2025-09-02,2025-12-31,120.0,67.0,2,9,2,13.9,6.8,117.24,True
CUST13148,Jerash,Consumer,Technology,Referral,Lost,False,Prospect,Marketing Add-on,Referral Program,WhatsApp,Ahmad Saleh,2025-11-19,2025-12-31,42.0,36.0,2,10,3,16.4,7.1,0.0,False
CUST13149,Zarqa,Corporate,Healthcare,Trade Show,Lost,False,Active,Analytics Add-on,Year-End Campaign,Social Media,Omar Mansour,2025-07-24,2025-11-01,100.0,27.0,5,6,3,22.1,8.4,0.0,False
CUST13150,Karak,Enterprise,Retail,LinkedIn,Won,True,Prospect,CRM Basic,No Campaign,Phone,Omar Mansour,2023-01-06,2023-06-01,146.0,100.0,2,7,3,19.5,9.2,2514.24,True
CUST13151,Madaba,Small Business,Construction,Trade Show,Contacted,False,Prospect,CRM Professional,Year-End Campaign,WhatsApp,Omar Mansour,2023-06-17,2023-06-26,9.0,77.0,6,10,1,2.8,6.8,0.0,False
CUST13152,Amman,Consumer,Education,Instagram,Lost,False,Prospect,CRM Professional,Spring Campaign,Website,Ahmad Saleh,2023-03-11,2023-05-12,62.0,53.0,1,5,6,13.8,,0.0,False
CUST13153,Irbid,Corporate,Manufacturing,Website,Won,True,Prospect,CRM Professional,Q1 Acquisition,Social Media,Samer Khalil,2024-10-05,2025-04-08,185.0,83.0,1,2,10,7.3,8.8,1981.8,True
CUST13154,Zarqa,Small Business,Retail,Email Campaign,Won,True,Active,Analytics Add-on,Back-to-School,Social Media,Dana Nasser,2025-04-14,2025-05-13,29.0,55.0,2,9,5,14.9,9.2,583.84,True
CUST13155,Jerash,Consumer,Hospitality,Cold Call,New Lead,False,Active,CRM Basic,Year-End Campaign,Social Media,Samer Khalil,2023-03-20,2023-04-19,30.0,26.0,5,8,5,2.0,8.4,0.0,False
CUST13156,Jerash,Corporate,Hospitality,Unknown,Lost,False,Active,CRM Professional,Spring Campaign,Phone,Yara Odeh,2023-07-17,2023-12-07,143.0,39.0,5,10,1,13.6,6.3,0.0,False
CUST13157,Jerash,Consumer,Construction,Referral,Won,True,Inactive,CRM Professional,Q1 Acquisition,WhatsApp,Ahmad Saleh,2025-06-29,2025-10-27,120.0,67.0,9,8,6,5.6,7.1,334.77,True
CUST13158,Karak,Enterprise,Manufacturing,LinkedIn,Won,True,Active,CRM Professional,No Campaign,Website,Yara Odeh,2024-04-05,,,91.0,2,7,3,4.8,7.5,7082.05,True
CUST13159,Amman,Corporate,Retail,Instagram,New Lead,False,Active,Analytics Add-on,Summer Campaign,Phone,Yara Odeh,2025-05-17,2025-10-21,157.0,7.0,3,9,3,30.7,8.4,0.0,False
CUST13160,Irbid,Small Business,Construction,Website,Contacted,False,Active,CRM Basic,Back-to-School,Website,Samer Khalil,2023-12-12,2024-11-11,335.0,24.0,3,4,5,11.3,6.7,0.0,False
CUST13161,Zarqa,Corporate,Construction,Email Campaign,Lost,False,Active,CRM Basic,Q1 Acquisition,Email,Yara Odeh,2025-09-06,2025-12-31,116.0,32.0,8,14,2,7.2,6.6,0.0,False
CUST13162,Jerash,Consumer,Construction,Referral,Qualified,False,Prospect,CRM Enterprise,Summer Campaign,Email,Lina Haddad,2023-08-10,2024-04-26,260.0,29.0,6,5,6,11.7,9.6,0.0,False
CUST13163,Madaba,Small Business,Construction,Website,Qualified,False,Inactive,CRM Basic,Back-to-School,Website,Dana Nasser,2023-08-09,2023-10-30,82.0,80.0,5,8,5,2.3,8.4,0.0,False
CUST13164,Irbid,Corporate,Education,Referral,Won,True,Inactive,CRM Basic,No Campaign,Email,Ahmad Saleh,2024-09-14,2025-05-14,242.0,100.0,3,1,7,11.2,8.2,714.7,True
CUST13165,Zarqa,Small Business,Hospitality,Email Campaign,New Lead,False,Active,CRM Professional,No Campaign,WhatsApp,Dana Nasser,2024-02-11,2024-08-01,172.0,6.0,7,10,1,20.0,8.9,0.0,False
CUST13166,Amman,Corporate,Construction,Referral,Qualified,False,Prospect,CRM Basic,Spring Campaign,WhatsApp,Omar Mansour,2025-05-21,2025-12-31,224.0,66.0,3,11,3,7.7,9.5,0.0,False
CUST13167,Irbid,Corporate,Manufacturing,Website,Qualified,False,Active,CRM Professional,Year-End Campaign,Phone,Omar Mansour,2024-03-02,2024-09-26,208.0,52.0,4,7,3,11.1,7.6,0.0,False
CUST13168,Madaba,Enterprise,Technology,Referral,Qualified,False,Active,CRM Basic,Referral Program,Website,Lina Haddad,2023-10-20,2024-01-03,75.0,60.0,5,14,4,17.2,8.3,0.0,False
CUST13169,Zarqa,Corporate,Healthcare,Website,Contacted,False,Prospect,CRM Basic,Summer Campaign,Phone,Ahmad Saleh,2024-12-13,2025-09-09,270.0,61.0,1,10,2,13.5,6.0,0.0,False
CUST13170,Irbid,Small Business,Manufacturing,Instagram,Contacted,False,Inactive,CRM Professional,Summer Campaign,WhatsApp,Omar Mansour,2024-10-25,2025-02-16,114.0,9.0,3,11,5,19.5,8.2,0.0,False
CUST13171,Salt,Consumer,Finance,Facebook,Contacted,False,Inactive,CRM Basic,No Campaign,WhatsApp,Dana Nasser,2024-06-11,,,71.0,3,5,7,17.0,6.9,0.0,False
CUST13172,Zarqa,Corporate,Hospitality,Website,Proposal,False,Active,Marketing Add-on,Referral Program,WhatsApp,Dana Nasser,2023-11-10,2024-11-06,362.0,77.0,1,9,6,2.0,7.8,347.54,True
CUST13173,Salt,Consumer,Construction,LinkedIn,Won,True,Active,CRM Professional,Back-to-School,Social Media,Lina Haddad,2024-01-21,2024-12-06,320.0,100.0,4,8,2,6.8,8.7,269.05,True
CUST13174,Salt,Consumer,Hospitality,Facebook,Qualified,False,Active,CRM Enterprise,Back-to-School,Email,Yara Odeh,2024-01-11,2024-04-22,102.0,23.0,4,8,5,11.0,3.4,0.0,False
CUST13175,Jerash,Consumer,Construction,Referral,Contacted,False,Active,Analytics Add-on,Year-End Campaign,Phone,Omar Mansour,2025-01-22,2025-12-31,343.0,49.0,4,6,3,24.4,8.5,0.0,False
CUST13176,Irbid,Corporate,Education,Website,New Lead,False,Active,CRM Basic,Back-to-School,Phone,Samer Khalil,2024-12-27,2025-07-25,210.0,51.0,4,5,3,9.9,5.6,0.0,False
CUST13177,Madaba,Corporate,Education,Website,Won,True,Active,CRM Enterprise,Summer Campaign,WhatsApp,Omar Mansour,2025-07-17,2025-12-31,167.0,89.0,4,9,6,11.4,,5511.86,True
CUST13178,Amman,Small Business,Finance,LinkedIn,Lost,False,Active,Analytics Add-on,Summer Campaign,Social Media,Lina Haddad,2025-09-29,2025-10-19,20.0,62.0,5,6,2,6.7,7.7,0.0,False
CUST13179,Amman,Consumer,Unknown,Cold Call,Qualified,False,Inactive,CRM Basic,Spring Campaign,Phone,Omar Mansour,2024-09-06,2024-11-03,58.0,69.0,0,6,5,5.6,4.5,0.0,False
CUST13180,Amman,Small Business,Construction,Facebook,Contacted,False,Prospect,Marketing Add-on,No Campaign,Meeting,Ahmad Saleh,2023-11-29,2024-03-20,112.0,11.0,5,1,7,10.8,8.5,0.0,False
CUST13181,Jerash,Small Business,Retail,Facebook,Proposal,False,Inactive,CRM Basic,Q1 Acquisition,Phone,Lina Haddad,2024-06-04,2025-04-13,313.0,90.0,0,7,7,4.9,9.7,65.3,True
CUST13182,Irbid,Consumer,Healthcare,Website,Won,True,Prospect,CRM Basic,Year-End Campaign,Social Media,Samer Khalil,2025-02-06,2025-08-21,196.0,70.0,8,6,2,35.3,8.4,153.77,True
CUST13183,Salt,Consumer,Retail,Referral,Qualified,False,Active,Analytics Add-on,No Campaign,WhatsApp,Dana Nasser,2024-04-17,2025-04-05,353.0,64.0,4,10,3,13.6,8.6,0.0,False
CUST13184,Madaba,Consumer,Finance,Email Campaign,Proposal,False,Inactive,CRM Basic,Summer Campaign,Social Media,Omar Mansour,2023-10-01,2024-01-01,92.0,98.0,4,7,6,21.0,6.3,17.05,True
CUST13185,Salt,Small Business,Finance,Email Campaign,Negotiation,False,Active,CRM Enterprise,Spring Campaign,Email,Yara Odeh,2025-07-29,,,73.0,1,8,4,8.3,6.1,1230.85,True
CUST13186,Salt,Small Business,Healthcare,Facebook,Lost,False,Active,Analytics Add-on,No Campaign,Phone,Dana Nasser,2023-04-11,2024-01-29,293.0,38.0,4,6,3,16.1,5.9,0.0,False
CUST13187,Salt,Consumer,Finance,Cold Call,Contacted,False,Active,Marketing Add-on,Referral Program,Email,Lina Haddad,2024-09-22,2024-09-30,8.0,27.0,2,3,7,4.5,5.6,0.0,False
CUST13188,Irbid,Enterprise,Finance,Email Campaign,Lost,False,Active,CRM Professional,Year-End Campaign,Phone,Dana Nasser,2024-10-09,2025-08-05,300.0,18.0,6,2,4,5.5,8.4,0.0,False
CUST13189,Salt,Consumer,Hospitality,Google Ads,Qualified,False,Inactive,Marketing Add-on,Year-End Campaign,Email,Yara Odeh,2025-12-08,2025-12-31,23.0,36.0,2,8,4,12.4,7.6,0.0,False
CUST13190,Madaba,Consumer,Manufacturing,Email Campaign,Negotiation,False,Active,CRM Professional,Summer Campaign,Phone,Yara Odeh,2023-12-10,2024-08-02,236.0,72.0,7,5,3,21.9,7.9,140.95,True
CUST13191,Karak,Consumer,Construction,Trade Show,Proposal,False,Prospect,CRM Basic,Year-End Campaign,Meeting,Yara Odeh,2023-07-26,2023-10-03,69.0,100.0,5,7,7,14.4,9.4,15.69,True
CUST13192,Karak,Consumer,Hospitality,Facebook,Qualified,False,Prospect,CRM Professional,Referral Program,WhatsApp,Yara Odeh,2025-01-20,2025-03-06,45.0,54.0,2,8,2,4.3,6.7,0.0,False
CUST13193,Salt,Consumer,Healthcare,Cold Call,Negotiation,False,Active,CRM Enterprise,Q1 Acquisition,Meeting,Ahmad Saleh,2023-11-08,2024-03-24,137.0,72.0,7,7,5,9.3,7.1,237.6,True
CUST13194,Salt,Consumer,Education,Referral,Qualified,False,Active,CRM Professional,Q1 Acquisition,Website,Yara Odeh,2025-07-31,2025-12-31,153.0,74.0,3,18,7,7.4,7.1,0.0,False
CUST13195,Jerash,Small Business,Retail,Website,New Lead,False,Inactive,CRM Professional,Summer Campaign,Social Media,Lina Haddad,2024-03-28,2024-04-29,32.0,26.0,4,9,3,6.2,7.5,0.0,False
CUST13196,Amman,Consumer,Education,Instagram,Qualified,False,Active,CRM Professional,Summer Campaign,Phone,Lina Haddad,2023-02-05,2023-11-21,289.0,87.0,6,9,2,20.9,8.4,0.0,False
CUST13197,Irbid,Corporate,Education,LinkedIn,Proposal,False,Active,CRM Professional,No Campaign,Social Media,Omar Mansour,2024-02-24,,,57.0,6,8,4,3.3,6.2,418.94,True
CUST13198,Zarqa,Small Business,Manufacturing,Facebook,Contacted,False,Prospect,Marketing Add-on,Year-End Campaign,Phone,Lina Haddad,2025-03-30,2025-06-05,67.0,75.0,3,6,2,19.4,,0.0,False
CUST13199,Salt,Consumer,Retail,Cold Call,Lost,False,Prospect,CRM Professional,Summer Campaign,Website,Ahmad Saleh,2023-08-07,2023-09-06,30.0,57.0,5,9,7,18.2,5.1,0.0,False
CUST13200,Irbid,Corporate,Education,Website,Contacted,False,Inactive,CRM Basic,Referral Program,WhatsApp,Omar Mansour,2023-05-26,2023-09-17,114.0,52.0,1,9,2,7.3,7.6,0.0,False
CUST13201,Madaba,Consumer,Construction,Instagram,Qualified,False,Active,CRM Enterprise,Summer Campaign,WhatsApp,Ahmad Saleh,2025-06-18,2025-12-31,196.0,48.0,4,6,3,12.9,6.2,0.0,False
CUST13202,Aqaba,Corporate,Healthcare,Trade Show,New Lead,False,Active,CRM Professional,No Campaign,Social Media,Samer Khalil,2024-02-28,2024-03-28,29.0,59.0,7,6,2,20.3,7.3,0.0,False
CUST13203,Jerash,Enterprise,Retail,Facebook,Proposal,False,Active,Analytics Add-on,Referral Program,Meeting,Omar Mansour,2023-07-06,2023-11-14,131.0,65.0,4,5,3,7.3,9.5,687.94,True
CUST13204,Jerash,Consumer,Technology,Referral,Contacted,False,Active,CRM Basic,Referral Program,Website,Lina Haddad,2024-05-28,2024-11-29,185.0,40.0,6,12,2,8.2,10.0,0.0,False
CUST13205,Zarqa,Enterprise,Manufacturing,LinkedIn,Qualified,False,Active,CRM Professional,Spring Campaign,Social Media,Lina Haddad,2024-12-16,2025-08-26,253.0,92.0,7,9,2,14.3,10.0,0.0,False
CUST13206,Jerash,Corporate,Construction,Instagram,Contacted,False,Active,CRM Basic,Q1 Acquisition,WhatsApp,Lina Haddad,2023-02-26,2023-12-09,286.0,8.0,6,8,10,11.1,10.0,0.0,False
CUST13207,Aqaba,Enterprise,Education,Referral,New Lead,False,Prospect,CRM Basic,Summer Campaign,Email,Samer Khalil,2025-01-16,2025-03-19,62.0,70.0,3,8,7,4.2,6.9,0.0,False
CUST13208,Irbid,Small Business,Construction,Email Campaign,Won,True,Inactive,CRM Enterprise,Summer Campaign,Social Media,Ahmad Saleh,2025-09-26,2025-09-29,3.0,100.0,8,4,4,19.3,5.2,1649.72,True
CUST13209,Madaba,Consumer,Construction,Website,Proposal,False,Inactive,CRM Professional,Referral Program,Phone,Lina Haddad,2023-02-14,2023-04-23,68.0,49.0,7,11,1,14.1,9.4,43.18,True
CUST13210,Amman,Corporate,Finance,Facebook,Qualified,False,Prospect,Analytics Add-on,Spring Campaign,WhatsApp,Yara Odeh,2023-05-19,2023-06-13,25.0,47.0,2,6,6,10.9,7.6,0.0,False
CUST13211,Zarqa,Consumer,Retail,Website,New Lead,False,Active,CRM Professional,Back-to-School,Phone,Dana Nasser,2024-10-06,2025-04-03,179.0,,7,7,1,6.0,7.4,0.0,False
CUST13212,Zarqa,Consumer,Technology,Instagram,Won,True,Active,CRM Professional,Year-End Campaign,Website,Yara Odeh,2025-07-25,2025-12-13,141.0,97.0,5,6,6,7.9,5.2,544.23,True
CUST13213,Aqaba,Consumer,Finance,Google Ads,Contacted,False,Prospect,CRM Enterprise,Summer Campaign,Meeting,Lina Haddad,2023-07-29,2024-03-16,231.0,37.0,6,6,2,5.7,6.6,0.0,False
CUST13214,Aqaba,Consumer,Construction,Google Ads,Lost,False,Prospect,CRM Enterprise,Spring Campaign,Meeting,Omar Mansour,2024-10-22,2025-08-18,300.0,43.0,0,5,5,12.1,9.5,0.0,False
CUST13215,Aqaba,Small Business,Technology,LinkedIn,Qualified,False,Active,Analytics Add-on,No Campaign,WhatsApp,Omar Mansour,2024-03-03,2024-08-13,163.0,73.0,7,6,2,13.7,4.9,0.0,False
CUST13216,Madaba,Corporate,Construction,Email Campaign,Qualified,False,Active,CRM Enterprise,Q1 Acquisition,WhatsApp,Dana Nasser,2023-02-19,2023-12-27,311.0,28.0,3,7,1,6.8,7.0,0.0,False
CUST13217,Amman,Enterprise,Education,Trade Show,Negotiation,False,Inactive,CRM Basic,Summer Campaign,Meeting,Samer Khalil,2025-04-26,2025-09-03,130.0,42.0,5,6,6,5.2,6.9,994.89,True
CUST13218,Amman,Consumer,Construction,Cold Call,Won,True,Active,CRM Enterprise,Referral Program,Social Media,Omar Mansour,2024-05-10,2025-01-11,246.0,87.0,5,11,2,2.8,7.7,1102.86,True
CUST13219,Jerash,Enterprise,Finance,Facebook,Qualified,False,Active,CRM Professional,Year-End Campaign,Meeting,Samer Khalil,2023-10-03,2024-07-26,297.0,52.0,6,8,2,1.5,5.6,0.0,False
CUST13220,Salt,Enterprise,Education,Unknown,Qualified,False,Active,CRM Professional,Referral Program,Meeting,Samer Khalil,2025-08-26,2025-12-31,127.0,40.0,3,8,6,4.9,8.9,0.0,False
CUST13221,Irbid,Consumer,Finance,Instagram,Qualified,False,Prospect,Marketing Add-on,Referral Program,Social Media,Dana Nasser,2025-04-03,2025-06-06,64.0,60.0,4,7,5,10.3,6.9,0.0,False
CUST13222,Madaba,Consumer,Retail,Google Ads,Lost,False,Active,CRM Professional,No Campaign,Phone,Omar Mansour,2023-10-14,2023-11-14,31.0,43.0,3,7,5,14.8,8.5,0.0,False
CUST13223,Aqaba,Corporate,Construction,Trade Show,Negotiation,False,Prospect,CRM Enterprise,Summer Campaign,Social Media,Yara Odeh,2023-10-01,2023-11-17,47.0,55.0,3,6,0,6.2,,1968.96,True
CUST13224,Amman,Small Business,Hospitality,Instagram,Contacted,False,Active,CRM Professional,Back-to-School,Email,Lina Haddad,2024-05-31,2024-10-08,130.0,53.0,9,5,6,2.4,6.9,0.0,False
CUST13225,Madaba,Corporate,Healthcare,Trade Show,Contacted,False,Active,CRM Basic,Unknown,WhatsApp,Yara Odeh,2024-01-16,2025-01-02,352.0,30.0,7,9,6,1.5,7.5,0.0,False
CUST13226,Amman,Corporate,Hospitality,Google Ads,Contacted,False,Prospect,CRM Professional,Referral Program,Meeting,Yara Odeh,2025-06-26,2025-12-31,188.0,64.0,6,9,5,3.5,,0.0,False
CUST13227,Madaba,Small Business,Healthcare,Unknown,Contacted,False,Active,CRM Enterprise,Year-End Campaign,Website,Yara Odeh,2023-01-16,2023-05-06,110.0,46.0,5,4,5,1.7,6.7,0.0,False
CUST13228,Karak,Consumer,Hospitality,Instagram,Contacted,False,Active,CRM Professional,Back-to-School,WhatsApp,Samer Khalil,2025-10-31,2025-12-31,61.0,87.0,8,7,3,2.7,5.7,0.0,False
CUST13229,Jerash,Small Business,Technology,Cold Call,Proposal,False,Active,CRM Professional,Referral Program,Meeting,Samer Khalil,2023-09-29,2023-11-26,58.0,41.0,4,8,5,1.1,6.3,117.78,True
CUST13230,Unknown,Consumer,Manufacturing,Trade Show,New Lead,False,Inactive,Analytics Add-on,Summer Campaign,Phone,Omar Mansour,2023-01-09,2023-04-25,106.0,28.0,6,5,2,20.0,8.5,0.0,False
CUST13231,Jerash,Small Business,Finance,Email Campaign,Qualified,False,Active,CRM Basic,No Campaign,Meeting,Omar Mansour,2024-12-10,2025-10-06,300.0,79.0,3,10,4,12.2,,0.0,False
CUST13232,Amman,Corporate,Education,Instagram,Proposal,False,Active,CRM Professional,Spring Campaign,Social Media,Yara Odeh,2023-07-01,2024-05-26,330.0,46.0,3,10,2,9.2,5.5,460.63,True
CUST13233,Aqaba,Small Business,Manufacturing,Referral,Contacted,False,Inactive,Analytics Add-on,No Campaign,WhatsApp,Dana Nasser,2025-11-26,2025-12-31,35.0,51.0,4,7,2,14.9,6.5,0.0,False
CUST13234,Jerash,Enterprise,Retail,Cold Call,New Lead,False,Active,Marketing Add-on,Year-End Campaign,Social Media,Ahmad Saleh,2023-02-21,2023-12-30,312.0,1.0,1,7,4,21.7,6.4,0.0,False
CUST13235,Unknown,Consumer,Retail,Google Ads,New Lead,False,Active,CRM Professional,Year-End Campaign,Meeting,Yara Odeh,2024-04-19,2024-10-07,171.0,19.0,4,7,6,4.5,5.9,0.0,False
CUST13236,Madaba,Corporate,Retail,Unknown,New Lead,False,Inactive,Marketing Add-on,Back-to-School,Phone,Yara Odeh,2024-09-21,2025-03-02,162.0,21.0,3,8,5,0.7,6.7,0.0,False
CUST13237,Madaba,Small Business,Healthcare,Facebook,Won,True,Active,CRM Basic,Q1 Acquisition,Social Media,Ahmad Saleh,2025-12-19,2025-12-31,12.0,77.0,4,10,2,19.9,8.0,417.21,True
CUST13238,Madaba,Enterprise,Education,Facebook,Proposal,False,Active,CRM Basic,No Campaign,Website,Ahmad Saleh,2024-08-31,2024-11-10,71.0,87.0,3,13,5,14.8,8.9,248.6,True
CUST13239,Zarqa,Corporate,Retail,Instagram,New Lead,False,Active,Analytics Add-on,Q1 Acquisition,Meeting,Samer Khalil,2024-10-15,,,35.0,5,3,7,9.2,6.4,0.0,False
CUST13240,Salt,Consumer,Retail,Google Ads,Qualified,False,Prospect,Marketing Add-on,Spring Campaign,Phone,Dana Nasser,2025-12-30,2025-12-31,1.0,54.0,9,13,5,10.1,5.5,0.0,False
CUST13241,Zarqa,Enterprise,Hospitality,Website,Contacted,False,Active,CRM Basic,Q1 Acquisition,WhatsApp,Ahmad Saleh,2023-07-27,2024-06-14,323.0,34.0,7,9,3,36.9,4.3,0.0,False
CUST13242,Zarqa,Small Business,Technology,Cold Call,Proposal,False,Active,CRM Basic,Q1 Acquisition,WhatsApp,Yara Odeh,2023-06-14,2023-06-17,3.0,44.0,6,8,0,5.1,,62.16,True
CUST13243,Salt,Consumer,Finance,Email Campaign,Proposal,False,Inactive,CRM Basic,Summer Campaign,Website,Omar Mansour,2023-10-11,,,87.0,4,6,5,10.0,,18.99,True
CUST13244,Aqaba,Small Business,Finance,Facebook,Qualified,False,Active,CRM Basic,Spring Campaign,Email,Yara Odeh,2025-09-25,2025-12-31,97.0,64.0,5,4,2,10.1,9.0,0.0,False
CUST13245,Karak,Corporate,Construction,Trade Show,Contacted,False,Active,Analytics Add-on,Year-End Campaign,Social Media,Samer Khalil,2023-01-18,2023-05-24,126.0,44.0,4,10,5,2.0,9.2,0.0,False
CUST13246,Salt,Small Business,Finance,Referral,New Lead,False,Active,CRM Professional,Year-End Campaign,Meeting,Samer Khalil,2023-03-15,2023-05-07,53.0,72.0,5,4,5,,6.3,0.0,False
CUST13247,Jerash,Consumer,Manufacturing,Facebook,Negotiation,False,Inactive,CRM Professional,No Campaign,WhatsApp,Yara Odeh,2023-08-30,2024-03-15,198.0,18.0,4,9,3,14.7,8.9,98.61,True
CUST13248,Irbid,Corporate,Hospitality,Instagram,Won,True,Active,CRM Enterprise,Summer Campaign,Meeting,Omar Mansour,2024-01-04,2024-10-29,299.0,100.0,5,8,4,5.6,6.5,4781.87,True
CUST13249,Jerash,Corporate,Hospitality,Cold Call,Lost,False,Prospect,Marketing Add-on,Summer Campaign,Website,Dana Nasser,2024-09-02,2025-03-09,188.0,14.0,2,9,4,7.3,6.7,0.0,False
CUST13250,Madaba,Small Business,Technology,Cold Call,New Lead,False,Inactive,CRM Basic,Spring Campaign,Social Media,Dana Nasser,2025-08-10,2025-12-31,143.0,43.0,9,9,1,21.6,4.2,0.0,False
CUST13251,Jerash,Consumer,Healthcare,Website,Negotiation,False,Active,CRM Enterprise,Referral Program,Phone,Ahmad Saleh,2025-01-03,2025-11-04,305.0,92.0,7,2,5,,5.9,589.24,True
CUST13252,Irbid,Consumer,Manufacturing,LinkedIn,Negotiation,False,Active,Marketing Add-on,Back-to-School,Meeting,Omar Mansour,2024-11-07,2025-09-01,298.0,37.0,5,13,2,5.5,5.9,72.47,True
CUST13253,Zarqa,Corporate,Technology,Email Campaign,Lost,False,Prospect,CRM Basic,Year-End Campaign,Website,Lina Haddad,2024-10-13,2025-05-05,204.0,70.0,5,3,6,25.7,6.6,0.0,False
CUST13254,Aqaba,Corporate,Retail,Google Ads,Contacted,False,Active,Analytics Add-on,Summer Campaign,Phone,Dana Nasser,2023-11-19,2023-11-30,11.0,47.0,4,7,8,1.7,,0.0,False
CUST13255,Aqaba,Consumer,Education,Unknown,Negotiation,False,Active,CRM Enterprise,Q1 Acquisition,Phone,Ahmad Saleh,2024-03-21,2025-03-15,359.0,57.0,6,10,2,7.7,7.3,225.32,True
CUST13256,Zarqa,Consumer,Manufacturing,Instagram,New Lead,False,Inactive,CRM Basic,Q1 Acquisition,Phone,Samer Khalil,2025-08-31,2025-12-31,122.0,44.0,3,6,3,14.6,6.7,0.0,False
CUST13257,Madaba,Consumer,Manufacturing,Google Ads,Proposal,False,Active,CRM Basic,No Campaign,Social Media,Dana Nasser,2025-01-09,2025-06-04,146.0,77.0,2,11,2,6.4,8.9,15.56,True
CUST13258,Aqaba,Corporate,Retail,Google Ads,Qualified,False,Active,CRM Enterprise,Spring Campaign,Email,Lina Haddad,2025-02-13,2025-05-09,85.0,,4,14,6,13.0,9.5,0.0,False
CUST13259,Madaba,Consumer,Retail,Google Ads,Won,True,Active,CRM Professional,No Campaign,Meeting,Samer Khalil,2024-07-06,2024-10-14,100.0,76.0,10,4,4,3.2,8.8,424.84,True
CUST13260,Karak,Consumer,Education,Website,Won,True,Active,CRM Professional,No Campaign,Phone,Samer Khalil,2023-08-26,2023-12-08,104.0,97.0,6,9,5,26.1,7.2,306.77,True
CUST13261,Jerash,Consumer,Finance,Google Ads,Qualified,False,Active,CRM Basic,Back-to-School,WhatsApp,Omar Mansour,2023-12-27,2024-02-11,46.0,62.0,3,5,8,9.2,7.1,0.0,False
CUST13262,Madaba,Small Business,Manufacturing,Google Ads,Proposal,False,Prospect,CRM Enterprise,No Campaign,Social Media,Omar Mansour,2023-03-09,2023-04-22,44.0,74.0,5,16,3,5.3,5.7,319.46,True
CUST13263,Zarqa,Consumer,Technology,Facebook,New Lead,False,Prospect,CRM Basic,Q1 Acquisition,Social Media,Yara Odeh,2024-12-31,2025-10-05,278.0,35.0,2,5,4,14.8,6.8,0.0,False
CUST13264,Zarqa,Consumer,Healthcare,Trade Show,Qualified,False,Active,CRM Professional,Q1 Acquisition,Phone,Dana Nasser,2024-02-11,2024-08-10,181.0,45.0,3,10,3,14.6,,0.0,False
CUST13265,Salt,Enterprise,Retail,Cold Call,Qualified,False,Active,CRM Professional,Spring Campaign,WhatsApp,Lina Haddad,2024-12-04,2025-06-09,187.0,68.0,9,8,3,5.9,8.4,0.0,False
CUST13266,Zarqa,Consumer,Retail,Google Ads,Contacted,False,Active,CRM Enterprise,Spring Campaign,Website,Omar Mansour,2025-07-01,2025-10-23,114.0,30.0,4,4,10,17.4,7.5,0.0,False
CUST13267,Zarqa,Consumer,Healthcare,Facebook,Won,True,Active,CRM Basic,Spring Campaign,Social Media,Ahmad Saleh,2025-02-08,2025-10-21,255.0,40.0,1,9,1,6.8,7.6,195.75,True
CUST13268,Karak,Enterprise,Technology,LinkedIn,New Lead,False,Active,CRM Basic,Back-to-School,Phone,Samer Khalil,2024-07-15,,,42.0,3,10,2,6.3,8.8,0.0,False
CUST13269,Karak,Consumer,Construction,Cold Call,Proposal,False,Active,CRM Basic,Q1 Acquisition,Meeting,Ahmad Saleh,2025-05-22,2025-12-31,223.0,51.0,4,13,1,11.1,5.8,25.99,True
CUST13270,Aqaba,Small Business,Retail,Email Campaign,Won,True,Prospect,CRM Basic,Year-End Campaign,Phone,Samer Khalil,2025-04-01,,,,4,12,6,1.2,7.8,378.4,True
CUST13271,Jerash,Consumer,Healthcare,Cold Call,Won,True,Active,CRM Basic,Summer Campaign,Meeting,Ahmad Saleh,2024-03-08,2025-01-15,313.0,47.0,6,7,6,8.8,6.6,133.34,True
CUST13272,Zarqa,Corporate,Hospitality,Website,Won,True,Active,CRM Enterprise,Q1 Acquisition,Meeting,Samer Khalil,2023-05-12,2024-04-05,329.0,99.0,4,13,3,26.3,8.9,7156.07,True
CUST13273,Zarqa,Consumer,Retail,Google Ads,Contacted,False,Active,CRM Enterprise,Referral Program,Email,Omar Mansour,2023-03-19,2023-07-12,115.0,1.0,1,2,4,2.3,6.7,0.0,False
CUST13274,Salt,Corporate,Finance,Cold Call,Won,True,Active,CRM Enterprise,Year-End Campaign,Email,Ahmad Saleh,2025-08-08,2025-12-31,145.0,89.0,7,12,8,21.9,3.5,7998.12,True
CUST13275,Irbid,Consumer,Finance,LinkedIn,Contacted,False,Prospect,CRM Professional,Referral Program,Website,Dana Nasser,2024-07-20,2025-04-27,281.0,61.0,5,10,6,41.7,6.0,0.0,False
CUST13276,Karak,Consumer,Retail,Website,Lost,False,Active,CRM Basic,No Campaign,Website,Dana Nasser,2023-04-15,2024-01-15,275.0,49.0,2,9,2,8.5,5.1,0.0,False
CUST13277,Irbid,Corporate,Hospitality,Google Ads,Negotiation,False,Prospect,Marketing Add-on,Year-End Campaign,Meeting,Lina Haddad,2025-09-15,2025-12-31,107.0,94.0,4,7,4,13.7,7.1,793.32,True
CUST13278,Zarqa,Enterprise,Retail,Cold Call,Won,True,Active,CRM Basic,Referral Program,Website,Lina Haddad,2024-01-14,2024-12-10,331.0,56.0,6,7,0,7.2,9.1,3789.16,True
CUST13279,Madaba,Consumer,Construction,Google Ads,New Lead,False,Active,CRM Enterprise,Spring Campaign,Website,Yara Odeh,2025-04-29,2025-11-22,207.0,79.0,3,7,4,5.1,8.9,0.0,False
CUST13280,Zarqa,Corporate,Construction,Website,Proposal,False,Prospect,Marketing Add-on,Summer Campaign,Phone,Lina Haddad,2024-04-07,2025-03-01,328.0,49.0,4,3,1,28.7,6.3,177.96,True
CUST13281,Irbid,Consumer,Finance,Referral,Won,True,Active,CRM Enterprise,Back-to-School,Phone,Ahmad Saleh,2024-05-14,2024-12-11,211.0,93.0,8,6,8,8.9,8.0,699.19,True
CUST13282,Amman,Small Business,Construction,Trade Show,Won,True,Active,CRM Basic,Back-to-School,Phone,Samer Khalil,2023-11-29,2024-07-01,215.0,100.0,6,15,7,21.3,7.6,626.16,True
CUST13283,Jerash,Consumer,Hospitality,Referral,New Lead,False,Inactive,CRM Professional,Referral Program,WhatsApp,Yara Odeh,2025-10-27,2025-12-06,40.0,36.0,9,11,7,5.3,7.5,0.0,False
CUST13284,Zarqa,Small Business,Construction,Instagram,Lost,False,Active,CRM Basic,Referral Program,Meeting,Lina Haddad,2024-03-25,2024-04-20,26.0,31.0,6,4,2,7.3,6.2,0.0,False
CUST13285,Salt,Consumer,Retail,Trade Show,New Lead,False,Inactive,CRM Enterprise,Unknown,Website,Omar Mansour,2024-03-15,2024-04-11,27.0,56.0,6,4,4,32.6,7.4,0.0,False
CUST13286,Amman,Consumer,Hospitality,Trade Show,Proposal,False,Active,CRM Enterprise,Q1 Acquisition,WhatsApp,Dana Nasser,2025-08-07,2025-12-31,146.0,56.0,4,4,3,15.9,4.5,216.24,True
CUST13287,Jerash,Consumer,Technology,LinkedIn,Negotiation,False,Active,CRM Enterprise,Summer Campaign,Social Media,Dana Nasser,2025-07-20,2025-10-11,83.0,56.0,14,6,5,10.0,6.6,360.48,True
CUST13288,Jerash,Consumer,Technology,LinkedIn,New Lead,False,Active,CRM Basic,Year-End Campaign,Meeting,Omar Mansour,2023-11-15,2024-05-03,170.0,54.0,4,9,3,12.8,10.0,0.0,False
CUST13289,Karak,Enterprise,Education,Google Ads,New Lead,False,Prospect,Analytics Add-on,Back-to-School,Social Media,Dana Nasser,2023-05-08,2023-10-22,167.0,55.0,3,9,3,20.3,8.4,0.0,False
CUST13290,Amman,Enterprise,Technology,Cold Call,Won,True,Active,CRM Enterprise,Q1 Acquisition,Phone,Ahmad Saleh,2024-09-23,2025-03-30,188.0,79.0,8,10,4,8.4,8.2,19237.43,True
CUST13291,Aqaba,Corporate,Manufacturing,Referral,Qualified,False,Active,CRM Basic,No Campaign,Social Media,Omar Mansour,2025-06-30,2025-12-16,169.0,61.0,3,8,3,18.5,5.0,0.0,False
CUST13292,Irbid,Consumer,Hospitality,Email Campaign,New Lead,False,Active,CRM Professional,No Campaign,Phone,Ahmad Saleh,2023-02-28,2023-12-14,289.0,43.0,0,5,7,4.3,8.1,0.0,False
CUST13293,Irbid,Consumer,Manufacturing,Instagram,Won,True,Active,CRM Enterprise,Referral Program,Meeting,Yara Odeh,2024-02-27,2024-10-13,229.0,76.0,6,5,2,,7.2,1092.85,True
CUST13294,Jerash,Corporate,Manufacturing,Email Campaign,Won,True,Active,CRM Professional,Q1 Acquisition,Meeting,Dana Nasser,2025-05-28,2025-09-02,97.0,74.0,6,5,5,1.9,6.9,1159.93,True
CUST13295,Karak,Enterprise,Retail,Google Ads,Proposal,False,Active,CRM Basic,Back-to-School,Website,Omar Mansour,2024-03-02,2024-03-18,16.0,40.0,3,10,3,,5.7,483.9,True
CUST13296,Karak,Consumer,Retail,Trade Show,Contacted,False,Inactive,CRM Basic,Summer Campaign,WhatsApp,Omar Mansour,2024-07-01,2025-04-06,279.0,35.0,5,5,3,10.2,6.7,0.0,False
CUST13297,Jerash,Corporate,Healthcare,Instagram,New Lead,False,Active,Analytics Add-on,Year-End Campaign,Phone,Yara Odeh,2023-07-30,2023-12-12,135.0,40.0,4,5,3,9.8,7.3,0.0,False
CUST13298,Salt,Enterprise,Hospitality,Google Ads,Negotiation,False,Active,CRM Basic,Q1 Acquisition,Email,Yara Odeh,2023-11-16,2023-12-12,26.0,100.0,3,11,3,0.7,8.7,762.11,True
CUST13299,Karak,Corporate,Manufacturing,Instagram,Proposal,False,Active,CRM Basic,Back-to-School,Email,Yara Odeh,2024-09-04,2025-08-22,352.0,44.0,4,6,1,20.0,9.3,115.74,True
CUST13300,Jerash,Consumer,Manufacturing,Facebook,Proposal,False,Active,Analytics Add-on,Referral Program,Website,Omar Mansour,2025-11-14,2025-11-26,12.0,57.0,6,12,2,2.6,5.7,33.03,True
CUST13301,Irbid,Consumer,Technology,Referral,Won,True,Inactive,CRM Enterprise,No Campaign,WhatsApp,Dana Nasser,2025-12-02,2025-12-31,29.0,54.0,7,8,1,5.7,8.8,849.12,True
CUST13302,Aqaba,Small Business,Finance,LinkedIn,Qualified,False,Active,CRM Enterprise,Year-End Campaign,Phone,Dana Nasser,2025-06-22,2025-11-02,133.0,18.0,4,9,5,3.7,7.4,0.0,False
CUST13303,Salt,Small Business,Hospitality,Referral,New Lead,False,Active,CRM Professional,No Campaign,Website,Dana Nasser,2024-10-10,2025-01-24,106.0,68.0,5,9,3,11.8,7.9,0.0,False
CUST13304,Aqaba,Consumer,Unknown,Email Campaign,Lost,False,Active,CRM Professional,No Campaign,WhatsApp,Lina Haddad,2023-09-03,2024-04-10,220.0,56.0,3,8,5,6.0,8.4,0.0,False
CUST13305,Amman,Consumer,Hospitality,Instagram,Proposal,False,Inactive,CRM Enterprise,Back-to-School,Email,Lina Haddad,2024-05-18,2024-11-11,177.0,94.0,9,11,4,7.9,6.9,207.63,True
CUST13306,Aqaba,Corporate,Hospitality,Website,Proposal,False,Prospect,Marketing Add-on,Year-End Campaign,Phone,Samer Khalil,2023-04-18,2024-01-25,282.0,29.0,6,3,2,8.2,7.8,174.31,True
CUST13307,Amman,Consumer,Education,LinkedIn,Lost,False,Active,CRM Basic,Spring Campaign,WhatsApp,Omar Mansour,2024-07-05,2024-11-15,133.0,58.0,2,11,2,7.3,9.4,0.0,False
CUST13308,Karak,Consumer,Healthcare,Email Campaign,Lost,False,Active,CRM Basic,Back-to-School,Social Media,Dana Nasser,2024-11-20,2024-12-12,22.0,88.0,3,5,5,0.6,,0.0,False
CUST13309,Amman,Small Business,Finance,Facebook,Proposal,False,Active,CRM Basic,Q1 Acquisition,Phone,Omar Mansour,2023-12-16,2024-09-10,269.0,86.0,7,4,4,16.2,9.0,38.4,True
CUST13310,Aqaba,Small Business,Education,Facebook,Contacted,False,Active,CRM Enterprise,Q1 Acquisition,Social Media,Yara Odeh,2025-12-29,2025-12-31,2.0,61.0,3,8,5,2.6,,0.0,False
CUST13311,Amman,Corporate,Technology,Website,Lost,False,Active,CRM Professional,No Campaign,Meeting,Ahmad Saleh,2025-07-24,2025-11-08,107.0,30.0,3,5,3,10.9,7.8,0.0,False
CUST13312,Amman,Consumer,Healthcare,Trade Show,Negotiation,False,Prospect,CRM Basic,No Campaign,Meeting,Ahmad Saleh,2025-02-14,2025-11-20,279.0,100.0,5,8,1,12.3,7.1,41.97,True
CUST13313,Madaba,Corporate,Healthcare,Instagram,Qualified,False,Active,CRM Professional,Summer Campaign,Meeting,Dana Nasser,2023-09-17,2024-09-04,353.0,47.0,4,4,5,10.9,6.7,0.0,False
CUST13314,Aqaba,Small Business,Manufacturing,Facebook,Proposal,False,Inactive,CRM Basic,Back-to-School,Website,Lina Haddad,2024-10-02,2025-05-25,235.0,77.0,2,10,1,13.6,5.3,50.02,True
CUST13315,Aqaba,Consumer,Hospitality,Unknown,Qualified,False,Active,CRM Professional,Back-to-School,WhatsApp,Samer Khalil,2023-07-16,2023-08-03,18.0,39.0,0,9,6,16.6,5.6,0.0,False
CUST13316,Irbid,Corporate,Construction,Email Campaign,Won,True,Prospect,Marketing Add-on,Back-to-School,Meeting,Lina Haddad,2025-04-01,2025-11-29,242.0,78.0,6,8,7,22.6,7.5,1006.67,True
CUST13317,Zarqa,Consumer,Hospitality,Website,Qualified,False,Active,CRM Enterprise,Q1 Acquisition,WhatsApp,Omar Mansour,2023-05-16,2023-09-10,117.0,80.0,6,7,4,4.1,7.5,0.0,False
CUST13318,Jerash,Consumer,Retail,Trade Show,Won,True,Active,CRM Basic,Referral Program,WhatsApp,Lina Haddad,2025-05-01,2025-12-31,244.0,98.0,2,6,1,5.7,7.1,118.57,True
CUST13319,Salt,Consumer,Hospitality,Trade Show,Won,True,Prospect,CRM Basic,Summer Campaign,WhatsApp,Dana Nasser,2024-01-09,2024-10-17,282.0,80.0,3,11,5,13.6,6.4,96.98,True
CUST13320,Zarqa,Consumer,Hospitality,Google Ads,Won,True,Active,CRM Basic,Q1 Acquisition,Phone,Yara Odeh,2024-08-04,2024-12-26,144.0,100.0,5,6,5,5.5,10.0,96.51,True
CUST13321,Aqaba,Consumer,Unknown,Email Campaign,Negotiation,False,Active,CRM Enterprise,Year-End Campaign,Social Media,Yara Odeh,2024-01-02,2024-07-25,205.0,69.0,7,10,4,13.3,9.0,274.33,True
CUST13322,Salt,Corporate,Manufacturing,LinkedIn,Won,True,Prospect,CRM Professional,No Campaign,Social Media,Lina Haddad,2025-02-23,2025-04-03,39.0,100.0,4,13,5,7.0,8.1,2261.7,True
CUST13323,Irbid,Consumer,Technology,Facebook,Qualified,False,Active,Marketing Add-on,No Campaign,Website,Ahmad Saleh,2023-03-03,2023-08-04,154.0,49.0,3,13,1,2.3,5.5,0.0,False
CUST13324,Amman,Enterprise,Hospitality,Google Ads,New Lead,False,Active,CRM Enterprise,Year-End Campaign,Meeting,Dana Nasser,2024-11-16,2025-05-11,176.0,15.0,5,9,6,22.6,,0.0,False
CUST13325,Karak,Small Business,Construction,Cold Call,Won,True,Prospect,CRM Professional,Spring Campaign,Website,Dana Nasser,2024-07-18,2025-03-16,241.0,76.0,7,10,4,4.3,7.1,583.82,True
CUST13326,Zarqa,Consumer,Manufacturing,LinkedIn,Qualified,False,Prospect,Analytics Add-on,Year-End Campaign,WhatsApp,Dana Nasser,2025-05-07,2025-09-18,134.0,26.0,6,14,8,15.2,7.4,0.0,False
CUST13327,Karak,Consumer,Construction,Instagram,New Lead,False,Inactive,CRM Enterprise,No Campaign,Email,Lina Haddad,2025-12-24,2025-12-31,7.0,46.0,6,8,2,6.1,6.0,0.0,False
CUST13328,Madaba,Small Business,Healthcare,Unknown,New Lead,False,Active,CRM Basic,Summer Campaign,Email,Ahmad Saleh,2024-12-31,2025-02-19,50.0,42.0,9,10,6,6.8,,0.0,False
CUST13329,Jerash,Small Business,Manufacturing,Website,New Lead,False,Inactive,CRM Professional,No Campaign,WhatsApp,Lina Haddad,2024-09-12,2025-02-25,166.0,52.0,6,8,1,17.0,8.1,0.0,False
CUST13330,Salt,Consumer,Hospitality,Facebook,Negotiation,False,Inactive,CRM Professional,Q1 Acquisition,Meeting,Omar Mansour,2023-07-13,2023-10-27,106.0,73.0,4,5,3,7.5,7.6,123.5,True
CUST13331,Irbid,Consumer,Education,Cold Call,Negotiation,False,Inactive,CRM Professional,Referral Program,Social Media,Yara Odeh,2024-06-02,2025-01-04,216.0,67.0,3,7,6,5.5,,194.68,True
CUST13332,Jerash,Corporate,Manufacturing,Instagram,Contacted,False,Prospect,CRM Basic,Q1 Acquisition,Website,Samer Khalil,2023-07-29,2023-12-22,146.0,52.0,3,15,2,5.9,7.1,0.0,False
CUST13333,Karak,Consumer,Finance,Website,Won,True,Active,CRM Basic,Referral Program,Phone,Samer Khalil,2023-08-31,2023-11-11,72.0,100.0,4,10,4,9.2,6.8,119.88,True
CUST13334,Salt,Corporate,Technology,Facebook,Contacted,False,Active,CRM Professional,Q1 Acquisition,Email,Yara Odeh,2023-04-03,2024-02-27,330.0,71.0,6,8,3,11.3,5.7,0.0,False
CUST13335,Aqaba,Small Business,Technology,Trade Show,Won,True,Inactive,CRM Basic,Summer Campaign,Website,Samer Khalil,2024-09-08,2025-06-08,273.0,100.0,3,9,6,,10.0,378.24,True
CUST13336,Amman,Consumer,Healthcare,Cold Call,Qualified,False,Prospect,Marketing Add-on,Referral Program,Email,Yara Odeh,2023-09-06,2024-05-10,247.0,15.0,5,9,6,2.4,9.4,0.0,False
CUST13337,Amman,Consumer,Manufacturing,Cold Call,Negotiation,False,Active,CRM Enterprise,Back-to-School,Social Media,Omar Mansour,2024-02-07,2024-08-11,186.0,94.0,5,14,4,9.8,7.3,358.23,True
CUST13338,Madaba,Consumer,Construction,Google Ads,Qualified,False,Prospect,CRM Enterprise,No Campaign,Social Media,Omar Mansour,2025-04-10,2025-06-19,70.0,74.0,1,6,5,4.0,7.0,0.0,False
CUST13339,Zarqa,Corporate,Construction,Google Ads,Qualified,False,Prospect,CRM Professional,Summer Campaign,WhatsApp,Omar Mansour,2025-01-21,2025-06-20,150.0,100.0,6,7,4,9.6,8.6,0.0,False
CUST13340,Karak,Consumer,Healthcare,Unknown,Won,True,Prospect,CRM Enterprise,Unknown,WhatsApp,Ahmad Saleh,2024-07-14,2025-03-17,246.0,69.0,5,11,3,5.5,7.1,1200.07,True
CUST13341,Karak,Consumer,Healthcare,Facebook,New Lead,False,Prospect,Marketing Add-on,Q1 Acquisition,Email,Dana Nasser,2025-06-13,2025-12-31,201.0,34.0,7,7,2,6.4,9.5,0.0,False
CUST13342,Amman,Small Business,Education,Google Ads,Lost,False,Prospect,CRM Professional,Referral Program,Email,Yara Odeh,2024-01-20,2024-02-15,26.0,50.0,4,10,4,43.4,8.4,0.0,False
CUST13343,Zarqa,Consumer,Retail,Google Ads,Proposal,False,Prospect,CRM Enterprise,No Campaign,Website,Omar Mansour,2024-03-19,2024-08-06,140.0,19.0,3,7,4,23.4,9.0,240.64,True
CUST13344,Zarqa,Small Business,Healthcare,Referral,Qualified,False,Inactive,CRM Professional,Back-to-School,WhatsApp,Samer Khalil,2024-01-10,2024-04-18,99.0,5.0,7,5,5,8.6,4.8,0.0,False
CUST13345,Zarqa,Corporate,Retail,Referral,Proposal,False,Active,Analytics Add-on,No Campaign,Social Media,Yara Odeh,2025-05-01,2025-12-31,244.0,73.0,5,7,5,19.2,9.1,188.13,True
CUST13346,Madaba,Consumer,Construction,LinkedIn,New Lead,False,Active,Analytics Add-on,Referral Program,Meeting,Samer Khalil,2024-04-04,2024-05-25,51.0,17.0,7,9,4,4.3,,0.0,False
CUST13347,Jerash,Enterprise,Retail,Referral,Qualified,False,Active,Marketing Add-on,Back-to-School,Website,Yara Odeh,2024-05-08,2024-10-06,151.0,33.0,2,8,5,3.7,7.0,0.0,False
CUST13348,Salt,Corporate,Technology,Facebook,Lost,False,Active,CRM Basic,Back-to-School,Website,Yara Odeh,2024-09-19,2025-01-01,104.0,56.0,6,5,5,19.4,9.1,0.0,False
CUST13349,Amman,Consumer,Construction,Facebook,Contacted,False,Active,CRM Professional,No Campaign,Phone,Lina Haddad,2024-11-17,2025-02-14,89.0,18.0,4,11,3,2.6,8.3,0.0,False
CUST13350,Irbid,Consumer,Finance,Referral,Negotiation,False,Prospect,CRM Basic,Unknown,Meeting,Dana Nasser,2025-04-13,2025-09-01,141.0,87.0,1,6,2,13.3,6.4,32.02,True
CUST13351,Karak,Consumer,Construction,Instagram,Qualified,False,Inactive,CRM Professional,Year-End Campaign,Social Media,Omar Mansour,2024-05-31,2024-12-30,213.0,43.0,4,7,4,10.7,7.2,0.0,False
CUST13352,Irbid,Small Business,Finance,Website,Proposal,False,Active,CRM Professional,Summer Campaign,Website,Dana Nasser,2024-04-09,2024-11-28,233.0,49.0,7,4,6,7.0,8.2,152.38,True
CUST13353,Karak,Consumer,Manufacturing,Trade Show,Contacted,False,Inactive,CRM Basic,Spring Campaign,Meeting,Omar Mansour,2023-09-12,2024-03-13,183.0,57.0,9,5,3,9.5,10.0,0.0,False
CUST13354,Amman,Enterprise,Education,Facebook,Qualified,False,Active,CRM Enterprise,Back-to-School,Phone,Samer Khalil,2023-11-13,2024-07-21,251.0,35.0,3,7,2,5.5,8.2,0.0,False
CUST13355,Jerash,Small Business,Education,Facebook,Lost,False,Active,CRM Basic,Summer Campaign,Meeting,Dana Nasser,2024-12-29,2025-01-07,9.0,80.0,7,4,5,8.3,7.4,0.0,False
CUST13356,Irbid,Consumer,Finance,LinkedIn,Contacted,False,Prospect,Analytics Add-on,Back-to-School,WhatsApp,Dana Nasser,2025-09-06,2025-11-24,79.0,48.0,3,7,5,28.8,8.5,0.0,False
CUST13357,Jerash,Small Business,Manufacturing,Facebook,Proposal,False,Active,CRM Basic,No Campaign,Social Media,Omar Mansour,2024-09-03,2024-10-25,52.0,67.0,2,7,10,5.1,7.7,55.4,True
CUST13358,Karak,Consumer,Construction,Cold Call,Proposal,False,Inactive,CRM Professional,Back-to-School,WhatsApp,Omar Mansour,2023-12-31,2024-09-25,269.0,80.0,5,10,6,5.5,7.7,28.26,True
CUST13359,Aqaba,Corporate,Hospitality,Website,Proposal,False,Active,CRM Enterprise,Year-End Campaign,Phone,Dana Nasser,2025-06-18,2025-12-31,196.0,88.0,4,7,4,6.7,5.6,708.93,True
CUST13360,Salt,Small Business,Finance,Facebook,Proposal,False,Active,CRM Enterprise,Q1 Acquisition,Social Media,Yara Odeh,2025-06-12,2025-08-02,51.0,57.0,6,10,4,14.4,7.0,501.54,True
CUST13361,Karak,Consumer,Construction,Referral,Qualified,False,Prospect,CRM Basic,Referral Program,Email,Omar Mansour,2023-02-14,2023-08-19,186.0,74.0,6,5,5,13.2,8.6,0.0,False
CUST13362,Karak,Consumer,Manufacturing,Facebook,New Lead,False,Active,Analytics Add-on,Back-to-School,Email,Dana Nasser,2024-08-03,2024-09-06,34.0,55.0,2,12,8,15.5,7.3,0.0,False
CUST13363,Irbid,Corporate,Manufacturing,Trade Show,Won,True,Prospect,CRM Enterprise,Summer Campaign,Email,Lina Haddad,2024-06-11,2025-03-29,291.0,100.0,4,7,3,16.3,8.3,5930.72,True
CUST13364,Salt,Small Business,Manufacturing,LinkedIn,Won,True,Active,Analytics Add-on,Year-End Campaign,Meeting,Dana Nasser,2024-04-11,2024-11-27,230.0,71.0,3,4,1,,6.7,1282.16,True
CUST13365,Karak,Enterprise,Manufacturing,Trade Show,Contacted,False,Active,Analytics Add-on,Q1 Acquisition,Website,Ahmad Saleh,2025-10-28,2025-12-31,64.0,65.0,4,12,3,11.0,8.8,0.0,False
CUST13366,Zarqa,Consumer,Technology,Website,Qualified,False,Prospect,CRM Professional,Summer Campaign,Meeting,Dana Nasser,2025-05-24,2025-09-21,120.0,71.0,2,7,1,13.7,6.9,0.0,False
CUST13367,Zarqa,Consumer,Construction,Website,Won,True,Prospect,Marketing Add-on,No Campaign,Meeting,Yara Odeh,2024-11-03,2025-09-25,326.0,89.0,6,5,7,17.2,8.1,168.17,True
CUST13368,Zarqa,Consumer,Technology,Website,Lost,False,Active,Analytics Add-on,Spring Campaign,Meeting,Lina Haddad,2025-01-20,2025-09-24,247.0,1.0,4,6,3,7.5,8.9,0.0,False
CUST13369,Irbid,Small Business,Finance,LinkedIn,Lost,False,Active,Marketing Add-on,No Campaign,Meeting,Lina Haddad,2024-08-14,2025-02-22,192.0,70.0,9,9,5,17.6,6.7,0.0,False
CUST13370,Zarqa,Consumer,Manufacturing,Trade Show,Won,True,Inactive,Analytics Add-on,Year-End Campaign,Email,Yara Odeh,2023-04-16,,,100.0,1,5,5,7.4,4.2,180.64,True
CUST13371,Jerash,Consumer,Healthcare,Google Ads,New Lead,False,Active,Analytics Add-on,Back-to-School,Website,Samer Khalil,2024-03-30,2024-10-26,210.0,,3,19,3,5.9,7.3,0.0,False
CUST13372,Zarqa,Small Business,Manufacturing,Cold Call,Won,True,Active,CRM Professional,Summer Campaign,Website,Yara Odeh,2025-05-06,2025-08-17,103.0,68.0,10,4,7,11.4,,878.2,True
CUST13373,Madaba,Small Business,Healthcare,Website,Won,True,Inactive,CRM Basic,Referral Program,Phone,Samer Khalil,2025-11-01,2025-12-31,60.0,100.0,4,7,5,5.9,4.9,236.16,True
CUST13374,Karak,Consumer,Technology,Instagram,Qualified,False,Active,Marketing Add-on,Year-End Campaign,Email,Ahmad Saleh,2023-07-14,2023-11-24,133.0,59.0,6,7,2,5.4,8.8,0.0,False
CUST13375,Madaba,Consumer,Manufacturing,Trade Show,Qualified,False,Active,CRM Enterprise,Referral Program,Social Media,Omar Mansour,2024-08-14,2025-07-03,323.0,70.0,4,2,4,6.2,8.4,0.0,False
CUST13376,Jerash,Corporate,Retail,Trade Show,Qualified,False,Active,CRM Professional,Summer Campaign,Meeting,Omar Mansour,2023-11-30,,,,4,5,3,14.6,,,False
CUST13377,Karak,Consumer,Finance,Referral,Proposal,False,Prospect,CRM Professional,Referral Program,Website,Lina Haddad,2024-06-24,2024-10-23,121.0,61.0,8,3,6,1.8,8.5,71.73,True
CUST13378,Amman,Consumer,Manufacturing,Email Campaign,Contacted,False,Active,CRM Enterprise,No Campaign,Phone,Lina Haddad,2024-04-02,2024-07-05,94.0,51.0,5,6,6,16.5,5.8,0.0,False
CUST13379,Aqaba,Consumer,Unknown,Email Campaign,New Lead,False,Inactive,CRM Professional,Spring Campaign,Website,Samer Khalil,2024-06-04,2024-10-11,129.0,22.0,7,11,3,6.5,,0.0,False
CUST13380,Irbid,Corporate,Healthcare,LinkedIn,New Lead,False,Active,CRM Basic,No Campaign,Social Media,Lina Haddad,2023-06-17,2023-09-16,91.0,27.0,4,10,3,22.2,5.7,0.0,False
CUST13381,Zarqa,Corporate,Hospitality,Website,Qualified,False,Active,CRM Basic,Summer Campaign,Social Media,Dana Nasser,2023-04-22,2023-07-23,92.0,71.0,8,9,8,2.0,6.7,0.0,False
CUST13382,Zarqa,Consumer,Hospitality,Referral,Contacted,False,Active,CRM Enterprise,Q1 Acquisition,Email,Dana Nasser,2024-01-09,2024-03-12,63.0,71.0,4,6,2,4.7,6.1,0.0,False
CUST13383,Amman,Consumer,Unknown,Website,Won,True,Active,CRM Professional,Summer Campaign,Website,Ahmad Saleh,2025-11-03,2025-12-02,29.0,51.0,6,2,3,10.7,,169.77,True
CUST13384,Madaba,Corporate,Construction,Website,New Lead,False,Active,CRM Professional,Q1 Acquisition,Social Media,Dana Nasser,2023-06-18,2024-01-14,210.0,86.0,5,11,3,13.5,8.0,0.0,False
CUST13385,Irbid,Enterprise,Retail,Referral,Won,True,Active,Analytics Add-on,Summer Campaign,WhatsApp,Ahmad Saleh,2024-08-20,2024-09-01,12.0,63.0,8,4,8,12.5,8.5,4575.73,True
CUST13386,Zarqa,Small Business,Healthcare,Referral,Won,True,Inactive,CRM Enterprise,Q1 Acquisition,Social Media,Samer Khalil,2025-11-02,2025-12-31,59.0,59.0,1,7,2,2.3,7.5,2915.28,True
CUST13387,Aqaba,Enterprise,Retail,Cold Call,Won,True,Inactive,CRM Basic,Spring Campaign,Social Media,Dana Nasser,2025-05-30,2025-12-31,215.0,100.0,6,8,3,14.4,8.9,1855.21,True
CUST13388,Zarqa,Small Business,Hospitality,Facebook,Negotiation,False,Active,CRM Basic,Q1 Acquisition,Website,Ahmad Saleh,2025-08-16,2025-12-24,130.0,,3,5,3,19.3,8.0,101.07,True
CUST13389,Karak,Corporate,Finance,Email Campaign,New Lead,False,Inactive,CRM Enterprise,Q1 Acquisition,Meeting,Omar Mansour,2025-03-31,2025-12-31,275.0,59.0,5,14,2,10.2,5.2,0.0,False
CUST13390,Amman,Consumer,Hospitality,Facebook,Qualified,False,Inactive,CRM Enterprise,Summer Campaign,Social Media,Ahmad Saleh,2024-07-26,2025-01-15,173.0,43.0,5,10,5,8.4,5.7,0.0,False
CUST13391,Jerash,Consumer,Finance,Referral,New Lead,False,Active,CRM Basic,No Campaign,Phone,Yara Odeh,2023-02-08,2023-09-04,208.0,49.0,4,6,3,18.8,9.1,0.0,False
CUST13392,Madaba,Consumer,Finance,LinkedIn,Lost,False,Active,CRM Professional,No Campaign,Meeting,Dana Nasser,2024-07-06,2024-07-30,24.0,96.0,7,7,3,13.7,8.8,0.0,False
CUST13393,Aqaba,Corporate,Technology,Referral,Contacted,False,Inactive,Analytics Add-on,No Campaign,Social Media,Ahmad Saleh,2025-02-12,2025-05-22,99.0,33.0,6,7,2,17.1,6.2,0.0,False
CUST13394,Jerash,Enterprise,Hospitality,Facebook,Proposal,False,Active,Marketing Add-on,Q1 Acquisition,WhatsApp,Yara Odeh,2023-06-12,2024-06-02,356.0,82.0,8,11,7,10.0,8.6,931.69,True
CUST13395,Karak,Small Business,Construction,Google Ads,Won,True,Active,CRM Professional,Q1 Acquisition,Social Media,Samer Khalil,2025-04-17,2025-09-03,139.0,65.0,4,12,5,14.9,7.3,1523.13,True
CUST13396,Jerash,Consumer,Hospitality,Google Ads,Lost,False,Active,CRM Basic,Q1 Acquisition,Email,Lina Haddad,2024-04-29,2025-03-09,314.0,24.0,6,7,6,1.5,8.2,0.0,False
CUST13397,Karak,Consumer,Retail,Email Campaign,Negotiation,False,Active,CRM Basic,Summer Campaign,Website,Omar Mansour,2024-03-08,2024-08-29,174.0,,7,7,3,7.4,5.6,46.41,True
CUST13398,Jerash,Consumer,Manufacturing,Instagram,Negotiation,False,Prospect,CRM Basic,No Campaign,WhatsApp,Samer Khalil,2023-09-29,2023-10-28,29.0,72.0,1,10,6,4.3,,13.71,True
CUST13399,Karak,Consumer,Education,LinkedIn,Qualified,False,Inactive,CRM Basic,No Campaign,Phone,Omar Mansour,2023-02-02,2023-06-25,143.0,57.0,5,9,5,15.2,8.9,0.0,False
CUST13400,Karak,Small Business,Education,Website,Proposal,False,Active,CRM Professional,Spring Campaign,Social Media,Omar Mansour,2024-06-20,2025-05-02,316.0,66.0,6,15,3,2.5,8.9,181.72,True
CUST13401,Amman,Enterprise,Construction,Trade Show,New Lead,False,Prospect,CRM Enterprise,Summer Campaign,Social Media,Yara Odeh,2024-04-02,2025-03-19,351.0,84.0,2,12,4,6.6,7.2,0.0,False
CUST13402,Karak,Consumer,Finance,Referral,Won,True,Active,CRM Basic,No Campaign,Phone,Ahmad Saleh,2023-10-04,2023-11-15,42.0,100.0,4,5,4,1.5,9.7,137.57,True
CUST13403,Amman,Consumer,Construction,Google Ads,Proposal,False,Inactive,Marketing Add-on,Referral Program,Social Media,Lina Haddad,2024-01-21,2024-11-15,299.0,70.0,3,9,3,7.0,8.3,24.58,True
CUST13404,Aqaba,Small Business,Education,Instagram,New Lead,False,Active,CRM Enterprise,Q1 Acquisition,Email,Ahmad Saleh,2025-11-28,2025-12-31,33.0,42.0,3,12,1,10.8,5.7,0.0,False
CUST13405,Amman,Consumer,Construction,LinkedIn,Won,True,Active,CRM Enterprise,Q1 Acquisition,Meeting,Ahmad Saleh,2025-08-21,2025-12-31,132.0,100.0,1,7,3,4.4,7.6,966.88,True
CUST13406,Amman,Corporate,Healthcare,LinkedIn,Qualified,False,Active,Marketing Add-on,Back-to-School,Meeting,Dana Nasser,2024-10-07,,,75.0,4,14,6,7.9,5.0,0.0,False
CUST13407,Madaba,Consumer,Retail,Google Ads,Won,True,Active,CRM Enterprise,Q1 Acquisition,WhatsApp,Ahmad Saleh,2024-01-28,2024-07-06,160.0,85.0,9,13,1,11.6,9.1,859.99,True
CUST13408,Irbid,Consumer,Retail,Trade Show,Won,True,Active,Marketing Add-on,No Campaign,Social Media,Lina Haddad,2023-07-07,2023-09-09,64.0,100.0,4,7,5,14.0,7.7,349.42,True
CUST13409,Karak,Consumer,Construction,Instagram,Won,True,Active,CRM Professional,Spring Campaign,Phone,Samer Khalil,2025-10-12,2025-12-31,80.0,63.0,8,8,7,12.6,8.7,182.79,True
CUST13410,Salt,Consumer,Retail,Cold Call,New Lead,False,Active,CRM Basic,Spring Campaign,Phone,Yara Odeh,2023-02-05,2023-10-21,258.0,40.0,7,6,4,12.5,7.1,0.0,False
CUST13411,Irbid,Small Business,Healthcare,Trade Show,Contacted,False,Active,CRM Professional,Spring Campaign,WhatsApp,Ahmad Saleh,2023-11-05,2024-04-05,152.0,47.0,7,4,2,12.6,7.2,0.0,False
CUST13412,Salt,Consumer,Manufacturing,Facebook,Won,True,Prospect,CRM Professional,Q1 Acquisition,Email,Lina Haddad,2025-11-11,2025-12-31,50.0,89.0,5,9,3,5.4,7.1,141.85,True
CUST13413,Irbid,Consumer,Technology,LinkedIn,Won,True,Active,CRM Basic,Year-End Campaign,WhatsApp,Ahmad Saleh,2025-08-07,2025-12-31,146.0,59.0,3,9,4,22.1,7.8,165.8,True
CUST13414,Aqaba,Consumer,Healthcare,Instagram,Qualified,False,Prospect,CRM Enterprise,Spring Campaign,Social Media,Yara Odeh,2024-02-02,2024-07-17,166.0,69.0,8,7,1,3.6,10.0,0.0,False
CUST13415,Aqaba,Consumer,Retail,Google Ads,Qualified,False,Inactive,CRM Basic,Spring Campaign,Meeting,Omar Mansour,2023-09-08,2023-10-09,31.0,55.0,6,8,3,8.2,8.7,0.0,False
CUST13416,Madaba,Consumer,Retail,LinkedIn,Contacted,False,Active,CRM Enterprise,Referral Program,Email,Yara Odeh,2025-07-04,2025-12-31,180.0,71.0,6,10,4,8.3,6.2,0.0,False
CUST13417,Karak,Small Business,Hospitality,Trade Show,Lost,False,Active,CRM Professional,Q1 Acquisition,Email,Ahmad Saleh,2023-03-14,2023-12-21,282.0,39.0,4,9,2,3.2,,0.0,False
CUST13418,Madaba,Small Business,Retail,Website,Contacted,False,Prospect,CRM Enterprise,Spring Campaign,Phone,Dana Nasser,2023-09-19,2023-10-18,29.0,39.0,5,6,5,8.8,7.3,0.0,False
CUST13419,Irbid,Enterprise,Manufacturing,Website,Contacted,False,Active,CRM Professional,Q1 Acquisition,Email,Omar Mansour,2024-10-28,2025-05-11,195.0,64.0,6,6,3,5.1,6.7,0.0,False
CUST13420,Karak,Consumer,Education,LinkedIn,Negotiation,False,Inactive,Marketing Add-on,Q1 Acquisition,Social Media,Lina Haddad,2023-11-26,2024-10-25,334.0,75.0,3,14,2,19.0,7.5,133.14,True
CUST13421,Madaba,Consumer,Technology,Instagram,Contacted,False,Inactive,CRM Professional,Back-to-School,Social Media,Yara Odeh,2024-04-01,2024-12-13,256.0,45.0,5,9,8,18.6,9.3,0.0,False
CUST13422,Karak,Consumer,Healthcare,Instagram,Lost,False,Active,Marketing Add-on,Spring Campaign,Social Media,Ahmad Saleh,2024-12-07,2025-09-14,281.0,41.0,3,8,4,6.6,6.7,0.0,False
CUST13423,Salt,Consumer,Construction,Facebook,New Lead,False,Active,CRM Basic,Year-End Campaign,Meeting,Omar Mansour,2024-12-03,2025-10-03,304.0,30.0,5,7,3,4.3,9.2,0.0,False
CUST13424,Amman,Small Business,Retail,Facebook,New Lead,False,Active,CRM Enterprise,Back-to-School,Website,Omar Mansour,2025-01-28,2025-12-15,321.0,81.0,1,10,8,16.1,9.9,0.0,False
CUST13425,Aqaba,Corporate,Hospitality,Google Ads,Qualified,False,Prospect,CRM Professional,Year-End Campaign,Email,Samer Khalil,2023-12-22,2024-11-09,323.0,71.0,4,8,5,23.2,7.4,0.0,False
CUST13426,Karak,Small Business,Hospitality,Unknown,Qualified,False,Prospect,Analytics Add-on,No Campaign,Email,Omar Mansour,2024-10-14,2025-09-25,346.0,75.0,5,4,9,,8.8,0.0,False
CUST13427,Madaba,Consumer,Finance,Google Ads,Contacted,False,Prospect,Analytics Add-on,Spring Campaign,Social Media,Yara Odeh,2024-12-20,2025-10-10,294.0,60.0,1,8,3,5.2,7.1,0.0,False
CUST13428,Irbid,Consumer,Technology,Instagram,Qualified,False,Active,Analytics Add-on,Year-End Campaign,Phone,Lina Haddad,2024-06-06,2024-09-01,87.0,66.0,8,6,2,10.6,6.9,0.0,False
CUST13429,Karak,Enterprise,Hospitality,Facebook,Qualified,False,Active,CRM Basic,No Campaign,Meeting,Ahmad Saleh,2023-04-10,2023-09-06,149.0,52.0,4,5,1,10.0,7.9,0.0,False
CUST13430,Zarqa,Consumer,Finance,Trade Show,Won,True,Active,Analytics Add-on,No Campaign,Email,Yara Odeh,2024-05-19,2025-01-23,249.0,66.0,6,4,2,6.7,6.9,300.96,True
CUST13431,Amman,Small Business,Technology,Unknown,New Lead,False,Prospect,CRM Basic,Year-End Campaign,Website,Omar Mansour,2024-07-18,2025-06-04,321.0,32.0,8,10,2,8.9,10.0,0.0,False
CUST13432,Amman,Enterprise,Retail,Referral,Lost,False,Active,CRM Basic,Q1 Acquisition,Email,Lina Haddad,2024-03-29,2025-01-06,283.0,58.0,3,8,3,8.2,5.5,0.0,False
CUST13433,Irbid,Corporate,Technology,Email Campaign,Proposal,False,Active,CRM Basic,Q1 Acquisition,WhatsApp,Samer Khalil,2023-02-20,2024-02-17,362.0,58.0,1,8,6,3.7,7.3,109.75,True
CUST13434,Aqaba,Corporate,Technology,LinkedIn,New Lead,False,Prospect,CRM Professional,Spring Campaign,Website,Ahmad Saleh,2024-06-03,2024-12-18,198.0,66.0,4,6,3,5.1,7.7,0.0,False
CUST13435,Zarqa,Consumer,Construction,Cold Call,New Lead,False,Active,CRM Enterprise,No Campaign,Phone,Dana Nasser,2024-08-23,2024-10-06,44.0,74.0,7,13,3,22.7,3.4,0.0,False
CUST13436,Jerash,Consumer,Retail,Cold Call,Proposal,False,Active,CRM Basic,Back-to-School,Website,Omar Mansour,2024-08-14,2025-08-05,356.0,32.0,6,11,3,6.6,9.3,16.6,True
CUST13437,Madaba,Consumer,Manufacturing,Trade Show,Contacted,False,Active,CRM Basic,Year-End Campaign,Website,Omar Mansour,2025-11-17,2025-12-15,28.0,82.0,6,8,6,3.3,8.3,0.0,False
CUST13438,Amman,Small Business,Hospitality,Email Campaign,Contacted,False,Active,CRM Enterprise,Year-End Campaign,Email,Samer Khalil,2023-05-27,2023-06-13,17.0,28.0,2,5,5,18.8,5.2,0.0,False
CUST13439,Aqaba,Consumer,Finance,Website,Contacted,False,Prospect,Marketing Add-on,Summer Campaign,Website,Lina Haddad,2024-09-10,2025-01-15,127.0,45.0,4,7,2,,3.2,0.0,False
CUST13440,Madaba,Corporate,Construction,Trade Show,Proposal,False,Active,CRM Enterprise,Spring Campaign,Social Media,Samer Khalil,2025-11-14,2025-12-31,47.0,70.0,3,7,5,,7.8,1191.41,True
CUST13441,Jerash,Corporate,Construction,Trade Show,Proposal,False,Active,CRM Enterprise,No Campaign,Meeting,Lina Haddad,2024-12-12,2025-08-13,244.0,25.0,9,7,5,10.5,6.7,1218.92,True
CUST13442,Aqaba,Small Business,Manufacturing,Referral,New Lead,False,Active,CRM Professional,Referral Program,Website,Ahmad Saleh,2024-04-09,2024-06-24,76.0,26.0,8,8,5,11.1,8.3,0.0,False
CUST13443,Amman,Consumer,Finance,Cold Call,Proposal,False,Active,Analytics Add-on,Back-to-School,Email,Omar Mansour,2025-12-05,2025-12-31,26.0,70.0,7,7,3,9.6,6.5,19.89,True
CUST13444,Amman,Consumer,Education,Unknown,Won,True,Active,Marketing Add-on,Summer Campaign,Social Media,Dana Nasser,2023-12-21,2024-07-12,204.0,56.0,6,11,9,12.0,8.2,167.41,True
CUST13445,Amman,Corporate,Hospitality,LinkedIn,New Lead,False,Active,CRM Professional,Back-to-School,Phone,Samer Khalil,2025-11-05,2025-12-31,56.0,15.0,3,8,5,10.0,6.4,0.0,False
CUST13446,Madaba,Small Business,Finance,Unknown,Won,True,Active,CRM Professional,Q1 Acquisition,WhatsApp,Yara Odeh,2024-01-06,,,100.0,7,7,1,15.6,5.7,411.29,True
CUST13447,Karak,Corporate,Unknown,Referral,Proposal,False,Active,Analytics Add-on,Unknown,Website,Dana Nasser,2025-11-16,2025-12-31,45.0,70.0,3,5,8,21.1,6.5,137.4,True
CUST13448,Karak,Consumer,Technology,Unknown,Lost,False,Inactive,Marketing Add-on,Spring Campaign,Social Media,Dana Nasser,2025-10-03,2025-12-31,89.0,65.0,5,6,6,7.9,7.0,0.0,False
CUST13449,Madaba,Small Business,Education,LinkedIn,New Lead,False,Active,CRM Basic,Back-to-School,Social Media,Omar Mansour,2025-03-20,2025-08-25,158.0,79.0,5,21,4,21.1,6.0,0.0,False
CUST13450,Salt,Corporate,Retail,Email Campaign,Lost,False,Inactive,CRM Professional,Spring Campaign,Phone,Omar Mansour,2025-06-23,2025-08-31,69.0,61.0,7,6,6,8.3,6.0,0.0,False
CUST13451,Irbid,Consumer,Retail,Cold Call,Proposal,False,Active,Analytics Add-on,Spring Campaign,Phone,Yara Odeh,2024-11-05,2025-01-29,85.0,57.0,7,4,4,10.4,10.0,27.47,True
CUST13452,Aqaba,Small Business,Healthcare,Instagram,Proposal,False,Active,CRM Professional,Referral Program,WhatsApp,Dana Nasser,2023-06-25,2024-03-18,267.0,55.0,1,4,1,16.0,9.1,169.64,True
CUST13453,Irbid,Corporate,Education,Trade Show,Qualified,False,Prospect,CRM Professional,No Campaign,WhatsApp,Ahmad Saleh,2024-03-22,2024-05-30,69.0,71.0,1,9,2,18.4,9.4,0.0,False
CUST13454,Aqaba,Consumer,Technology,Google Ads,New Lead,False,Active,CRM Enterprise,Q1 Acquisition,Email,Yara Odeh,2025-06-12,2025-09-19,99.0,54.0,5,7,5,5.5,5.9,0.0,False
CUST13455,Salt,Consumer,Healthcare,Website,Lost,False,Active,CRM Basic,Spring Campaign,WhatsApp,Dana Nasser,2025-10-15,2025-12-31,77.0,50.0,5,7,3,7.7,5.9,0.0,False
CUST13456,Aqaba,Small Business,Healthcare,Facebook,Proposal,False,Active,CRM Professional,Referral Program,WhatsApp,Lina Haddad,2024-12-06,2025-07-10,216.0,82.0,5,5,3,6.2,7.7,142.24,True
CUST13457,Jerash,Consumer,Retail,Facebook,New Lead,False,Active,Marketing Add-on,No Campaign,Social Media,Yara Odeh,2023-11-22,2024-05-01,161.0,38.0,5,8,6,11.6,7.3,0.0,False
CUST13458,Zarqa,Corporate,Finance,Trade Show,New Lead,False,Active,CRM Enterprise,Back-to-School,Website,Lina Haddad,2023-03-03,2023-06-05,94.0,40.0,7,5,6,4.2,,0.0,False
CUST13459,Madaba,Corporate,Technology,Trade Show,New Lead,False,Active,Analytics Add-on,Referral Program,Website,Lina Haddad,2023-07-31,2024-01-21,174.0,32.0,5,12,4,9.0,8.0,0.0,False
CUST13460,Aqaba,Corporate,Construction,Trade Show,Proposal,False,Inactive,Analytics Add-on,Q1 Acquisition,Meeting,Lina Haddad,2025-09-28,2025-12-31,94.0,50.0,6,7,3,13.7,8.7,410.14,True
CUST13461,Irbid,Small Business,Construction,Website,Proposal,False,Inactive,CRM Enterprise,No Campaign,WhatsApp,Samer Khalil,2025-09-11,2025-12-31,111.0,49.0,9,4,4,14.8,7.5,424.36,True
CUST13462,Irbid,Consumer,Education,Cold Call,Qualified,False,Inactive,Analytics Add-on,No Campaign,Meeting,Ahmad Saleh,2023-02-26,2023-10-04,220.0,53.0,8,9,4,3.3,6.7,0.0,False
CUST13463,Karak,Consumer,Healthcare,Instagram,Contacted,False,Active,CRM Professional,Referral Program,Meeting,Samer Khalil,2025-02-25,2025-03-28,31.0,65.0,8,10,5,3.4,5.7,0.0,False
CUST13464,Madaba,Corporate,Technology,Trade Show,Proposal,False,Active,CRM Enterprise,Unknown,Email,Samer Khalil,2023-09-22,2023-10-03,11.0,68.0,1,10,2,15.7,7.9,585.27,True
CUST13465,Karak,Consumer,Retail,Google Ads,Qualified,False,Inactive,CRM Enterprise,Q1 Acquisition,Email,Lina Haddad,2025-08-14,2025-12-31,139.0,52.0,5,8,3,3.5,5.6,0.0,False
CUST13466,Irbid,Small Business,Healthcare,Instagram,New Lead,False,Active,CRM Enterprise,Spring Campaign,Website,Ahmad Saleh,2024-10-24,2025-03-03,130.0,35.0,3,6,5,19.8,7.3,0.0,False
CUST13467,Zarqa,Corporate,Healthcare,Website,Contacted,False,Inactive,CRM Basic,Summer Campaign,Phone,Ahmad Saleh,2023-12-08,2024-03-22,105.0,14.0,5,4,3,32.1,6.4,0.0,False
CUST13468,Jerash,Consumer,Manufacturing,Trade Show,New Lead,False,Active,CRM Basic,Q1 Acquisition,Social Media,Dana Nasser,2024-07-14,2024-08-10,27.0,29.0,6,6,4,8.1,8.6,0.0,False
CUST13469,Karak,Consumer,Retail,Website,Won,True,Active,CRM Professional,No Campaign,WhatsApp,Yara Odeh,2024-11-17,2025-07-02,227.0,95.0,4,10,3,16.5,,232.83,True
CUST13470,Amman,Small Business,Construction,Instagram,Negotiation,False,Prospect,CRM Enterprise,Referral Program,Social Media,Samer Khalil,2024-08-22,2024-08-24,2.0,50.0,3,6,7,18.1,8.7,886.96,True
CUST13471,Jerash,Corporate,Manufacturing,Email Campaign,Lost,False,Inactive,Marketing Add-on,Referral Program,WhatsApp,Yara Odeh,2025-09-28,2025-12-31,94.0,14.0,3,9,6,8.0,6.5,0.0,False
CUST13472,Jerash,Consumer,Retail,Email Campaign,Contacted,False,Inactive,Marketing Add-on,Summer Campaign,WhatsApp,Yara Odeh,2024-02-13,,,25.0,8,6,4,6.2,7.8,0.0,False
CUST13473,Jerash,Enterprise,Retail,LinkedIn,Won,True,Prospect,CRM Basic,Referral Program,Meeting,Ahmad Saleh,2024-03-13,2024-04-03,21.0,70.0,3,6,6,10.7,6.4,3561.99,True
CUST13474,Zarqa,Small Business,Manufacturing,Facebook,Proposal,False,Inactive,CRM Professional,Q1 Acquisition,Website,Omar Mansour,2023-12-04,2024-01-31,58.0,66.0,6,9,1,8.1,5.1,174.36,True
CUST13475,Madaba,Enterprise,Construction,Email Campaign,Qualified,False,Active,CRM Basic,Q1 Acquisition,Social Media,Yara Odeh,2024-08-08,2025-02-04,180.0,65.0,3,11,4,16.8,7.2,0.0,False
CUST13476,Amman,Consumer,Hospitality,Referral,Contacted,False,Prospect,CRM Professional,Year-End Campaign,Social Media,Samer Khalil,2023-02-04,2024-01-11,341.0,64.0,8,10,4,20.0,6.9,0.0,False
CUST13477,Salt,Consumer,Technology,Email Campaign,Negotiation,False,Inactive,Analytics Add-on,Q1 Acquisition,Phone,Yara Odeh,2024-03-23,2025-03-07,349.0,68.0,5,4,5,18.3,5.8,76.27,True
CUST13478,Salt,Corporate,Technology,Cold Call,Won,True,Active,Marketing Add-on,No Campaign,Phone,Ahmad Saleh,2024-01-02,2024-01-22,20.0,95.0,7,8,3,6.7,8.5,1560.91,True
CUST13479,Amman,Corporate,Hospitality,Trade Show,Contacted,False,Active,CRM Basic,Summer Campaign,Social Media,Omar Mansour,2023-06-09,2024-02-19,255.0,26.0,11,11,4,4.0,7.3,0.0,False
CUST13480,Amman,Consumer,Technology,Cold Call,Contacted,False,Prospect,CRM Basic,Back-to-School,Phone,Yara Odeh,2023-09-24,2024-08-06,317.0,74.0,6,11,4,9.6,8.0,0.0,False
CUST13481,Madaba,Corporate,Finance,LinkedIn,Negotiation,False,Active,CRM Basic,No Campaign,Phone,Omar Mansour,2023-06-18,2023-07-26,38.0,80.0,4,10,3,16.5,5.7,354.94,True
CUST13482,Unknown,Corporate,Healthcare,Referral,Lost,False,Active,CRM Professional,Summer Campaign,WhatsApp,Omar Mansour,2024-04-27,2024-09-22,148.0,5.0,4,9,3,21.9,9.3,0.0,False
CUST13483,Amman,Consumer,Technology,Email Campaign,Negotiation,False,Active,Analytics Add-on,Back-to-School,Website,Lina Haddad,2023-04-17,,,75.0,6,10,2,9.9,7.4,102.54,True
CUST13484,Jerash,Small Business,Finance,Trade Show,Contacted,False,Active,CRM Enterprise,Unknown,WhatsApp,Dana Nasser,2025-11-08,2025-12-31,53.0,96.0,6,7,5,11.5,7.5,0.0,False
CUST13485,Amman,Corporate,Healthcare,Referral,Qualified,False,Active,Analytics Add-on,Summer Campaign,Meeting,Yara Odeh,2023-12-01,2023-12-27,26.0,100.0,11,13,4,5.2,5.9,0.0,False
CUST13486,Aqaba,Consumer,Technology,Referral,Qualified,False,Prospect,CRM Enterprise,Back-to-School,Phone,Yara Odeh,2023-10-08,,,60.0,2,10,1,14.9,8.6,0.0,False
CUST13487,Jerash,Consumer,Retail,Cold Call,Won,True,Inactive,CRM Basic,Unknown,WhatsApp,Dana Nasser,2024-04-05,2025-02-22,323.0,92.0,6,9,2,10.0,6.0,84.13,True
CUST13488,Salt,Corporate,Hospitality,Facebook,Won,True,Active,CRM Basic,No Campaign,WhatsApp,Ahmad Saleh,2025-06-17,2025-12-31,197.0,58.0,7,3,3,9.4,6.8,778.37,True
CUST13489,Zarqa,Consumer,Education,Instagram,Proposal,False,Inactive,CRM Basic,Back-to-School,Email,Ahmad Saleh,2024-10-06,2024-10-07,1.0,41.0,8,7,3,13.7,6.3,17.29,True
CUST13490,Irbid,Consumer,Technology,Facebook,Contacted,False,Active,Analytics Add-on,Back-to-School,WhatsApp,Yara Odeh,2023-04-14,2024-02-15,307.0,46.0,7,6,4,21.7,8.4,0.0,False
CUST13491,Jerash,Enterprise,Education,Facebook,Lost,False,Active,Analytics Add-on,Referral Program,WhatsApp,Yara Odeh,2023-06-09,2024-02-25,261.0,35.0,5,8,3,2.9,3.6,0.0,False
CUST13492,Madaba,Small Business,Technology,Instagram,Proposal,False,Active,Analytics Add-on,Unknown,Website,Dana Nasser,2023-11-22,2023-12-05,13.0,70.0,3,11,8,30.7,7.0,79.6,True
CUST13493,Jerash,Corporate,Retail,Email Campaign,Lost,False,Prospect,CRM Basic,No Campaign,Social Media,Omar Mansour,2023-02-12,2023-04-01,48.0,58.0,4,5,4,29.2,8.7,0.0,False
CUST13494,Karak,Corporate,Hospitality,Referral,Proposal,False,Active,Analytics Add-on,Referral Program,Email,Ahmad Saleh,2024-07-31,2025-06-09,313.0,79.0,10,9,3,16.5,,313.96,True
CUST13495,Karak,Consumer,Construction,Referral,Won,True,Active,CRM Basic,No Campaign,Email,Yara Odeh,2024-10-03,2025-07-21,291.0,100.0,4,9,9,17.7,5.4,159.82,True
CUST13496,Irbid,Consumer,Hospitality,Facebook,Won,True,Active,CRM Basic,No Campaign,Email,Lina Haddad,2024-08-31,2025-07-29,332.0,90.0,9,11,5,18.3,8.3,123.98,True
CUST13497,Karak,Consumer,Education,Facebook,Contacted,False,Inactive,CRM Professional,No Campaign,Meeting,Lina Haddad,2024-12-29,2025-04-02,94.0,73.0,7,3,7,11.9,7.4,0.0,False
CUST13498,Amman,Consumer,Finance,Website,Lost,False,Inactive,CRM Professional,Summer Campaign,Email,Dana Nasser,2023-08-18,2024-05-05,261.0,66.0,7,7,6,12.6,6.6,0.0,False
CUST13499,Karak,Small Business,Retail,Instagram,New Lead,False,Active,Analytics Add-on,Summer Campaign,Website,Ahmad Saleh,2025-09-11,2025-12-31,111.0,36.0,3,14,5,15.5,7.3,0.0,False
CUST13500,Zarqa,Small Business,Education,Cold Call,Won,True,Active,CRM Enterprise,Referral Program,Social Media,Ahmad Saleh,2025-11-19,2025-12-31,42.0,39.0,5,12,5,12.0,9.0,2530.81,True
CUST13501,Amman,Small Business,Education,Referral,Lost,False,Inactive,CRM Basic,Unknown,Meeting,Yara Odeh,2023-01-17,2023-08-10,205.0,21.0,6,10,4,16.1,7.7,0.0,False
CUST13502,Madaba,Consumer,Manufacturing,Cold Call,Contacted,False,Inactive,CRM Basic,Summer Campaign,Website,Yara Odeh,2023-08-14,2024-02-15,185.0,62.0,3,5,4,5.0,8.1,0.0,False
CUST13503,Madaba,Consumer,Manufacturing,Trade Show,Proposal,False,Active,CRM Professional,No Campaign,Email,Omar Mansour,2025-02-20,2025-08-14,175.0,70.0,4,8,2,33.1,7.7,30.76,True
CUST13504,Zarqa,Small Business,Retail,Unknown,Proposal,False,Prospect,CRM Basic,Back-to-School,Social Media,Ahmad Saleh,2023-01-11,2023-11-16,309.0,100.0,3,9,2,22.3,9.8,56.98,True
CUST13505,Amman,Consumer,Retail,Unknown,Won,True,Prospect,CRM Professional,Spring Campaign,Website,Dana Nasser,2024-08-09,2024-10-17,69.0,48.0,8,7,6,10.7,7.2,236.11,True
CUST13506,Aqaba,Consumer,Retail,Website,Won,True,Active,CRM Enterprise,Back-to-School,Social Media,Ahmad Saleh,2023-07-05,2023-10-17,104.0,98.0,4,6,5,2.2,,974.46,True
CUST13507,Jerash,Small Business,Healthcare,Website,Proposal,False,Active,CRM Basic,Spring Campaign,Meeting,Yara Odeh,2024-07-27,,,67.0,4,3,3,17.6,5.5,61.66,True
CUST13508,Irbid,Consumer,Finance,Trade Show,Won,True,Active,Analytics Add-on,Referral Program,Website,Ahmad Saleh,2024-08-19,2025-01-27,161.0,64.0,5,9,3,8.7,6.9,277.37,True
CUST13509,Jerash,Consumer,Technology,Email Campaign,Contacted,False,Inactive,CRM Professional,No Campaign,Social Media,Lina Haddad,2024-07-14,2025-01-30,200.0,85.0,5,9,6,19.7,,0.0,False
CUST13510,Salt,Corporate,Construction,Email Campaign,Contacted,False,Active,CRM Professional,Referral Program,Website,Dana Nasser,2024-09-12,2025-04-16,216.0,28.0,5,9,6,30.2,6.8,0.0,False
CUST13511,Aqaba,Consumer,Manufacturing,LinkedIn,Qualified,False,Active,CRM Professional,Q1 Acquisition,Email,Samer Khalil,2025-07-09,2025-12-31,175.0,67.0,4,8,3,9.2,7.0,0.0,False
CUST13512,Karak,Small Business,Hospitality,Facebook,Negotiation,False,Inactive,CRM Enterprise,Summer Campaign,Email,Dana Nasser,2025-01-04,2025-01-20,16.0,98.0,3,10,6,7.3,8.1,1172.51,True
CUST13513,Karak,Consumer,Hospitality,Instagram,Contacted,False,Prospect,CRM Professional,Spring Campaign,Email,Dana Nasser,2023-12-13,2024-11-09,332.0,33.0,3,10,5,7.2,8.2,0.0,False
CUST13514,Madaba,Consumer,Education,Instagram,Negotiation,False,Active,CRM Basic,Q1 Acquisition,Meeting,Yara Odeh,2025-12-21,2025-12-31,10.0,36.0,2,4,2,13.6,7.5,61.85,True
CUST13515,Aqaba,Consumer,Manufacturing,Google Ads,Qualified,False,Active,Marketing Add-on,Referral Program,Website,Samer Khalil,2025-08-24,2025-10-02,39.0,72.0,4,9,6,32.8,7.7,0.0,False
CUST13516,Amman,Enterprise,Technology,Email Campaign,Won,True,Active,CRM Basic,Back-to-School,Social Media,Yara Odeh,2024-08-18,2024-11-15,89.0,100.0,5,12,2,13.0,6.8,1627.36,True
CUST13517,Madaba,Small Business,Retail,Cold Call,New Lead,False,Inactive,Marketing Add-on,Spring Campaign,Social Media,Samer Khalil,2025-07-07,2025-12-31,177.0,30.0,1,8,4,17.7,6.5,0.0,False
CUST13518,Jerash,Enterprise,Hospitality,Trade Show,Negotiation,False,Inactive,CRM Basic,Summer Campaign,Phone,Lina Haddad,2023-03-08,2023-11-17,254.0,41.0,8,5,6,15.5,10.0,1174.89,True
CUST13519,Karak,Small Business,Manufacturing,Website,Proposal,False,Active,Analytics Add-on,Q1 Acquisition,WhatsApp,Omar Mansour,2023-10-24,2024-05-27,216.0,72.0,4,12,3,2.6,8.1,101.57,True
CUST13520,Aqaba,Small Business,Finance,Facebook,Lost,False,Active,CRM Professional,No Campaign,Email,Dana Nasser,2025-01-16,2025-11-15,303.0,39.0,5,7,5,18.0,6.9,0.0,False
CUST13521,Irbid,Consumer,Finance,Trade Show,Negotiation,False,Inactive,CRM Professional,Q1 Acquisition,Email,Dana Nasser,2024-02-20,2024-08-10,172.0,36.0,6,3,7,4.7,9.7,132.95,True
CUST13522,Aqaba,Consumer,Construction,Referral,Won,True,Active,CRM Basic,Summer Campaign,Email,Dana Nasser,2024-12-23,2025-05-09,137.0,92.0,5,3,4,4.9,9.6,107.05,True
CUST13523,Aqaba,Consumer,Healthcare,LinkedIn,Won,True,Active,CRM Basic,Q1 Acquisition,Phone,Dana Nasser,2024-07-02,,,66.0,3,6,5,6.8,6.6,122.52,True
CUST13524,Zarqa,Consumer,Manufacturing,Website,Negotiation,False,Active,Analytics Add-on,Back-to-School,Phone,Lina Haddad,2025-07-10,2025-09-25,77.0,85.0,5,10,6,6.4,6.2,57.19,True
CUST13525,Madaba,Consumer,Retail,Trade Show,Contacted,False,Prospect,Marketing Add-on,Summer Campaign,Phone,Dana Nasser,2024-01-20,2024-07-26,188.0,96.0,2,13,5,6.6,7.3,0.0,False
CUST13526,Jerash,Consumer,Education,Trade Show,Won,True,Active,CRM Professional,Referral Program,Email,Samer Khalil,2024-10-06,2024-10-21,15.0,79.0,6,13,5,2.6,9.4,327.82,True
CUST13527,Aqaba,Consumer,Construction,LinkedIn,Negotiation,False,Active,CRM Professional,Referral Program,Social Media,Samer Khalil,2025-02-10,2025-11-29,292.0,75.0,7,12,7,22.0,8.4,182.55,True
CUST13528,Irbid,Consumer,Construction,Trade Show,Qualified,False,Active,CRM Basic,Q1 Acquisition,Email,Ahmad Saleh,2024-05-22,2025-04-06,319.0,62.0,11,8,2,16.8,7.4,0.0,False
CUST13529,Jerash,Consumer,Healthcare,Website,Negotiation,False,Prospect,CRM Enterprise,Q1 Acquisition,Phone,Lina Haddad,2023-06-07,2024-04-27,325.0,71.0,5,8,7,22.4,7.4,457.03,True
CUST13530,Zarqa,Small Business,Retail,Referral,Won,True,Active,CRM Basic,No Campaign,Phone,Ahmad Saleh,2023-03-24,2023-10-24,214.0,57.0,6,8,2,22.9,,291.59,True
CUST13531,Madaba,Corporate,Construction,Website,Lost,False,Active,CRM Basic,Referral Program,WhatsApp,Dana Nasser,2025-01-25,2025-08-21,208.0,51.0,1,4,5,4.9,7.5,0.0,False
CUST13532,Salt,Consumer,Healthcare,LinkedIn,Lost,False,Prospect,CRM Enterprise,Summer Campaign,Website,Lina Haddad,2023-06-10,2023-11-26,169.0,34.0,3,6,2,25.1,6.8,0.0,False
CUST13533,Jerash,Consumer,Manufacturing,Referral,Contacted,False,Prospect,CRM Professional,Spring Campaign,WhatsApp,Lina Haddad,2025-05-04,2025-12-31,241.0,41.0,7,7,5,9.8,7.1,0.0,False
CUST13534,Amman,Consumer,Technology,Instagram,Qualified,False,Prospect,CRM Basic,Spring Campaign,WhatsApp,Omar Mansour,2025-06-18,2025-12-31,196.0,45.0,3,4,6,3.3,6.9,0.0,False
CUST13535,Amman,Corporate,Construction,Facebook,New Lead,False,Active,CRM Basic,Year-End Campaign,Email,Omar Mansour,2025-12-11,2025-12-31,20.0,49.0,6,10,4,5.7,10.0,0.0,False
CUST13536,Jerash,Consumer,Hospitality,Email Campaign,Contacted,False,Prospect,CRM Enterprise,No Campaign,Website,Ahmad Saleh,2024-02-25,2024-07-20,146.0,34.0,3,9,6,13.2,9.8,0.0,False
CUST13537,Karak,Small Business,Manufacturing,Instagram,Won,True,Active,CRM Basic,Year-End Campaign,Website,Ahmad Saleh,2023-10-28,2024-07-17,263.0,88.0,5,8,3,10.1,8.4,335.96,True
CUST13538,Aqaba,Consumer,Retail,Website,Qualified,False,Active,Analytics Add-on,Q1 Acquisition,Email,Samer Khalil,2024-06-21,2024-06-25,4.0,70.0,8,10,2,12.3,8.4,0.0,False
CUST13539,Jerash,Consumer,Education,Referral,Proposal,False,Active,CRM Professional,Year-End Campaign,Social Media,Samer Khalil,2024-06-02,2024-08-31,90.0,68.0,7,11,2,10.9,8.2,62.02,True
CUST13540,Irbid,Consumer,Education,Facebook,Negotiation,False,Active,CRM Basic,No Campaign,Meeting,Yara Odeh,2023-05-19,2023-07-18,60.0,45.0,3,7,2,11.7,8.6,61.97,True
CUST13541,Jerash,Consumer,Retail,Facebook,Won,True,Active,CRM Enterprise,Summer Campaign,Email,Yara Odeh,2023-03-21,2024-01-26,311.0,68.0,4,13,4,12.5,7.2,1444.69,True
CUST13542,Aqaba,Corporate,Healthcare,LinkedIn,Contacted,False,Active,CRM Professional,No Campaign,Social Media,Yara Odeh,2023-04-10,2023-04-26,16.0,48.0,6,4,2,10.2,,0.0,False
CUST13543,Irbid,Small Business,Finance,LinkedIn,Contacted,False,Prospect,CRM Professional,Year-End Campaign,Social Media,Samer Khalil,2025-09-27,2025-12-31,95.0,24.0,8,10,4,6.1,7.8,0.0,False
CUST13544,Jerash,Small Business,Retail,LinkedIn,Qualified,False,Active,CRM Professional,Spring Campaign,Website,Lina Haddad,2025-01-29,2025-02-27,29.0,66.0,5,6,4,11.6,8.7,0.0,False
CUST13545,Irbid,Small Business,Hospitality,Cold Call,Qualified,False,Active,CRM Basic,Q1 Acquisition,Email,Dana Nasser,2025-08-08,2025-12-31,145.0,89.0,2,15,4,7.7,7.8,0.0,False
CUST13546,Aqaba,Small Business,Construction,Website,Lost,False,Active,CRM Enterprise,Spring Campaign,Email,Ahmad Saleh,2024-09-18,2025-05-21,245.0,55.0,3,9,11,4.3,6.9,0.0,False
CUST13547,Irbid,Small Business,Manufacturing,Google Ads,Won,True,Prospect,CRM Professional,Referral Program,Website,Samer Khalil,2024-02-07,2024-11-03,270.0,55.0,3,9,8,17.9,4.7,883.03,True
CUST13548,Salt,Consumer,Education,Trade Show,Qualified,False,Active,CRM Enterprise,Year-End Campaign,WhatsApp,Lina Haddad,2023-01-12,2023-04-01,79.0,100.0,4,9,4,18.7,8.7,0.0,False
CUST13549,Amman,Consumer,Technology,Email Campaign,Won,True,Active,CRM Enterprise,Back-to-School,Email,Omar Mansour,2023-07-16,2024-04-30,289.0,,7,8,2,13.4,6.3,2430.32,True
CUST13550,Madaba,Consumer,Education,LinkedIn,Qualified,False,Active,CRM Enterprise,Spring Campaign,Meeting,Dana Nasser,2023-09-08,2024-02-08,153.0,65.0,3,7,5,2.5,6.0,0.0,False
CUST13551,Zarqa,Small Business,Finance,Email Campaign,Won,True,Prospect,Analytics Add-on,No Campaign,Meeting,Omar Mansour,2024-04-14,2025-01-16,277.0,66.0,5,12,4,12.1,8.1,433.64,True
CUST13552,Salt,Consumer,Construction,Unknown,Contacted,False,Active,CRM Enterprise,Spring Campaign,Phone,Yara Odeh,2024-01-11,2024-10-16,279.0,54.0,4,9,3,1.0,5.9,0.0,False
CUST13553,Irbid,Small Business,Education,Email Campaign,Won,True,Active,CRM Professional,Spring Campaign,Phone,Omar Mansour,2025-06-21,2025-08-17,57.0,100.0,8,7,4,7.7,4.9,531.48,True
CUST13554,Salt,Consumer,Finance,Website,Qualified,False,Active,CRM Professional,Unknown,Email,Dana Nasser,2025-08-25,2025-12-31,128.0,39.0,9,4,2,8.9,9.6,0.0,False
CUST13555,Amman,Enterprise,Construction,Referral,New Lead,False,Prospect,CRM Basic,Spring Campaign,Social Media,Lina Haddad,2025-01-13,2025-04-16,93.0,31.0,9,5,1,13.1,6.9,0.0,False
CUST13556,Salt,Consumer,Hospitality,Google Ads,Contacted,False,Active,Analytics Add-on,No Campaign,Meeting,Omar Mansour,2023-12-29,2024-09-30,276.0,53.0,5,9,5,6.2,8.3,0.0,False
CUST13557,Karak,Consumer,Construction,Google Ads,Qualified,False,Inactive,Analytics Add-on,Spring Campaign,Meeting,Lina Haddad,2025-11-05,2025-12-31,56.0,25.0,8,13,2,19.2,,0.0,False
CUST13558,Irbid,Enterprise,Retail,Unknown,Negotiation,False,Active,CRM Basic,Spring Campaign,Website,Omar Mansour,2024-12-11,2025-09-12,275.0,89.0,7,5,5,12.4,9.2,354.79,True
CUST13559,Salt,Consumer,Education,LinkedIn,New Lead,False,Prospect,Analytics Add-on,Year-End Campaign,Meeting,Samer Khalil,2025-09-18,2025-12-31,104.0,26.0,5,8,3,9.1,7.9,0.0,False
CUST13560,Madaba,Enterprise,Healthcare,Email Campaign,Proposal,False,Active,CRM Enterprise,Year-End Campaign,Social Media,Yara Odeh,2024-08-26,2025-08-20,359.0,68.0,4,8,5,10.4,10.0,2391.72,True
CUST13561,Irbid,Consumer,Manufacturing,Cold Call,Negotiation,False,Inactive,CRM Professional,Spring Campaign,Phone,Dana Nasser,2024-03-16,2024-06-01,77.0,51.0,6,8,2,12.5,4.9,115.82,True
CUST13562,Amman,Consumer,Healthcare,Referral,Proposal,False,Active,CRM Basic,Q1 Acquisition,Phone,Ahmad Saleh,2025-12-19,2025-12-31,12.0,44.0,6,13,1,2.3,10.0,16.36,True
CUST13563,Jerash,Small Business,Manufacturing,Google Ads,Won,True,Active,CRM Professional,Q1 Acquisition,Website,Dana Nasser,2024-10-15,2025-06-10,238.0,80.0,4,5,4,2.5,7.4,1542.56,True
CUST13564,Zarqa,Corporate,Education,Instagram,Contacted,False,Active,CRM Enterprise,No Campaign,Phone,Omar Mansour,2025-10-19,2025-12-31,73.0,81.0,4,10,4,1.9,5.6,0.0,False
CUST13565,Aqaba,Consumer,Hospitality,Google Ads,Proposal,False,Active,CRM Basic,Year-End Campaign,WhatsApp,Omar Mansour,2025-03-04,2025-10-21,231.0,48.0,5,7,1,20.6,8.5,8.56,True
CUST13566,Amman,Enterprise,Education,Referral,Lost,False,Prospect,CRM Professional,No Campaign,Phone,Yara Odeh,2024-10-26,2024-11-13,18.0,63.0,5,11,7,8.9,7.5,0.0,False
CUST13567,Irbid,Small Business,Manufacturing,Website,Proposal,False,Active,Marketing Add-on,Spring Campaign,Meeting,Samer Khalil,2023-04-26,2023-07-08,73.0,93.0,10,14,1,7.3,6.7,60.93,True
CUST13568,Jerash,Corporate,Hospitality,Email Campaign,Proposal,False,Prospect,CRM Enterprise,Back-to-School,Social Media,Samer Khalil,2024-12-12,2025-06-19,189.0,87.0,3,5,5,4.5,4.8,1235.72,True
CUST13569,Zarqa,Consumer,Technology,Facebook,Negotiation,False,Active,CRM Professional,Referral Program,Social Media,Dana Nasser,2024-10-03,2024-10-20,17.0,70.0,3,8,4,6.5,5.6,113.08,True
CUST13570,Zarqa,Consumer,Hospitality,Cold Call,Contacted,False,Prospect,CRM Professional,Spring Campaign,WhatsApp,Ahmad Saleh,2025-08-08,2025-08-27,19.0,55.0,3,7,3,12.8,9.1,0.0,False
CUST13571,Jerash,Enterprise,Education,Trade Show,Negotiation,False,Active,CRM Basic,Year-End Campaign,Social Media,Yara Odeh,2025-12-11,2025-12-31,20.0,,3,9,7,7.0,6.1,908.44,True
CUST13572,Aqaba,Enterprise,Technology,Instagram,Won,True,Active,Marketing Add-on,Back-to-School,Social Media,Dana Nasser,2024-01-29,2024-12-20,326.0,99.0,8,4,4,11.8,7.1,3429.31,True
CUST13573,Aqaba,Small Business,Technology,LinkedIn,New Lead,False,Active,Marketing Add-on,Back-to-School,Social Media,Ahmad Saleh,2025-12-16,2025-12-31,15.0,40.0,4,7,5,15.4,7.3,0.0,False
CUST13574,Salt,Consumer,Manufacturing,LinkedIn,Won,True,Inactive,CRM Enterprise,Year-End Campaign,Email,Lina Haddad,2023-11-21,2024-03-01,101.0,57.0,3,6,3,5.2,5.7,704.86,True
CUST13575,Madaba,Consumer,Technology,LinkedIn,Contacted,False,Inactive,CRM Basic,Back-to-School,WhatsApp,Omar Mansour,2025-06-06,2025-07-10,34.0,87.0,7,7,7,6.6,7.9,0.0,False
CUST13576,Irbid,Small Business,Unknown,Instagram,Qualified,False,Active,CRM Basic,No Campaign,WhatsApp,Lina Haddad,2023-10-09,2024-01-01,84.0,62.0,3,11,5,19.8,7.6,0.0,False
CUST13577,Amman,Consumer,Retail,Referral,Won,True,Active,CRM Basic,No Campaign,Phone,Dana Nasser,2023-06-20,2024-01-02,196.0,69.0,9,5,1,1.6,7.5,176.99,True
CUST13578,Aqaba,Consumer,Hospitality,Trade Show,Won,True,Active,CRM Professional,Year-End Campaign,Meeting,Ahmad Saleh,2025-07-29,2025-12-31,155.0,91.0,6,13,2,14.5,8.2,251.09,True
CUST13579,Salt,Consumer,Construction,Google Ads,Won,True,Active,CRM Basic,Summer Campaign,WhatsApp,Ahmad Saleh,2024-04-13,2024-11-01,202.0,38.0,6,11,4,13.4,9.3,118.16,True
CUST13580,Amman,Corporate,Healthcare,Facebook,Lost,False,Active,CRM Enterprise,Referral Program,Website,Lina Haddad,2023-04-24,2024-04-02,344.0,59.0,2,5,4,9.0,5.4,0.0,False
CUST13581,Irbid,Consumer,Technology,Trade Show,Qualified,False,Active,CRM Professional,Spring Campaign,WhatsApp,Samer Khalil,2025-03-12,2025-12-31,294.0,72.0,7,5,6,14.9,9.1,0.0,False
CUST13582,Karak,Small Business,Construction,Facebook,Proposal,False,Active,CRM Basic,Q1 Acquisition,Website,Samer Khalil,2024-04-13,2024-04-24,11.0,74.0,8,8,6,13.2,7.4,50.86,True
CUST13583,Karak,Small Business,Healthcare,Cold Call,Qualified,False,Inactive,CRM Enterprise,Back-to-School,Social Media,Yara Odeh,2023-04-18,2024-03-30,347.0,79.0,4,10,2,7.5,6.7,0.0,False
CUST13584,Irbid,Small Business,Construction,Referral,Qualified,False,Inactive,CRM Basic,Year-End Campaign,Meeting,Lina Haddad,2024-09-15,2025-04-21,218.0,66.0,2,8,6,5.3,6.8,0.0,False
CUST13585,Jerash,Consumer,Technology,Cold Call,Qualified,False,Active,Analytics Add-on,No Campaign,Website,Samer Khalil,2025-09-13,2025-12-31,109.0,72.0,7,9,6,2.5,9.0,0.0,False
CUST13586,Salt,Consumer,Healthcare,Referral,Negotiation,False,Inactive,CRM Professional,No Campaign,Meeting,Ahmad Saleh,2024-06-13,2025-01-21,222.0,87.0,2,14,5,6.9,9.1,140.16,True
CUST13587,Karak,Small Business,Education,Email Campaign,Qualified,False,Active,CRM Professional,No Campaign,Meeting,Dana Nasser,2025-07-27,2025-10-15,80.0,81.0,6,4,3,12.1,6.1,0.0,False
CUST13588,Irbid,Corporate,Education,Google Ads,Won,True,Inactive,CRM Basic,No Campaign,Email,Samer Khalil,2023-08-07,2023-08-14,7.0,73.0,5,6,4,3.9,8.9,675.15,True
CUST13589,Aqaba,Small Business,Healthcare,Website,Negotiation,False,Active,Marketing Add-on,Back-to-School,Meeting,Yara Odeh,2025-01-23,2025-10-22,272.0,82.0,6,9,2,,5.8,195.5,True
CUST13590,Salt,Enterprise,Hospitality,Website,New Lead,False,Inactive,CRM Enterprise,Unknown,Social Media,Ahmad Saleh,2023-03-06,2023-10-19,227.0,31.0,3,11,2,10.1,,0.0,False
CUST13591,Irbid,Corporate,Technology,Referral,Proposal,False,Active,CRM Professional,Back-to-School,Website,Yara Odeh,2023-02-12,2023-02-28,16.0,73.0,5,6,3,28.9,4.8,423.58,True
CUST13592,Salt,Corporate,Retail,Website,Qualified,False,Active,CRM Basic,Year-End Campaign,Meeting,Dana Nasser,2023-06-24,2023-07-06,12.0,60.0,6,6,4,22.9,7.2,0.0,False
CUST13593,Aqaba,Consumer,Construction,Instagram,Qualified,False,Inactive,CRM Enterprise,Back-to-School,Social Media,Ahmad Saleh,2023-09-10,2024-06-27,291.0,42.0,6,2,4,5.0,5.5,0.0,False
CUST13594,Jerash,Consumer,Hospitality,Unknown,Won,True,Active,CRM Professional,Year-End Campaign,Email,Omar Mansour,2025-06-07,2025-12-31,207.0,91.0,3,9,7,8.5,10.0,242.49,True
CUST13595,Amman,Small Business,Unknown,Cold Call,Proposal,False,Active,Marketing Add-on,No Campaign,Social Media,Dana Nasser,2025-05-07,2025-05-28,21.0,31.0,3,7,7,9.8,9.2,71.99,True
CUST13596,Salt,Consumer,Hospitality,Email Campaign,Won,True,Active,Marketing Add-on,Spring Campaign,Social Media,Omar Mansour,2023-12-19,2024-06-14,178.0,58.0,5,6,2,8.5,8.2,142.56,True
CUST13597,Zarqa,Small Business,Construction,Google Ads,Negotiation,False,Prospect,CRM Enterprise,Q1 Acquisition,WhatsApp,Samer Khalil,2024-12-23,2025-08-08,228.0,87.0,2,7,0,15.8,8.8,1270.66,True
CUST13598,Amman,Consumer,Finance,Google Ads,Proposal,False,Active,Marketing Add-on,Back-to-School,Phone,Yara Odeh,2024-05-21,2025-02-18,273.0,54.0,10,7,4,2.0,10.0,39.98,True
CUST13599,Madaba,Small Business,Retail,Email Campaign,Negotiation,False,Active,CRM Basic,No Campaign,Website,Samer Khalil,2024-05-24,2025-03-08,288.0,84.0,4,8,2,10.7,9.0,145.81,True
CUST13600,Jerash,Consumer,Unknown,LinkedIn,New Lead,False,Active,CRM Basic,Q1 Acquisition,Phone,Ahmad Saleh,2024-05-02,2025-02-23,297.0,86.0,2,7,7,3.0,6.8,0.0,False
CUST13601,Aqaba,Consumer,Finance,LinkedIn,New Lead,False,Inactive,CRM Basic,No Campaign,Email,Lina Haddad,2023-10-30,2024-03-12,134.0,1.0,5,9,2,4.0,4.9,0.0,False
CUST13602,Karak,Enterprise,Construction,LinkedIn,New Lead,False,Active,CRM Basic,No Campaign,Email,Ahmad Saleh,2025-05-25,2025-12-31,220.0,46.0,4,9,5,8.6,8.5,0.0,False
CUST13603,Irbid,Consumer,Construction,Email Campaign,Qualified,False,Prospect,Marketing Add-on,Summer Campaign,Social Media,Yara Odeh,2023-12-24,2024-05-25,153.0,97.0,2,6,2,11.5,9.3,0.0,False
CUST13604,Salt,Consumer,Healthcare,Website,Contacted,False,Active,CRM Basic,No Campaign,Phone,Yara Odeh,2025-06-29,2025-09-03,66.0,55.0,8,10,7,7.3,8.4,0.0,False
CUST13605,Aqaba,Consumer,Technology,Facebook,Lost,False,Active,Analytics Add-on,Q1 Acquisition,Website,Yara Odeh,2024-12-14,2025-04-30,137.0,45.0,3,6,2,3.4,9.0,0.0,False
CUST13606,Amman,Corporate,Hospitality,Email Campaign,Proposal,False,Active,Analytics Add-on,Back-to-School,Website,Omar Mansour,2025-08-11,2025-11-11,92.0,59.0,1,5,4,18.9,6.9,223.94,True
CUST13607,Irbid,Small Business,Hospitality,Website,Negotiation,False,Active,CRM Professional,Summer Campaign,Social Media,Yara Odeh,2023-02-01,2023-12-15,317.0,57.0,6,2,5,12.6,7.5,499.94,True
CUST13608,Madaba,Small Business,Finance,Trade Show,Contacted,False,Inactive,CRM Basic,No Campaign,Website,Dana Nasser,2024-10-21,2025-07-07,259.0,9.0,3,3,4,4.1,6.3,0.0,False
CUST13609,Zarqa,Consumer,Hospitality,Email Campaign,Contacted,False,Active,CRM Basic,Back-to-School,WhatsApp,Lina Haddad,2025-08-31,2025-12-12,103.0,40.0,10,10,6,3.9,6.8,0.0,False
CUST13610,Zarqa,Small Business,Healthcare,Cold Call,Contacted,False,Prospect,CRM Basic,Summer Campaign,Phone,Ahmad Saleh,2024-04-17,2024-06-11,55.0,51.0,3,9,3,7.5,8.9,0.0,False
CUST13611,Jerash,Consumer,Retail,Website,Negotiation,False,Active,CRM Professional,Year-End Campaign,Email,Omar Mansour,2025-08-01,2025-12-31,152.0,76.0,3,6,3,8.6,8.7,39.86,True
CUST13612,Aqaba,Corporate,Technology,Google Ads,Qualified,False,Active,CRM Professional,Summer Campaign,Website,Omar Mansour,2025-09-30,2025-12-31,92.0,,4,8,1,10.2,5.0,0.0,False
CUST13613,Zarqa,Corporate,Finance,Referral,Qualified,False,Active,CRM Enterprise,Back-to-School,Website,Samer Khalil,2024-06-01,2024-12-16,198.0,77.0,5,5,1,12.7,5.1,0.0,False
CUST13614,Madaba,Corporate,Hospitality,Referral,Proposal,False,Prospect,Analytics Add-on,No Campaign,Website,Ahmad Saleh,2024-06-11,2025-04-08,301.0,71.0,6,9,4,3.2,7.7,248.27,True
CUST13615,Karak,Corporate,Healthcare,Email Campaign,Won,True,Inactive,CRM Professional,Spring Campaign,Social Media,Ahmad Saleh,2024-11-28,2025-07-12,226.0,87.0,8,11,2,13.0,8.0,1481.42,True
CUST13616,Aqaba,Small Business,Technology,Cold Call,New Lead,False,Active,CRM Basic,Back-to-School,Email,Yara Odeh,2024-11-08,2025-07-03,237.0,39.0,5,7,4,11.1,5.4,0.0,False
CUST13617,Irbid,Corporate,Technology,Cold Call,Won,True,Prospect,Analytics Add-on,Q1 Acquisition,Phone,Yara Odeh,2025-09-03,2025-09-29,26.0,65.0,6,2,5,37.5,7.8,2503.57,True
CUST13618,Karak,Consumer,Education,Referral,Proposal,False,Active,CRM Professional,No Campaign,Website,Omar Mansour,2024-07-13,2024-11-11,121.0,86.0,5,10,3,5.4,5.4,36.1,True
CUST13619,Irbid,Small Business,Technology,Website,Negotiation,False,Inactive,CRM Professional,Q1 Acquisition,WhatsApp,Ahmad Saleh,2025-03-14,,,70.0,6,8,5,6.4,8.6,396.79,True
CUST13620,Irbid,Consumer,Construction,Trade Show,Contacted,False,Prospect,Analytics Add-on,Q1 Acquisition,Meeting,Yara Odeh,2025-12-30,2025-12-31,1.0,55.0,10,8,2,7.2,9.2,0.0,False
CUST13621,Zarqa,Consumer,Healthcare,Email Campaign,Qualified,False,Inactive,Marketing Add-on,No Campaign,Social Media,Samer Khalil,2024-03-23,,,100.0,4,4,8,16.5,8.9,0.0,False
CUST13622,Zarqa,Consumer,Unknown,Trade Show,Contacted,False,Prospect,Marketing Add-on,Unknown,Phone,Lina Haddad,2025-10-28,,,68.0,2,11,2,7.0,6.0,0.0,False
CUST13623,Irbid,Consumer,Manufacturing,LinkedIn,Lost,False,Prospect,CRM Basic,Year-End Campaign,Website,Omar Mansour,2024-01-18,2024-05-19,122.0,41.0,5,6,5,12.9,6.2,0.0,False
CUST13624,Madaba,Consumer,Education,Facebook,Qualified,False,Prospect,CRM Professional,No Campaign,Phone,Samer Khalil,2023-12-28,,,30.0,6,10,8,6.2,9.1,0.0,False
CUST13625,Salt,Corporate,Healthcare,Instagram,Lost,False,Active,CRM Basic,Summer Campaign,Social Media,Samer Khalil,2025-05-31,2025-12-31,214.0,67.0,6,8,5,18.7,8.5,0.0,False
CUST13626,Irbid,Consumer,Healthcare,LinkedIn,Qualified,False,Active,Marketing Add-on,Spring Campaign,Meeting,Dana Nasser,2025-02-08,2025-11-20,285.0,2.0,3,3,7,14.7,5.8,0.0,False
CUST13627,Madaba,Consumer,Healthcare,Google Ads,Contacted,False,Inactive,CRM Basic,Spring Campaign,WhatsApp,Lina Haddad,2023-01-27,2023-05-13,106.0,42.0,2,7,1,10.4,6.4,0.0,False
CUST13628,Madaba,Corporate,Finance,Instagram,Qualified,False,Inactive,CRM Basic,Year-End Campaign,Website,Samer Khalil,2024-05-23,2025-01-02,224.0,22.0,4,12,2,2.1,6.6,0.0,False
CUST13629,Karak,Consumer,Hospitality,Google Ads,New Lead,False,Active,Marketing Add-on,Spring Campaign,WhatsApp,Dana Nasser,2023-05-01,2024-01-29,273.0,30.0,1,10,3,18.0,6.2,0.0,False
CUST13630,Jerash,Corporate,Finance,Email Campaign,Won,True,Active,Marketing Add-on,Year-End Campaign,Social Media,Dana Nasser,2024-04-29,2024-12-17,232.0,70.0,6,11,4,6.2,7.3,2195.54,True
CUST13631,Madaba,Small Business,Construction,LinkedIn,Won,True,Prospect,CRM Enterprise,Summer Campaign,WhatsApp,Ahmad Saleh,2024-11-30,2025-08-13,256.0,83.0,7,6,8,6.2,6.0,1802.71,True
CUST13632,Irbid,Enterprise,Retail,Cold Call,Negotiation,False,Prospect,CRM Basic,Summer Campaign,Social Media,Yara Odeh,2024-05-05,2024-05-29,24.0,69.0,4,4,7,9.1,7.1,1092.27,True
CUST13633,Irbid,Small Business,Unknown,Referral,Proposal,False,Active,CRM Professional,Spring Campaign,Meeting,Samer Khalil,2024-04-22,2024-08-09,109.0,86.0,6,7,4,13.3,4.9,164.9,True
CUST13634,Irbid,Consumer,Healthcare,Referral,Proposal,False,Active,Analytics Add-on,Summer Campaign,WhatsApp,Omar Mansour,2023-01-18,2023-07-28,191.0,80.0,5,14,2,16.3,8.5,33.23,True
CUST13635,Aqaba,Consumer,Hospitality,Unknown,Lost,False,Active,CRM Professional,Spring Campaign,Phone,Ahmad Saleh,2024-11-09,2025-10-22,347.0,62.0,2,12,1,12.1,10.0,0.0,False
CUST13636,Karak,Consumer,Construction,Unknown,Contacted,False,Active,CRM Basic,Summer Campaign,Phone,Lina Haddad,2023-02-21,2023-03-18,25.0,22.0,0,6,2,3.4,9.5,0.0,False
CUST13637,Irbid,Enterprise,Finance,LinkedIn,Won,True,Inactive,CRM Basic,Referral Program,Social Media,Yara Odeh,2023-06-03,2023-12-07,187.0,77.0,5,8,5,21.4,6.5,2862.93,True
CUST13638,Irbid,Consumer,Finance,Referral,Proposal,False,Prospect,Analytics Add-on,Spring Campaign,Phone,Omar Mansour,2024-08-12,2025-05-27,288.0,,9,16,5,0.5,7.2,37.85,True
CUST13639,Zarqa,Consumer,Finance,Website,Lost,False,Active,CRM Professional,No Campaign,Meeting,Omar Mansour,2025-03-28,2025-07-22,116.0,47.0,5,8,4,17.3,8.6,0.0,False
CUST13640,Karak,Consumer,Retail,Cold Call,Won,True,Active,CRM Enterprise,Back-to-School,WhatsApp,Dana Nasser,2024-03-20,2025-02-21,338.0,68.0,6,9,2,,6.6,842.49,True
CUST13641,Madaba,Corporate,Retail,Google Ads,Lost,False,Inactive,CRM Professional,Q1 Acquisition,WhatsApp,Samer Khalil,2024-04-06,2024-05-13,37.0,30.0,6,11,4,9.7,7.4,0.0,False
CUST13642,Aqaba,Consumer,Healthcare,Email Campaign,Proposal,False,Active,CRM Professional,No Campaign,Website,Dana Nasser,2024-08-24,2025-06-02,282.0,100.0,8,7,1,1.4,5.9,65.78,True
CUST13643,Zarqa,Enterprise,Education,Trade Show,Contacted,False,Active,Marketing Add-on,Back-to-School,Social Media,Dana Nasser,2025-03-01,2025-07-16,137.0,59.0,7,13,6,11.6,7.2,0.0,False
CUST13644,Karak,Consumer,Construction,Instagram,Qualified,False,Inactive,CRM Professional,Year-End Campaign,Phone,Samer Khalil,2024-05-13,2024-12-26,227.0,18.0,5,4,6,12.5,7.9,0.0,False
CUST13645,Aqaba,Consumer,Healthcare,Facebook,Negotiation,False,Prospect,CRM Enterprise,Spring Campaign,Meeting,Samer Khalil,2025-12-26,2025-12-31,5.0,48.0,8,7,7,12.3,,382.12,True
CUST13646,Zarqa,Consumer,Unknown,Referral,Won,True,Active,CRM Basic,Summer Campaign,Social Media,Samer Khalil,2024-03-09,2025-01-31,328.0,38.0,7,8,6,17.2,8.3,112.39,True
CUST13647,Irbid,Corporate,Manufacturing,Trade Show,New Lead,False,Inactive,CRM Basic,Referral Program,Phone,Dana Nasser,2025-11-22,2025-12-31,39.0,12.0,5,6,7,32.5,8.4,0.0,False
CUST13648,Irbid,Corporate,Construction,Website,Qualified,False,Active,Analytics Add-on,Q1 Acquisition,Website,Yara Odeh,2023-02-09,2024-02-06,362.0,36.0,2,13,5,23.7,7.7,0.0,False
CUST13649,Amman,Consumer,Hospitality,Website,Contacted,False,Active,Analytics Add-on,Year-End Campaign,WhatsApp,Samer Khalil,2025-09-29,2025-12-24,86.0,74.0,4,8,2,9.5,9.8,0.0,False
CUST13650,Aqaba,Consumer,Finance,Instagram,Won,True,Active,CRM Enterprise,Referral Program,WhatsApp,Samer Khalil,2025-06-07,2025-07-30,53.0,91.0,6,7,3,17.1,8.5,1067.77,True
CUST13651,Salt,Corporate,Technology,Instagram,New Lead,False,Active,CRM Basic,Q1 Acquisition,Meeting,Omar Mansour,2024-06-08,2025-05-22,348.0,23.0,4,10,4,35.0,7.0,0.0,False
CUST13652,Aqaba,Consumer,Manufacturing,Referral,Negotiation,False,Active,CRM Basic,No Campaign,Email,Dana Nasser,2023-04-05,2024-03-25,355.0,57.0,5,8,6,7.9,6.6,27.54,True
CUST13653,Madaba,Consumer,Manufacturing,LinkedIn,Contacted,False,Active,Marketing Add-on,Q1 Acquisition,Social Media,Samer Khalil,2025-11-30,2025-12-31,31.0,38.0,3,11,2,20.5,5.6,0.0,False
CUST13654,Jerash,Consumer,Hospitality,Email Campaign,Qualified,False,Inactive,CRM Professional,Unknown,Phone,Dana Nasser,2023-04-29,2024-01-21,267.0,42.0,2,11,6,3.7,7.5,0.0,False
CUST13655,Aqaba,Consumer,Healthcare,Google Ads,Lost,False,Inactive,Analytics Add-on,No Campaign,Email,Lina Haddad,2023-05-31,2024-03-13,287.0,39.0,5,11,2,7.9,10.0,0.0,False
CUST13656,Amman,Consumer,Finance,Google Ads,Contacted,False,Active,CRM Professional,Q1 Acquisition,Social Media,Ahmad Saleh,2023-12-14,2024-03-23,100.0,33.0,7,10,2,2.8,8.6,0.0,False
CUST13657,Salt,Consumer,Finance,LinkedIn,New Lead,False,Active,Marketing Add-on,No Campaign,Phone,Omar Mansour,2024-03-14,,,35.0,5,6,4,10.0,10.0,0.0,False
CUST13658,Aqaba,Consumer,Education,Website,New Lead,False,Active,Marketing Add-on,Year-End Campaign,Website,Omar Mansour,2024-07-14,2024-07-29,15.0,14.0,8,9,5,9.4,7.7,0.0,False
CUST13659,Jerash,Corporate,Technology,Cold Call,Qualified,False,Active,CRM Basic,Unknown,Social Media,Dana Nasser,2023-08-15,,,59.0,3,7,5,14.4,7.9,0.0,False
CUST13660,Irbid,Consumer,Healthcare,Email Campaign,Proposal,False,Active,Analytics Add-on,Year-End Campaign,Phone,Samer Khalil,2023-05-28,,,71.0,2,6,5,1.7,5.7,47.35,True
CUST13661,Karak,Corporate,Retail,Referral,Contacted,False,Inactive,CRM Basic,Spring Campaign,WhatsApp,Dana Nasser,2025-12-07,2025-12-31,24.0,29.0,5,8,4,15.8,6.7,0.0,False
CUST13662,Irbid,Consumer,Healthcare,LinkedIn,Negotiation,False,Active,CRM Basic,Year-End Campaign,Social Media,Yara Odeh,2023-09-10,2024-01-02,114.0,59.0,7,17,5,10.2,4.7,48.3,True
CUST13663,Unknown,Small Business,Construction,Email Campaign,New Lead,False,Active,CRM Professional,No Campaign,Phone,Ahmad Saleh,2024-03-23,2024-07-08,107.0,36.0,6,9,3,16.5,8.9,0.0,False
CUST13664,Irbid,Consumer,Construction,Google Ads,Won,True,Active,CRM Professional,Q1 Acquisition,Meeting,Omar Mansour,2023-01-07,2024-01-06,364.0,97.0,4,9,2,4.7,7.5,384.18,True
CUST13665,Aqaba,Corporate,Manufacturing,Email Campaign,Won,True,Active,CRM Professional,Summer Campaign,WhatsApp,Omar Mansour,2023-03-18,,,100.0,4,7,5,20.8,5.5,1855.01,True
CUST13666,Salt,Consumer,Healthcare,Instagram,Lost,False,Prospect,CRM Professional,Back-to-School,WhatsApp,Ahmad Saleh,2024-07-07,2024-09-29,84.0,100.0,8,9,2,2.8,7.3,0.0,False
CUST13667,Karak,Corporate,Education,Trade Show,Lost,False,Active,CRM Basic,Spring Campaign,Email,Dana Nasser,2023-03-29,2023-12-25,271.0,51.0,7,11,2,10.0,6.9,0.0,False
CUST13668,Salt,Consumer,Healthcare,Instagram,Qualified,False,Active,CRM Basic,Referral Program,Phone,Omar Mansour,2025-02-14,2025-10-16,244.0,57.0,2,13,3,14.4,8.3,0.0,False
CUST13669,Zarqa,Consumer,Education,LinkedIn,Qualified,False,Inactive,CRM Professional,Year-End Campaign,Email,Samer Khalil,2025-08-26,2025-12-31,127.0,84.0,3,4,3,6.8,10.0,0.0,False
CUST13670,Irbid,Enterprise,Manufacturing,Referral,Negotiation,False,Active,CRM Professional,Q1 Acquisition,Meeting,Dana Nasser,2025-10-27,2025-12-31,65.0,100.0,9,4,3,17.1,6.4,1222.19,True
CUST13671,Jerash,Small Business,Education,Facebook,New Lead,False,Active,CRM Enterprise,Year-End Campaign,Email,Samer Khalil,2023-01-10,2023-06-25,166.0,56.0,6,14,1,3.5,7.2,0.0,False
CUST13672,Karak,Consumer,Hospitality,Facebook,Contacted,False,Prospect,CRM Enterprise,Summer Campaign,Website,Yara Odeh,2025-10-29,2025-12-31,63.0,59.0,6,5,2,2.6,6.2,0.0,False
CUST13673,Karak,Enterprise,Hospitality,Email Campaign,New Lead,False,Prospect,Marketing Add-on,Spring Campaign,Email,Yara Odeh,2023-07-09,2023-09-06,59.0,49.0,6,6,3,27.2,8.6,0.0,False
CUST13674,Karak,Consumer,Construction,Facebook,Qualified,False,Active,CRM Professional,No Campaign,Email,Yara Odeh,2023-05-27,2023-08-25,90.0,63.0,4,11,6,3.5,5.8,0.0,False
CUST13675,Irbid,Consumer,Finance,Website,Proposal,False,Active,CRM Basic,Q1 Acquisition,Website,Lina Haddad,2025-10-01,2025-12-31,91.0,52.0,5,5,3,29.4,7.1,29.89,True
CUST13676,Irbid,Enterprise,Retail,Google Ads,Contacted,False,Inactive,CRM Enterprise,Back-to-School,Website,Ahmad Saleh,2023-07-07,2024-01-17,194.0,39.0,5,10,4,8.9,10.0,0.0,False
CUST13677,Madaba,Consumer,Manufacturing,Website,New Lead,False,Active,CRM Enterprise,Back-to-School,Social Media,Yara Odeh,2024-02-09,2024-06-11,123.0,45.0,6,15,6,4.7,9.2,0.0,False
CUST13678,Zarqa,Corporate,Construction,Email Campaign,Negotiation,False,Active,CRM Professional,Year-End Campaign,Email,Omar Mansour,2024-12-07,2025-04-22,136.0,63.0,1,11,3,12.0,6.3,1472.08,True
CUST13679,Aqaba,Consumer,Education,Website,New Lead,False,Active,CRM Enterprise,Spring Campaign,WhatsApp,Ahmad Saleh,2025-03-30,2025-08-16,139.0,13.0,3,6,5,5.3,,0.0,False
CUST13680,Karak,Corporate,Technology,Google Ads,Lost,False,Active,CRM Professional,No Campaign,Website,Ahmad Saleh,2023-09-03,2024-04-19,229.0,41.0,9,17,8,3.6,7.4,0.0,False
CUST13681,Salt,Small Business,Manufacturing,Referral,Contacted,False,Active,CRM Basic,No Campaign,Phone,Samer Khalil,2025-10-10,2025-12-31,82.0,18.0,0,10,6,5.5,8.3,0.0,False
CUST13682,Madaba,Enterprise,Technology,Instagram,Negotiation,False,Active,CRM Enterprise,Back-to-School,Social Media,Omar Mansour,2023-05-04,2023-06-23,50.0,100.0,7,6,4,8.3,10.0,3912.33,True
CUST13683,Madaba,Small Business,Retail,Referral,Qualified,False,Inactive,CRM Basic,Spring Campaign,Social Media,Lina Haddad,2023-02-12,2023-06-10,118.0,49.0,4,9,2,8.7,7.7,0.0,False
CUST13684,Karak,Consumer,Education,Website,New Lead,False,Active,CRM Professional,No Campaign,Email,Ahmad Saleh,2024-04-07,2024-10-26,202.0,39.0,7,9,10,,5.2,0.0,False
CUST13685,Amman,Small Business,Manufacturing,Website,Qualified,False,Active,CRM Professional,No Campaign,Meeting,Samer Khalil,2024-01-17,2024-07-26,191.0,84.0,3,7,5,3.9,8.2,0.0,False
CUST13686,Jerash,Consumer,Manufacturing,LinkedIn,Qualified,False,Active,CRM Professional,Referral Program,WhatsApp,Yara Odeh,2023-02-17,2024-02-16,364.0,100.0,5,4,3,11.6,4.5,0.0,False
CUST13687,Jerash,Corporate,Retail,Trade Show,Won,True,Inactive,CRM Enterprise,Summer Campaign,Meeting,Samer Khalil,2025-04-18,2025-12-31,257.0,76.0,4,4,6,6.2,6.4,8767.32,True
CUST13688,Jerash,Corporate,Finance,Trade Show,Negotiation,False,Active,CRM Basic,Spring Campaign,Meeting,Yara Odeh,2023-09-30,2024-03-29,181.0,57.0,5,11,1,,5.8,230.64,True
CUST13689,Aqaba,Small Business,Technology,Website,New Lead,False,Active,Marketing Add-on,Q1 Acquisition,Website,Omar Mansour,2025-03-13,2025-05-30,78.0,53.0,2,8,3,4.5,8.1,0.0,False
CUST13690,Salt,Corporate,Manufacturing,Instagram,Contacted,False,Active,CRM Enterprise,Spring Campaign,Phone,Dana Nasser,2023-07-03,2023-09-16,75.0,49.0,6,8,5,18.0,7.6,0.0,False
CUST13691,Salt,Consumer,Healthcare,LinkedIn,Contacted,False,Active,CRM Professional,Spring Campaign,Email,Dana Nasser,2023-04-26,2024-02-15,295.0,,8,9,4,7.0,6.9,0.0,False
CUST13692,Salt,Small Business,Technology,Facebook,New Lead,False,Prospect,CRM Basic,No Campaign,WhatsApp,Lina Haddad,2023-04-26,,,,1,13,2,16.8,9.0,0.0,False
CUST13693,Madaba,Consumer,Construction,Cold Call,Qualified,False,Active,CRM Basic,Year-End Campaign,Email,Yara Odeh,2025-07-28,2025-08-18,21.0,69.0,7,4,5,7.8,7.9,0.0,False
CUST13694,Madaba,Small Business,Education,Instagram,Lost,False,Active,CRM Enterprise,Spring Campaign,Email,Samer Khalil,2024-07-02,2024-12-20,171.0,85.0,5,1,4,22.1,7.9,0.0,False
CUST13695,Irbid,Consumer,Retail,Website,Qualified,False,Inactive,CRM Professional,Back-to-School,Social Media,Dana Nasser,2023-04-16,2023-05-01,15.0,33.0,8,4,3,11.9,6.3,0.0,False
CUST13696,Amman,Corporate,Construction,Website,Negotiation,False,Active,CRM Basic,Spring Campaign,Meeting,Ahmad Saleh,2024-09-20,2025-04-19,211.0,100.0,3,9,4,,5.9,209.32,True
CUST13697,Irbid,Consumer,Technology,Instagram,Negotiation,False,Active,CRM Professional,Year-End Campaign,Phone,Lina Haddad,2024-01-19,,,69.0,5,11,7,17.5,8.3,101.85,True
CUST13698,Amman,Small Business,Healthcare,Email Campaign,Won,True,Active,CRM Enterprise,Summer Campaign,Phone,Yara Odeh,2023-01-25,2023-04-21,86.0,98.0,5,11,8,8.7,5.4,3154.15,True
CUST13699,Irbid,Consumer,Hospitality,LinkedIn,Contacted,False,Inactive,CRM Enterprise,Spring Campaign,Phone,Ahmad Saleh,2025-03-24,2025-08-20,149.0,53.0,6,10,5,12.6,9.6,0.0,False
CUST13700,Aqaba,Corporate,Healthcare,Website,Negotiation,False,Active,CRM Enterprise,Spring Campaign,Phone,Dana Nasser,2025-09-01,2025-12-31,121.0,73.0,7,13,3,2.8,7.0,3630.31,True
CUST13701,Aqaba,Consumer,Construction,Cold Call,Won,True,Active,Analytics Add-on,Year-End Campaign,Website,Samer Khalil,2023-08-05,2024-06-06,306.0,84.0,3,6,6,11.1,7.8,92.45,True
CUST13702,Madaba,Small Business,Retail,Facebook,Contacted,False,Active,CRM Basic,Summer Campaign,Website,Dana Nasser,2024-12-02,2025-05-02,151.0,34.0,4,6,6,9.2,7.2,0.0,False
CUST13703,Amman,Consumer,Construction,Referral,Qualified,False,Active,CRM Enterprise,Back-to-School,Phone,Lina Haddad,2024-06-16,2024-11-04,141.0,92.0,5,8,5,9.1,7.8,0.0,False
CUST13704,Jerash,Corporate,Retail,Google Ads,Lost,False,Inactive,CRM Basic,No Campaign,WhatsApp,Yara Odeh,2023-07-30,2023-10-07,69.0,56.0,2,10,6,7.5,7.1,0.0,False
CUST13705,Irbid,Consumer,Hospitality,Cold Call,Won,True,Prospect,CRM Professional,Year-End Campaign,Website,Lina Haddad,2023-01-26,2023-10-13,260.0,88.0,6,6,2,5.4,6.9,319.99,True
CUST13706,Madaba,Corporate,Technology,Google Ads,Contacted,False,Inactive,CRM Enterprise,Back-to-School,Website,Ahmad Saleh,2024-05-18,2025-04-17,334.0,44.0,7,5,3,33.9,7.3,0.0,False
CUST13707,Aqaba,Consumer,Education,Email Campaign,Proposal,False,Inactive,CRM Basic,No Campaign,WhatsApp,Ahmad Saleh,2024-07-02,2024-07-11,9.0,39.0,5,3,7,10.2,7.8,24.06,True
CUST13708,Aqaba,Corporate,Finance,Cold Call,Qualified,False,Prospect,CRM Professional,Spring Campaign,Phone,Lina Haddad,2023-08-17,2023-12-16,121.0,74.0,2,9,6,10.9,5.9,0.0,False
CUST13709,Madaba,Consumer,Healthcare,Trade Show,Qualified,False,Active,Analytics Add-on,Spring Campaign,Email,Ahmad Saleh,2024-10-21,2025-01-30,101.0,75.0,2,8,1,15.2,6.3,0.0,False
CUST13710,Madaba,Consumer,Retail,Email Campaign,Qualified,False,Active,CRM Basic,No Campaign,Website,Omar Mansour,2025-09-14,2025-12-31,108.0,72.0,6,4,7,7.5,4.9,0.0,False
CUST13711,Karak,Small Business,Finance,Trade Show,Contacted,False,Active,CRM Professional,No Campaign,Email,Yara Odeh,2025-01-17,2025-06-12,146.0,52.0,7,9,7,7.0,6.5,0.0,False
CUST13712,Jerash,Consumer,Construction,Facebook,Negotiation,False,Active,Marketing Add-on,Q1 Acquisition,Email,Lina Haddad,2023-11-19,2024-11-06,353.0,69.0,6,8,2,13.7,8.6,59.11,True
CUST13713,Karak,Consumer,Finance,Facebook,Won,True,Active,CRM Professional,No Campaign,WhatsApp,Yara Odeh,2025-04-15,2025-12-14,243.0,100.0,4,10,2,3.2,6.5,434.12,True
CUST13714,Irbid,Enterprise,Finance,Facebook,Won,True,Active,CRM Enterprise,Q1 Acquisition,Phone,Ahmad Saleh,2025-07-31,2025-12-31,153.0,89.0,5,9,3,16.3,,23346.24,True
CUST13715,Madaba,Enterprise,Education,Email Campaign,New Lead,False,Active,Analytics Add-on,No Campaign,Meeting,Yara Odeh,2024-07-31,2025-07-03,337.0,46.0,7,7,1,,6.4,0.0,False
CUST13716,Aqaba,Corporate,Retail,Facebook,Won,True,Active,CRM Basic,Spring Campaign,Email,Dana Nasser,2023-11-27,2024-01-09,43.0,51.0,0,11,4,12.3,6.5,718.79,True
CUST13717,Irbid,Consumer,Construction,Instagram,Contacted,False,Prospect,CRM Basic,Spring Campaign,Phone,Samer Khalil,2023-01-29,2023-05-04,95.0,13.0,7,8,3,6.4,7.8,0.0,False
CUST13718,Jerash,Consumer,Healthcare,Google Ads,Qualified,False,Active,CRM Enterprise,Back-to-School,Social Media,Omar Mansour,2024-04-09,2024-11-21,226.0,100.0,5,4,7,12.9,8.5,0.0,False
CUST13719,Aqaba,Small Business,Retail,Google Ads,Won,True,Active,CRM Enterprise,No Campaign,Meeting,Omar Mansour,2025-08-09,2025-08-15,6.0,97.0,4,10,4,25.2,5.7,3853.13,True
CUST13720,Amman,Consumer,Technology,LinkedIn,Qualified,False,Inactive,CRM Basic,Referral Program,Meeting,Samer Khalil,2025-04-21,2025-11-21,214.0,86.0,7,8,4,19.1,6.5,0.0,False
CUST13721,Salt,Enterprise,Unknown,Trade Show,Contacted,False,Active,CRM Professional,No Campaign,Meeting,Samer Khalil,2024-07-03,2025-01-25,206.0,18.0,7,8,2,8.0,9.2,0.0,False
CUST13722,Amman,Consumer,Healthcare,Google Ads,New Lead,False,Active,CRM Professional,Back-to-School,Phone,Yara Odeh,2025-03-21,2025-05-27,67.0,60.0,7,3,1,5.0,10.0,0.0,False
CUST13723,Aqaba,Enterprise,Construction,Website,Qualified,False,Active,Analytics Add-on,Back-to-School,WhatsApp,Yara Odeh,2025-08-17,2025-11-25,100.0,54.0,2,4,4,9.9,5.3,0.0,False
CUST13724,Jerash,Small Business,Retail,Google Ads,Won,True,Inactive,CRM Professional,Q1 Acquisition,WhatsApp,Dana Nasser,2024-05-18,2024-05-30,12.0,82.0,5,5,2,18.4,6.9,1433.65,True
CUST13725,Irbid,Corporate,Healthcare,Website,Lost,False,Prospect,Marketing Add-on,Spring Campaign,Social Media,Yara Odeh,2023-01-20,2023-09-14,237.0,56.0,5,7,3,13.6,7.5,0.0,False
CUST13726,Salt,Consumer,Technology,LinkedIn,Won,True,Active,Marketing Add-on,Back-to-School,WhatsApp,Samer Khalil,2023-12-25,2024-11-11,322.0,84.0,4,5,3,17.1,6.6,220.42,True
CUST13727,Aqaba,Corporate,Manufacturing,Email Campaign,Won,True,Active,Analytics Add-on,Referral Program,Phone,Omar Mansour,2025-10-01,2025-12-31,91.0,83.0,7,6,4,4.4,8.4,1487.04,True
CUST13728,Jerash,Consumer,Healthcare,Cold Call,Negotiation,False,Active,CRM Enterprise,No Campaign,Meeting,Dana Nasser,2025-05-06,2025-12-31,239.0,55.0,5,7,3,13.7,9.2,337.5,True
CUST13729,Madaba,Small Business,Manufacturing,LinkedIn,Won,True,Active,CRM Professional,Spring Campaign,Phone,Samer Khalil,2025-11-28,2025-12-31,33.0,92.0,3,9,1,4.1,9.4,665.64,True
CUST13730,Karak,Corporate,Finance,Google Ads,New Lead,False,Prospect,CRM Basic,Referral Program,Meeting,Dana Nasser,2024-04-13,,,22.0,3,8,1,23.9,8.3,0.0,False
CUST13731,Amman,Consumer,Hospitality,Google Ads,Lost,False,Inactive,CRM Professional,No Campaign,Phone,Dana Nasser,2025-10-30,2025-12-31,62.0,28.0,6,2,2,8.6,7.7,0.0,False
CUST13732,Jerash,Consumer,Construction,Trade Show,Qualified,False,Active,CRM Professional,Summer Campaign,WhatsApp,Yara Odeh,2023-05-24,2023-10-13,142.0,62.0,4,5,0,22.9,8.9,0.0,False
CUST13733,Zarqa,Small Business,Education,Email Campaign,Lost,False,Inactive,CRM Professional,Referral Program,Phone,Yara Odeh,2025-11-15,2025-12-31,46.0,20.0,4,8,1,12.5,3.0,0.0,False
CUST13734,Karak,Consumer,Technology,LinkedIn,New Lead,False,Active,CRM Enterprise,Back-to-School,Website,Ahmad Saleh,2025-01-25,2025-12-17,326.0,64.0,9,4,7,,6.9,0.0,False
CUST13735,Karak,Small Business,Healthcare,Facebook,Negotiation,False,Prospect,CRM Professional,No Campaign,Meeting,Samer Khalil,2025-05-23,2025-12-31,222.0,97.0,3,7,8,11.2,6.2,341.81,True
CUST13736,Madaba,Consumer,Technology,Cold Call,Negotiation,False,Prospect,CRM Enterprise,Q1 Acquisition,Meeting,Yara Odeh,2024-05-24,2025-02-10,262.0,64.0,5,8,5,,6.3,412.27,True
CUST13737,Zarqa,Consumer,Finance,Instagram,Lost,False,Active,CRM Professional,Summer Campaign,Social Media,Ahmad Saleh,2025-10-31,2025-12-31,61.0,40.0,7,10,4,7.0,7.4,0.0,False
CUST13738,Jerash,Small Business,Manufacturing,Instagram,Won,True,Inactive,CRM Basic,Spring Campaign,Website,Yara Odeh,2024-04-26,,,81.0,5,7,5,13.1,6.5,396.15,True
CUST13739,Aqaba,Small Business,Education,Instagram,Qualified,False,Active,CRM Professional,No Campaign,Phone,Omar Mansour,2024-04-19,2025-03-29,344.0,21.0,3,6,2,26.2,10.0,0.0,False
CUST13740,Zarqa,Consumer,Technology,LinkedIn,Proposal,False,Active,Marketing Add-on,Spring Campaign,WhatsApp,Dana Nasser,2023-11-24,2024-07-10,229.0,38.0,3,8,5,7.2,7.2,25.41,True
CUST13741,Salt,Corporate,Manufacturing,Facebook,Qualified,False,Inactive,Analytics Add-on,Back-to-School,Social Media,Omar Mansour,2023-02-14,2023-11-21,280.0,74.0,6,6,4,15.3,6.3,0.0,False
CUST13742,Salt,Corporate,Finance,Referral,Contacted,False,Active,CRM Basic,Referral Program,Website,Dana Nasser,2023-02-24,2024-02-17,358.0,58.0,4,8,2,5.6,,0.0,False
CUST13743,Jerash,Small Business,Finance,Instagram,Contacted,False,Active,CRM Professional,Back-to-School,Phone,Samer Khalil,2023-06-25,2024-04-10,290.0,43.0,10,10,2,2.0,7.1,0.0,False
CUST13744,Karak,Consumer,Finance,Referral,Contacted,False,Inactive,Marketing Add-on,Summer Campaign,WhatsApp,Lina Haddad,2024-08-06,2025-01-21,168.0,41.0,7,9,4,18.7,10.0,0.0,False
CUST13745,Salt,Consumer,Construction,Cold Call,Proposal,False,Inactive,CRM Basic,Q1 Acquisition,Phone,Samer Khalil,2023-09-14,2023-10-31,47.0,81.0,2,3,4,12.1,8.3,13.84,True
CUST13746,Amman,Corporate,Hospitality,Trade Show,Won,True,Active,CRM Basic,Q1 Acquisition,Meeting,Dana Nasser,2025-01-15,2025-08-06,203.0,42.0,9,10,3,18.6,5.4,813.27,True
CUST13747,Aqaba,Small Business,Construction,Facebook,Won,True,Active,CRM Basic,No Campaign,Website,Lina Haddad,2025-12-07,,,100.0,4,5,6,21.1,5.2,303.66,True
CUST13748,Amman,Consumer,Manufacturing,Trade Show,New Lead,False,Active,CRM Professional,Year-End Campaign,Website,Lina Haddad,2023-07-19,2024-03-21,246.0,58.0,5,5,4,10.7,8.5,0.0,False
CUST13749,Karak,Small Business,Healthcare,Email Campaign,New Lead,False,Active,CRM Professional,No Campaign,Social Media,Samer Khalil,2024-11-27,2024-12-21,24.0,,3,11,4,14.0,6.3,0.0,False
CUST13750,Madaba,Consumer,Retail,Email Campaign,Contacted,False,Prospect,CRM Basic,Back-to-School,WhatsApp,Omar Mansour,2023-08-22,2024-07-08,321.0,58.0,4,7,1,14.6,7.4,0.0,False
CUST13751,Amman,Consumer,Technology,Instagram,Contacted,False,Active,CRM Enterprise,Spring Campaign,Email,Samer Khalil,2024-11-29,2025-08-30,274.0,78.0,5,9,6,20.3,7.0,0.0,False
CUST13752,Amman,Small Business,Hospitality,Trade Show,New Lead,False,Active,CRM Basic,Summer Campaign,Phone,Dana Nasser,2025-09-08,2025-10-22,44.0,19.0,5,9,2,6.5,7.9,0.0,False
CUST13753,Zarqa,Small Business,Retail,LinkedIn,Qualified,False,Active,CRM Enterprise,Q1 Acquisition,WhatsApp,Omar Mansour,2024-07-30,2025-06-27,332.0,86.0,5,9,4,6.9,6.9,0.0,False
CUST13754,Zarqa,Consumer,Finance,Referral,Proposal,False,Active,CRM Professional,Referral Program,Email,Dana Nasser,2023-02-06,2023-12-16,313.0,67.0,6,12,4,3.2,6.2,71.91,True
CUST13755,Aqaba,Small Business,Retail,Instagram,Proposal,False,Inactive,CRM Professional,Year-End Campaign,WhatsApp,Yara Odeh,2025-09-13,2025-12-31,109.0,81.0,7,12,6,5.9,8.0,179.52,True
CUST13756,Irbid,Enterprise,Manufacturing,Referral,Proposal,False,Active,CRM Basic,Back-to-School,Phone,Yara Odeh,2025-07-01,,,85.0,3,5,9,6.6,,156.64,True
CUST13757,Amman,Small Business,Construction,Google Ads,Contacted,False,Active,CRM Enterprise,No Campaign,Phone,Omar Mansour,2023-06-05,2023-12-21,199.0,53.0,4,8,4,4.4,3.4,0.0,False
CUST13758,Amman,Small Business,Finance,Google Ads,Negotiation,False,Prospect,CRM Professional,Back-to-School,Social Media,Ahmad Saleh,2023-10-18,2024-03-28,162.0,95.0,5,15,2,16.3,7.5,357.22,True
CUST13759,Amman,Consumer,Construction,Google Ads,Won,True,Active,CRM Professional,No Campaign,Website,Omar Mansour,2025-09-12,2025-12-31,110.0,72.0,7,11,4,10.9,,350.42,True
CUST13760,Karak,Consumer,Hospitality,Email Campaign,Qualified,False,Active,CRM Enterprise,Q1 Acquisition,Website,Ahmad Saleh,2025-11-07,2025-12-31,54.0,60.0,4,10,3,7.3,8.7,0.0,False
CUST13761,Jerash,Consumer,Finance,Website,New Lead,False,Active,CRM Enterprise,No Campaign,Website,Dana Nasser,2025-09-27,2025-12-31,95.0,25.0,3,16,6,13.3,8.8,0.0,False
CUST13762,Jerash,Small Business,Education,Email Campaign,Contacted,False,Active,CRM Basic,No Campaign,Social Media,Samer Khalil,2024-08-05,2024-11-06,93.0,36.0,4,7,3,19.9,10.0,0.0,False
CUST13763,Salt,Corporate,Education,Cold Call,New Lead,False,Active,CRM Basic,Summer Campaign,Website,Dana Nasser,2025-04-08,2025-05-20,42.0,44.0,5,9,3,2.3,,0.0,False
CUST13764,Jerash,Consumer,Hospitality,Unknown,Qualified,False,Active,CRM Basic,Year-End Campaign,WhatsApp,Samer Khalil,2025-01-26,2025-11-06,284.0,77.0,6,10,6,5.1,8.4,0.0,False
CUST13765,Amman,Consumer,Manufacturing,Google Ads,New Lead,False,Active,CRM Enterprise,No Campaign,Website,Yara Odeh,2023-11-03,2024-05-31,210.0,,3,10,6,10.5,6.1,0.0,False
CUST13766,Zarqa,Consumer,Manufacturing,Google Ads,Qualified,False,Prospect,CRM Professional,Back-to-School,Website,Ahmad Saleh,2024-08-07,2025-03-01,206.0,68.0,6,4,7,8.6,5.3,0.0,False
CUST13767,Irbid,Consumer,Retail,Cold Call,Contacted,False,Active,CRM Enterprise,Q1 Acquisition,Meeting,Samer Khalil,2024-06-11,2025-01-17,220.0,73.0,9,9,5,14.6,5.8,0.0,False
CUST13768,Amman,Enterprise,Hospitality,Facebook,Negotiation,False,Inactive,CRM Enterprise,No Campaign,Phone,Dana Nasser,2024-06-21,2025-03-28,280.0,99.0,5,6,6,16.5,6.6,5356.17,True
CUST13769,Amman,Small Business,Construction,Website,New Lead,False,Inactive,Analytics Add-on,Back-to-School,Social Media,Dana Nasser,2025-06-01,2025-10-15,136.0,38.0,3,12,8,,8.6,0.0,False
CUST13770,Irbid,Consumer,Technology,Facebook,Proposal,False,Active,CRM Professional,Back-to-School,Social Media,Dana Nasser,2023-02-08,2023-05-25,106.0,46.0,6,12,5,12.3,8.4,54.87,True
CUST13771,Karak,Corporate,Hospitality,Email Campaign,Contacted,False,Active,CRM Professional,Q1 Acquisition,Website,Omar Mansour,2025-02-27,2025-06-25,118.0,63.0,2,9,5,2.7,8.8,0.0,False
CUST13772,Irbid,Corporate,Retail,Facebook,New Lead,False,Active,Analytics Add-on,Q1 Acquisition,Meeting,Dana Nasser,2024-09-16,2025-05-11,237.0,49.0,6,15,5,14.8,,0.0,False
CUST13773,Amman,Small Business,Manufacturing,LinkedIn,Won,True,Active,CRM Basic,Referral Program,Email,Omar Mansour,2025-05-24,2025-12-31,221.0,80.0,6,5,4,3.5,8.5,212.21,True
CUST13774,Irbid,Consumer,Technology,Instagram,Negotiation,False,Prospect,CRM Professional,Back-to-School,Phone,Lina Haddad,2023-11-01,2024-02-09,100.0,67.0,6,8,1,10.7,4.2,138.12,True
CUST13775,Karak,Consumer,Hospitality,Email Campaign,New Lead,False,Active,CRM Basic,No Campaign,Website,Ahmad Saleh,2023-01-28,2023-10-16,261.0,47.0,8,8,2,13.0,10.0,0.0,False
CUST13776,Irbid,Consumer,Retail,Google Ads,Negotiation,False,Prospect,Marketing Add-on,Referral Program,Email,Lina Haddad,2024-12-31,2025-11-01,305.0,81.0,2,4,3,15.9,6.7,42.95,True
CUST13777,Jerash,Corporate,Healthcare,Email Campaign,Proposal,False,Prospect,CRM Professional,No Campaign,WhatsApp,Lina Haddad,2023-07-23,2024-07-11,354.0,59.0,6,3,6,16.2,6.2,376.86,True
CUST13778,Karak,Small Business,Construction,Facebook,Qualified,False,Active,CRM Basic,Spring Campaign,Meeting,Omar Mansour,2023-08-28,2024-06-09,286.0,56.0,5,9,4,8.3,7.7,0.0,False
CUST13779,Madaba,Small Business,Healthcare,Referral,Qualified,False,Active,CRM Enterprise,Spring Campaign,Meeting,Omar Mansour,2025-08-18,2025-12-31,135.0,32.0,6,7,5,12.1,4.2,0.0,False
CUST13780,Irbid,Consumer,Construction,Email Campaign,Won,True,Active,CRM Basic,Summer Campaign,Phone,Ahmad Saleh,2025-12-23,2025-12-31,8.0,86.0,2,10,4,12.9,7.4,119.5,True
CUST13781,Aqaba,Consumer,Technology,Trade Show,Contacted,False,Prospect,Marketing Add-on,Spring Campaign,Meeting,Ahmad Saleh,2024-07-18,2024-09-19,63.0,58.0,8,4,5,10.0,8.3,0.0,False
CUST13782,Amman,Consumer,Education,Email Campaign,Qualified,False,Prospect,CRM Professional,Year-End Campaign,Social Media,Yara Odeh,2024-01-03,2024-06-26,175.0,35.0,7,8,2,4.0,5.9,0.0,False
CUST13783,Salt,Enterprise,Construction,Referral,Contacted,False,Active,CRM Enterprise,Referral Program,Email,Ahmad Saleh,2023-01-09,2023-10-18,282.0,48.0,9,10,2,11.4,8.0,0.0,False
CUST13784,Salt,Consumer,Technology,Website,Won,True,Active,CRM Professional,Summer Campaign,Website,Dana Nasser,2025-05-17,2025-12-31,228.0,70.0,3,9,5,11.7,,167.28,True
CUST13785,Karak,Consumer,Retail,Referral,Won,True,Active,Analytics Add-on,Q1 Acquisition,Email,Dana Nasser,2025-05-31,2025-12-31,214.0,100.0,4,5,4,3.0,,415.39,True
CUST13786,Zarqa,Enterprise,Finance,Referral,Won,True,Prospect,Marketing Add-on,Q1 Acquisition,Social Media,Ahmad Saleh,2023-03-10,2023-03-17,7.0,55.0,4,11,4,5.8,10.0,2790.62,True
CUST13787,Karak,Small Business,Healthcare,Email Campaign,Won,True,Prospect,Analytics Add-on,Spring Campaign,WhatsApp,Omar Mansour,2025-04-08,2025-08-13,127.0,100.0,1,8,5,10.2,6.8,398.74,True
CUST13788,Aqaba,Corporate,Finance,Cold Call,Lost,False,Active,Analytics Add-on,Referral Program,Email,Lina Haddad,2024-05-08,2024-08-08,92.0,70.0,4,5,8,10.4,6.2,0.0,False
CUST13789,Salt,Consumer,Healthcare,Unknown,Negotiation,False,Active,CRM Basic,Spring Campaign,Website,Ahmad Saleh,2023-10-31,2024-05-08,190.0,24.0,6,12,3,6.4,6.8,42.78,True
CUST13790,Madaba,Small Business,Retail,Cold Call,Negotiation,False,Active,Marketing Add-on,No Campaign,Email,Yara Odeh,2023-05-12,2024-05-05,359.0,86.0,7,14,8,16.5,6.7,137.16,True
CUST13791,Madaba,Consumer,Healthcare,Referral,Lost,False,Active,CRM Enterprise,Year-End Campaign,Meeting,Ahmad Saleh,2024-06-01,2024-07-24,53.0,55.0,4,13,6,3.0,6.8,0.0,False
CUST13792,Aqaba,Corporate,Technology,Email Campaign,New Lead,False,Prospect,Analytics Add-on,No Campaign,WhatsApp,Lina Haddad,2025-08-04,2025-12-31,149.0,10.0,5,9,1,14.5,7.3,0.0,False
CUST13793,Zarqa,Consumer,Finance,LinkedIn,Proposal,False,Active,CRM Enterprise,Unknown,Email,Samer Khalil,2025-11-24,2025-12-31,37.0,61.0,8,5,6,6.8,5.2,99.66,True
CUST13794,Irbid,Consumer,Manufacturing,Google Ads,Negotiation,False,Inactive,CRM Basic,No Campaign,WhatsApp,Ahmad Saleh,2024-09-03,2025-09-02,364.0,64.0,5,12,1,12.9,6.1,37.58,True
CUST13795,Irbid,Corporate,Finance,Trade Show,Won,True,Active,CRM Enterprise,Year-End Campaign,WhatsApp,Ahmad Saleh,2025-05-15,2025-09-04,112.0,61.0,4,8,2,15.5,7.9,5050.56,True
CUST13796,Jerash,Small Business,Retail,Facebook,Won,True,Active,CRM Basic,Summer Campaign,Phone,Dana Nasser,2025-05-07,2025-05-14,7.0,67.0,6,7,4,8.3,5.9,343.91,True
CUST13797,Amman,Small Business,Manufacturing,LinkedIn,Won,True,Active,CRM Enterprise,Spring Campaign,Phone,Lina Haddad,2023-02-22,2023-10-10,230.0,97.0,4,9,5,10.7,7.6,5316.64,True
CUST13798,Irbid,Consumer,Finance,Unknown,Lost,False,Inactive,CRM Professional,No Campaign,Website,Yara Odeh,2025-11-24,2025-12-31,37.0,47.0,4,10,6,7.9,7.8,0.0,False
CUST13799,Irbid,Consumer,Construction,Google Ads,Proposal,False,Inactive,CRM Basic,Summer Campaign,Website,Ahmad Saleh,2023-11-21,,,55.0,5,7,6,16.2,,14.48,True
CUST13800,Karak,Small Business,Hospitality,Trade Show,New Lead,False,Active,Marketing Add-on,Q1 Acquisition,Website,Yara Odeh,2023-12-28,2024-11-15,323.0,17.0,6,8,1,11.4,8.8,0.0,False
CUST13801,Jerash,Small Business,Construction,Instagram,New Lead,False,Active,Marketing Add-on,Spring Campaign,WhatsApp,Ahmad Saleh,2024-10-27,2025-10-26,364.0,57.0,6,12,4,4.2,6.0,0.0,False
CUST13802,Madaba,Enterprise,Retail,Website,Proposal,False,Active,Marketing Add-on,Spring Campaign,WhatsApp,Samer Khalil,2023-01-28,2023-09-08,223.0,100.0,3,7,5,2.0,5.8,515.11,True
CUST13803,Jerash,Corporate,Hospitality,Trade Show,Qualified,False,Active,Analytics Add-on,Summer Campaign,Phone,Lina Haddad,2024-10-01,2025-06-08,250.0,56.0,4,8,5,4.5,10.0,0.0,False
CUST13804,Aqaba,Small Business,Education,Website,Qualified,False,Inactive,CRM Enterprise,Year-End Campaign,Meeting,Ahmad Saleh,2025-04-22,2025-07-14,83.0,58.0,7,4,4,19.8,7.8,0.0,False
CUST13805,Amman,Corporate,Technology,Instagram,Qualified,False,Active,CRM Enterprise,Back-to-School,WhatsApp,Samer Khalil,2024-11-21,2025-07-19,240.0,100.0,3,9,6,19.9,8.4,0.0,False
CUST13806,Karak,Consumer,Construction,Instagram,Won,True,Active,CRM Basic,Referral Program,Phone,Ahmad Saleh,2025-09-29,2025-12-31,93.0,97.0,2,5,3,9.6,8.2,108.55,True
CUST13807,Karak,Consumer,Healthcare,Trade Show,Qualified,False,Prospect,Marketing Add-on,Summer Campaign,Email,Omar Mansour,2024-01-12,2024-11-30,323.0,82.0,5,9,3,16.9,5.7,0.0,False
CUST13808,Aqaba,Consumer,Hospitality,Website,Won,True,Active,Marketing Add-on,Q1 Acquisition,Website,Samer Khalil,2025-02-13,2025-11-03,263.0,69.0,6,7,7,4.0,5.8,184.09,True
CUST13809,Karak,Consumer,Healthcare,Cold Call,Won,True,Active,CRM Enterprise,Spring Campaign,Website,Yara Odeh,2025-05-22,,,63.0,3,10,5,8.5,6.4,1212.71,True
CUST13810,Irbid,Corporate,Healthcare,Facebook,Qualified,False,Active,Marketing Add-on,Referral Program,Social Media,Omar Mansour,2025-09-01,2025-12-31,121.0,86.0,8,10,5,22.5,9.4,0.0,False
CUST13811,Karak,Small Business,Education,Cold Call,Qualified,False,Prospect,CRM Professional,Q1 Acquisition,Meeting,Ahmad Saleh,2024-08-22,2025-08-19,362.0,69.0,10,9,4,5.1,9.3,0.0,False
CUST13812,Amman,Small Business,Technology,Website,Won,True,Active,CRM Professional,Referral Program,Phone,Samer Khalil,2025-10-04,2025-12-01,58.0,84.0,2,5,5,6.1,7.7,1033.88,True
CUST13813,Amman,Consumer,Finance,Google Ads,Negotiation,False,Active,Marketing Add-on,Spring Campaign,Social Media,Lina Haddad,2025-06-11,2025-06-20,9.0,81.0,4,11,7,9.0,5.6,50.16,True
CUST13814,Zarqa,Consumer,Hospitality,Facebook,Contacted,False,Inactive,CRM Professional,Year-End Campaign,Website,Yara Odeh,2023-08-13,2024-06-12,304.0,84.0,7,4,3,14.1,,0.0,False
CUST13815,Aqaba,Consumer,Finance,Instagram,New Lead,False,Active,CRM Enterprise,Year-End Campaign,Social Media,Dana Nasser,2023-08-05,2023-11-28,115.0,25.0,4,6,0,11.9,,0.0,False
CUST13816,Jerash,Small Business,Construction,Google Ads,Contacted,False,Prospect,CRM Professional,Q1 Acquisition,Email,Ahmad Saleh,2025-04-18,2025-11-14,210.0,53.0,5,9,5,4.5,7.3,0.0,False
CUST13817,Madaba,Consumer,Technology,Instagram,New Lead,False,Prospect,CRM Enterprise,Year-End Campaign,Social Media,Samer Khalil,2024-02-10,2024-03-22,41.0,26.0,6,6,4,19.5,5.4,0.0,False
CUST13818,Irbid,Corporate,Manufacturing,Website,Contacted,False,Active,CRM Enterprise,Back-to-School,Email,Omar Mansour,2023-03-09,2024-01-07,304.0,56.0,3,11,5,13.8,9.1,0.0,False
CUST13819,Salt,Consumer,Technology,Trade Show,Contacted,False,Inactive,CRM Enterprise,Referral Program,Website,Samer Khalil,2023-10-06,2024-03-27,173.0,66.0,2,7,7,6.1,6.0,0.0,False
CUST13820,Amman,Consumer,Healthcare,Google Ads,Proposal,False,Active,CRM Professional,No Campaign,WhatsApp,Lina Haddad,2025-07-11,2025-12-31,173.0,73.0,8,9,4,7.6,8.3,46.53,True
CUST13821,Jerash,Small Business,Finance,LinkedIn,Lost,False,Active,CRM Professional,Q1 Acquisition,Phone,Samer Khalil,2023-12-02,2024-09-08,281.0,,7,8,5,10.7,6.1,0.0,False
CUST13822,Karak,Corporate,Technology,Google Ads,Negotiation,False,Inactive,CRM Enterprise,Year-End Campaign,Social Media,Omar Mansour,2025-12-02,2025-12-31,29.0,63.0,8,2,5,11.5,,,False
CUST13823,Jerash,Consumer,Finance,Referral,Lost,False,Active,Marketing Add-on,Q1 Acquisition,Meeting,Ahmad Saleh,2025-05-01,2025-08-17,108.0,56.0,6,5,5,10.6,7.4,0.0,False
CUST13824,Irbid,Corporate,Technology,Instagram,Won,True,Active,CRM Basic,Summer Campaign,Email,Yara Odeh,2023-09-28,2024-07-05,281.0,100.0,7,4,11,6.4,6.2,1177.67,True
CUST13825,Amman,Enterprise,Retail,Website,Negotiation,False,Prospect,CRM Basic,Q1 Acquisition,Meeting,Omar Mansour,2023-07-31,2023-09-08,39.0,65.0,3,8,6,16.9,10.0,334.33,True
CUST13826,Madaba,Enterprise,Construction,Referral,Qualified,False,Active,CRM Basic,Summer Campaign,Website,Yara Odeh,2023-06-14,2023-10-11,119.0,,7,6,3,10.8,4.6,,False
CUST13827,Zarqa,Corporate,Hospitality,Email Campaign,Contacted,False,Active,Marketing Add-on,Spring Campaign,Meeting,Yara Odeh,2025-08-18,2025-12-31,135.0,47.0,4,8,4,7.2,4.9,0.0,False
CUST13828,Aqaba,Corporate,Healthcare,LinkedIn,Won,True,Inactive,CRM Enterprise,Year-End Campaign,Meeting,Omar Mansour,2025-02-20,2025-12-31,314.0,51.0,2,12,3,6.3,,7632.33,True
CUST13829,Irbid,Consumer,Technology,Cold Call,Won,True,Prospect,Marketing Add-on,Back-to-School,Website,Omar Mansour,2025-05-08,2025-06-04,27.0,100.0,5,12,6,4.3,7.8,290.93,True
CUST13830,Jerash,Corporate,Education,Instagram,Qualified,False,Prospect,CRM Enterprise,Referral Program,WhatsApp,Dana Nasser,2023-04-07,2023-07-20,104.0,63.0,4,12,6,12.1,5.8,0.0,False
CUST13831,Irbid,Consumer,Technology,Cold Call,New Lead,False,Inactive,CRM Professional,Year-End Campaign,Meeting,Yara Odeh,2024-09-08,2024-11-21,74.0,6.0,6,3,4,9.6,8.3,0.0,False
CUST13832,Jerash,Enterprise,Retail,Website,Won,True,Prospect,Analytics Add-on,Referral Program,Meeting,Ahmad Saleh,2024-05-06,2024-11-13,191.0,71.0,5,4,2,5.7,5.8,3550.43,True
CUST13833,Madaba,Consumer,Construction,Cold Call,Contacted,False,Inactive,CRM Basic,Q1 Acquisition,Meeting,Dana Nasser,2025-10-15,2025-12-31,77.0,76.0,5,9,3,9.8,9.5,0.0,False
CUST13834,Amman,Consumer,Education,Website,New Lead,False,Active,CRM Professional,Q1 Acquisition,Website,Yara Odeh,2025-09-01,2025-12-31,121.0,33.0,4,10,4,15.2,9.0,0.0,False
CUST13835,Karak,Small Business,Education,Website,Won,True,Inactive,CRM Professional,No Campaign,Meeting,Samer Khalil,2025-12-13,2025-12-31,18.0,100.0,10,9,4,38.8,8.5,696.98,True
CUST13836,Karak,Consumer,Construction,Facebook,Qualified,False,Active,CRM Professional,Back-to-School,Website,Ahmad Saleh,2023-06-08,,,55.0,6,5,3,16.7,7.3,0.0,False
CUST13837,Zarqa,Consumer,Technology,Facebook,Negotiation,False,Active,CRM Professional,Summer Campaign,WhatsApp,Ahmad Saleh,2024-04-16,2024-11-15,213.0,44.0,1,7,3,7.6,10.0,114.03,True
CUST13838,Irbid,Small Business,Unknown,LinkedIn,Won,True,Active,CRM Basic,Q1 Acquisition,Website,Yara Odeh,2024-04-19,2024-08-20,123.0,38.0,4,16,1,4.7,6.9,448.13,True
CUST13839,Karak,Corporate,Education,Website,Proposal,False,Active,CRM Basic,Q1 Acquisition,Meeting,Samer Khalil,2025-01-31,2025-08-25,206.0,100.0,3,7,4,18.8,8.9,103.18,True
CUST13840,Karak,Small Business,Hospitality,LinkedIn,Qualified,False,Active,CRM Professional,No Campaign,Email,Samer Khalil,2023-08-20,2024-04-16,240.0,44.0,6,13,5,17.9,5.6,0.0,False
CUST13841,Salt,Consumer,Healthcare,Facebook,Contacted,False,Active,Analytics Add-on,Referral Program,Meeting,Omar Mansour,2023-09-09,2024-08-13,339.0,38.0,5,4,2,24.0,6.5,0.0,False
CUST13842,Jerash,Corporate,Manufacturing,LinkedIn,Contacted,False,Active,CRM Basic,Summer Campaign,Social Media,Yara Odeh,2025-02-04,2025-11-17,286.0,48.0,9,9,5,13.9,6.6,0.0,False
CUST13843,Jerash,Consumer,Healthcare,LinkedIn,Won,True,Active,CRM Professional,No Campaign,Social Media,Yara Odeh,2025-09-06,2025-09-28,22.0,85.0,4,11,3,9.8,9.2,321.32,True
CUST13844,Karak,Consumer,Finance,Trade Show,Qualified,False,Active,CRM Basic,Year-End Campaign,Email,Ahmad Saleh,2025-10-05,2025-12-31,87.0,40.0,2,9,2,2.3,7.6,0.0,False
CUST13845,Amman,Small Business,Finance,Trade Show,Contacted,False,Inactive,CRM Professional,Referral Program,Social Media,Lina Haddad,2025-12-02,2025-12-31,29.0,76.0,1,13,1,32.2,8.2,0.0,False
CUST13846,Irbid,Corporate,Retail,Website,New Lead,False,Prospect,CRM Enterprise,Back-to-School,Meeting,Yara Odeh,2023-09-17,2023-12-31,105.0,46.0,2,9,3,6.9,8.4,0.0,False
CUST13847,Irbid,Small Business,Education,Referral,Qualified,False,Prospect,Analytics Add-on,Back-to-School,Website,Omar Mansour,2025-10-11,2025-12-31,81.0,85.0,4,6,4,9.5,9.3,0.0,False
CUST13848,Karak,Small Business,Healthcare,Cold Call,Qualified,False,Active,Analytics Add-on,Q1 Acquisition,Meeting,Ahmad Saleh,2023-07-15,,,20.0,7,7,6,15.5,7.1,0.0,False
CUST13849,Irbid,Consumer,Healthcare,LinkedIn,Proposal,False,Inactive,CRM Professional,Referral Program,Social Media,Samer Khalil,2024-10-19,2025-08-25,310.0,77.0,3,3,3,22.0,7.6,58.82,True
CUST13850,Amman,Small Business,Manufacturing,Referral,Qualified,False,Active,CRM Basic,Q1 Acquisition,Social Media,Samer Khalil,2025-08-31,2025-12-31,122.0,68.0,4,4,3,22.8,8.1,0.0,False
CUST13851,Zarqa,Consumer,Retail,Facebook,New Lead,False,Active,CRM Basic,Referral Program,Website,Lina Haddad,2024-10-13,2025-01-28,107.0,39.0,2,5,1,31.6,5.9,0.0,False
CUST13852,Amman,Enterprise,Hospitality,Instagram,Qualified,False,Inactive,Marketing Add-on,Spring Campaign,Social Media,Ahmad Saleh,2025-12-26,2025-12-31,5.0,50.0,8,11,4,13.4,8.9,0.0,False
CUST13853,Salt,Corporate,Education,Cold Call,Won,True,Inactive,CRM Enterprise,Spring Campaign,Website,Dana Nasser,2025-05-18,2025-12-25,221.0,50.0,6,5,3,21.8,8.2,6557.44,True
CUST13854,Karak,Small Business,Retail,Cold Call,New Lead,False,Prospect,CRM Basic,No Campaign,WhatsApp,Omar Mansour,2023-11-26,2024-07-05,222.0,13.0,6,6,4,7.4,8.3,0.0,False
CUST13855,Salt,Small Business,Technology,LinkedIn,Negotiation,False,Active,CRM Basic,Back-to-School,Meeting,Ahmad Saleh,2023-12-08,2024-08-22,258.0,99.0,3,10,6,2.6,8.5,128.18,True
CUST13856,Zarqa,Corporate,Healthcare,Website,Proposal,False,Active,CRM Professional,Q1 Acquisition,WhatsApp,Dana Nasser,2024-02-19,2024-09-07,201.0,75.0,2,8,4,26.7,6.5,423.33,True
CUST13857,Zarqa,Small Business,Retail,Website,Negotiation,False,Prospect,CRM Basic,No Campaign,Social Media,Samer Khalil,2025-02-24,,,69.0,6,8,5,12.8,5.8,92.57,True
CUST13858,Madaba,Consumer,Retail,LinkedIn,New Lead,False,Inactive,Analytics Add-on,Back-to-School,WhatsApp,Samer Khalil,2025-11-13,2025-12-31,48.0,35.0,8,10,2,,5.0,0.0,False
CUST13859,Madaba,Consumer,Manufacturing,LinkedIn,Lost,False,Prospect,CRM Professional,Q1 Acquisition,Social Media,Dana Nasser,2023-06-21,2024-02-01,225.0,65.0,11,12,1,21.4,7.9,0.0,False
CUST13860,Karak,Small Business,Hospitality,Email Campaign,Proposal,False,Inactive,CRM Enterprise,Summer Campaign,WhatsApp,Dana Nasser,2023-01-04,2023-07-25,202.0,87.0,3,6,6,8.9,9.2,253.77,True
CUST13861,Jerash,Enterprise,Technology,Cold Call,Won,True,Active,CRM Professional,Year-End Campaign,Social Media,Lina Haddad,2023-05-12,2023-12-24,226.0,64.0,4,6,2,12.9,6.8,4720.25,True
CUST13862,Aqaba,Consumer,Finance,Trade Show,Contacted,False,Active,CRM Basic,Summer Campaign,Phone,Ahmad Saleh,2025-02-24,2025-10-18,236.0,21.0,5,9,6,3.1,8.4,0.0,False
CUST13863,Karak,Consumer,Healthcare,Trade Show,Negotiation,False,Active,CRM Enterprise,No Campaign,Meeting,Samer Khalil,2025-12-27,2025-12-31,4.0,80.0,6,5,3,8.3,9.1,267.95,True
CUST13864,Amman,Consumer,Manufacturing,Referral,Won,True,Active,CRM Enterprise,Spring Campaign,Email,Omar Mansour,2024-10-03,2025-04-21,200.0,100.0,5,8,3,12.1,7.7,770.44,True
CUST13865,Aqaba,Corporate,Hospitality,Instagram,Qualified,False,Active,CRM Professional,Spring Campaign,Meeting,Samer Khalil,2024-06-28,2025-06-20,357.0,74.0,3,14,1,4.6,6.6,0.0,False
CUST13866,Unknown,Consumer,Hospitality,Instagram,Qualified,False,Active,CRM Professional,Spring Campaign,WhatsApp,Ahmad Saleh,2023-01-09,2023-09-12,246.0,93.0,5,5,7,22.5,7.2,0.0,False
CUST13867,Irbid,Consumer,Retail,Email Campaign,Proposal,False,Prospect,Analytics Add-on,Q1 Acquisition,Website,Dana Nasser,2024-10-16,2025-10-04,353.0,64.0,4,8,6,12.5,7.6,18.57,True
CUST13868,Salt,Small Business,Healthcare,Website,New Lead,False,Prospect,CRM Basic,Back-to-School,Email,Lina Haddad,2024-01-15,2024-05-05,111.0,46.0,8,5,7,10.5,6.8,0.0,False
CUST13869,Salt,Small Business,Construction,Unknown,Negotiation,False,Inactive,CRM Professional,No Campaign,Social Media,Samer Khalil,2025-06-07,2025-06-13,6.0,72.0,8,4,8,39.2,6.7,284.9,True
CUST13870,Irbid,Consumer,Finance,Instagram,New Lead,False,Active,CRM Professional,Summer Campaign,Email,Lina Haddad,2025-06-04,2025-12-31,210.0,55.0,5,8,2,25.4,6.9,0.0,False
CUST13871,Karak,Consumer,Construction,Referral,Contacted,False,Active,CRM Enterprise,Spring Campaign,Website,Dana Nasser,2024-05-07,2024-09-11,127.0,36.0,7,6,3,4.0,7.2,0.0,False
CUST13872,Irbid,Small Business,Construction,Cold Call,Negotiation,False,Inactive,CRM Basic,No Campaign,Website,Yara Odeh,2023-03-13,2023-06-25,104.0,77.0,1,5,4,6.0,7.3,125.82,True
CUST13873,Karak,Consumer,Construction,Cold Call,New Lead,False,Active,CRM Enterprise,Summer Campaign,Meeting,Ahmad Saleh,2024-05-06,2024-12-29,237.0,73.0,4,7,3,1.8,7.0,0.0,False
CUST13874,Karak,Enterprise,Hospitality,Unknown,Lost,False,Prospect,CRM Basic,Back-to-School,Social Media,Samer Khalil,2024-07-12,2024-12-14,155.0,30.0,3,8,3,3.8,6.5,0.0,False
CUST13875,Jerash,Small Business,Retail,Website,Won,True,Prospect,CRM Basic,Q1 Acquisition,Meeting,Ahmad Saleh,2024-04-05,2024-12-18,257.0,40.0,8,7,6,1.3,10.0,572.93,True
CUST13876,Zarqa,Consumer,Hospitality,Instagram,Proposal,False,Active,CRM Enterprise,Spring Campaign,WhatsApp,Omar Mansour,2023-11-06,2024-06-28,235.0,78.0,4,8,2,15.3,6.3,84.97,True
CUST13877,Jerash,Small Business,Technology,Trade Show,Won,True,Inactive,CRM Enterprise,Q1 Acquisition,WhatsApp,Ahmad Saleh,2023-03-03,2023-12-17,289.0,100.0,3,12,2,14.0,7.6,4052.39,True
CUST13878,Madaba,Consumer,Hospitality,Google Ads,Won,True,Active,Marketing Add-on,Unknown,Phone,Yara Odeh,2024-01-11,2024-02-20,40.0,66.0,5,7,8,3.2,9.7,282.62,True
CUST13879,Irbid,Consumer,Healthcare,Facebook,Contacted,False,Inactive,CRM Professional,Unknown,Meeting,Dana Nasser,2025-01-22,2025-11-06,288.0,76.0,5,6,5,7.4,6.9,0.0,False
CUST13880,Jerash,Enterprise,Hospitality,Google Ads,Won,True,Active,CRM Professional,Spring Campaign,Website,Dana Nasser,2025-10-02,2025-12-31,90.0,80.0,2,10,4,15.2,5.2,7389.89,True
CUST13881,Zarqa,Corporate,Hospitality,Google Ads,Contacted,False,Active,CRM Enterprise,Spring Campaign,Phone,Omar Mansour,2023-05-05,2024-02-02,273.0,30.0,4,3,7,2.9,6.6,0.0,False
CUST13882,Aqaba,Consumer,Unknown,Facebook,Qualified,False,Inactive,CRM Professional,Back-to-School,Website,Ahmad Saleh,2023-05-10,2024-01-29,264.0,74.0,5,6,4,4.4,6.4,0.0,False
CUST13883,Aqaba,Consumer,Manufacturing,Google Ads,Proposal,False,Inactive,CRM Basic,Referral Program,Phone,Yara Odeh,2024-01-25,2024-03-22,57.0,39.0,2,8,7,,9.8,33.6,True
CUST13884,Jerash,Consumer,Technology,Instagram,Negotiation,False,Inactive,CRM Basic,Referral Program,Meeting,Dana Nasser,2023-10-22,2024-08-15,298.0,,6,8,5,,,37.42,True
CUST13885,Irbid,Consumer,Finance,Cold Call,New Lead,False,Active,CRM Basic,Spring Campaign,WhatsApp,Dana Nasser,2024-07-25,2024-10-31,98.0,,4,5,2,7.4,6.1,0.0,False
CUST13886,Salt,Small Business,Finance,Trade Show,Contacted,False,Inactive,CRM Professional,Spring Campaign,Website,Dana Nasser,2024-05-20,2024-10-04,137.0,16.0,4,17,5,21.6,8.6,0.0,False
CUST13887,Salt,Consumer,Healthcare,LinkedIn,Proposal,False,Inactive,Marketing Add-on,Referral Program,Meeting,Dana Nasser,2024-10-23,2025-01-18,87.0,100.0,5,8,6,37.5,7.0,23.12,True
CUST13888,Jerash,Enterprise,Finance,Email Campaign,Qualified,False,Prospect,Analytics Add-on,Year-End Campaign,Meeting,Lina Haddad,2024-04-06,2024-12-04,242.0,77.0,5,3,7,14.2,6.4,0.0,False
CUST13889,Jerash,Consumer,Education,Trade Show,Won,True,Prospect,Marketing Add-on,Referral Program,WhatsApp,Samer Khalil,2024-04-11,2024-10-27,199.0,86.0,6,5,5,8.5,5.6,155.3,True
CUST13890,Karak,Small Business,Manufacturing,Referral,Proposal,False,Inactive,Marketing Add-on,Q1 Acquisition,Email,Lina Haddad,2025-10-12,2025-12-31,80.0,85.0,7,7,3,9.7,6.6,119.47,True
CUST13891,Irbid,Corporate,Healthcare,Website,Contacted,False,Inactive,CRM Professional,Q1 Acquisition,WhatsApp,Dana Nasser,2025-10-24,2025-12-31,68.0,1.0,7,6,2,8.1,7.9,0.0,False
CUST13892,Madaba,Small Business,Hospitality,Instagram,New Lead,False,Active,CRM Basic,Referral Program,Website,Yara Odeh,2024-07-05,2025-03-04,242.0,28.0,5,8,2,8.1,8.8,0.0,False
CUST13893,Karak,Consumer,Education,Trade Show,Proposal,False,Active,CRM Professional,No Campaign,Email,Ahmad Saleh,2024-06-06,2025-03-14,281.0,100.0,0,4,2,1.8,8.8,67.62,True
CUST13894,Aqaba,Consumer,Unknown,Instagram,Qualified,False,Active,Marketing Add-on,Summer Campaign,Phone,Lina Haddad,2023-01-31,2023-12-20,323.0,63.0,5,5,5,14.4,8.8,0.0,False
CUST13895,Madaba,Consumer,Hospitality,Facebook,Contacted,False,Prospect,CRM Professional,No Campaign,Social Media,Omar Mansour,2024-07-29,2025-04-07,252.0,37.0,6,5,1,15.4,,0.0,False
CUST13896,Jerash,Enterprise,Healthcare,LinkedIn,Contacted,False,Prospect,CRM Professional,Summer Campaign,Website,Samer Khalil,2024-11-13,2025-05-22,190.0,53.0,1,11,3,13.1,9.2,0.0,False
CUST13897,Aqaba,Enterprise,Construction,Referral,Contacted,False,Active,CRM Basic,No Campaign,Social Media,Ahmad Saleh,2024-06-23,2024-11-22,152.0,28.0,5,8,5,7.4,6.9,0.0,False
CUST13898,Karak,Enterprise,Education,Cold Call,New Lead,False,Active,CRM Professional,Back-to-School,Social Media,Lina Haddad,2025-02-14,2025-12-13,302.0,72.0,4,8,5,7.9,7.1,0.0,False
CUST13899,Irbid,Corporate,Finance,Cold Call,Proposal,False,Active,CRM Professional,Year-End Campaign,Email,Samer Khalil,2025-01-31,2025-11-05,278.0,58.0,8,10,2,7.9,7.8,473.62,True
CUST13900,Amman,Consumer,Retail,Trade Show,Won,True,Active,CRM Professional,Year-End Campaign,Phone,Yara Odeh,2025-11-14,2025-12-31,47.0,48.0,6,7,3,16.1,8.3,400.94,True
CUST13901,Jerash,Enterprise,Retail,Google Ads,Proposal,False,Active,Marketing Add-on,Q1 Acquisition,WhatsApp,Lina Haddad,2024-09-20,2025-03-15,176.0,70.0,2,12,2,9.8,,856.48,True
CUST13902,Madaba,Enterprise,Technology,Facebook,Won,True,Active,CRM Basic,Q1 Acquisition,Email,Omar Mansour,2024-04-17,2024-04-25,8.0,100.0,7,3,3,28.3,5.5,1158.59,True
CUST13903,Irbid,Consumer,Retail,Google Ads,New Lead,False,Prospect,Marketing Add-on,Back-to-School,Phone,Dana Nasser,2025-10-01,,,54.0,5,12,6,6.2,8.1,0.0,False
CUST13904,Karak,Consumer,Construction,Google Ads,Qualified,False,Active,CRM Basic,Spring Campaign,WhatsApp,Omar Mansour,2024-02-04,2024-09-26,235.0,32.0,3,8,2,5.7,7.6,0.0,False
CUST13905,Jerash,Small Business,Education,Referral,Proposal,False,Active,Marketing Add-on,Back-to-School,WhatsApp,Dana Nasser,2024-09-17,2025-02-27,163.0,48.0,6,10,3,12.3,9.4,64.3,True
CUST13906,Salt,Consumer,Construction,Instagram,Negotiation,False,Active,CRM Professional,Back-to-School,Phone,Samer Khalil,2025-12-13,2025-12-31,18.0,30.0,6,5,5,13.0,10.0,89.76,True
CUST13907,Salt,Consumer,Manufacturing,Trade Show,Negotiation,False,Prospect,CRM Enterprise,Unknown,WhatsApp,Lina Haddad,2025-07-20,,,87.0,12,8,3,,8.6,672.64,True
CUST13908,Salt,Enterprise,Retail,Cold Call,Negotiation,False,Prospect,CRM Basic,Year-End Campaign,Website,Lina Haddad,2025-05-19,2025-06-18,30.0,82.0,4,6,4,,,481.17,True
CUST13909,Karak,Enterprise,Healthcare,Website,Proposal,False,Active,CRM Enterprise,Q1 Acquisition,Website,Omar Mansour,2024-08-19,2025-01-02,136.0,78.0,5,10,4,16.1,6.7,2341.95,True
CUST13910,Amman,Consumer,Healthcare,Google Ads,New Lead,False,Prospect,Marketing Add-on,Q1 Acquisition,Email,Ahmad Saleh,2024-09-10,2025-07-17,310.0,31.0,4,10,2,16.0,6.1,0.0,False
CUST13911,Salt,Consumer,Healthcare,Referral,Negotiation,False,Active,CRM Basic,Referral Program,WhatsApp,Samer Khalil,2024-08-14,2025-03-21,219.0,35.0,3,7,1,1.3,5.7,39.42,True
CUST13912,Jerash,Corporate,Retail,Email Campaign,Negotiation,False,Active,CRM Basic,Back-to-School,WhatsApp,Yara Odeh,2024-05-13,2025-04-26,348.0,,8,7,4,11.3,8.3,374.2,True
CUST13913,Zarqa,Small Business,Hospitality,Trade Show,Lost,False,Active,CRM Professional,Spring Campaign,Phone,Dana Nasser,2025-04-18,2025-12-31,257.0,67.0,7,15,5,10.0,9.3,0.0,False
CUST13914,Zarqa,Consumer,Construction,Google Ads,Negotiation,False,Active,CRM Basic,Spring Campaign,Website,Samer Khalil,2023-05-23,2023-06-26,34.0,80.0,2,7,2,7.2,7.9,37.41,True
CUST13915,Aqaba,Corporate,Retail,Instagram,Negotiation,False,Inactive,CRM Basic,Year-End Campaign,Social Media,Yara Odeh,2025-01-22,2025-12-31,343.0,38.0,10,9,3,14.3,8.2,253.42,True
CUST13916,Karak,Corporate,Unknown,Referral,Qualified,False,Prospect,CRM Enterprise,Spring Campaign,Email,Omar Mansour,2024-04-13,2024-07-01,79.0,55.0,6,10,10,24.8,5.2,0.0,False
CUST13917,Jerash,Enterprise,Manufacturing,LinkedIn,Won,True,Inactive,CRM Basic,No Campaign,Meeting,Yara Odeh,2024-07-27,2025-03-20,236.0,91.0,4,10,4,11.8,4.5,2018.22,True
CUST13918,Madaba,Consumer,Hospitality,Website,Lost,False,Active,CRM Enterprise,No Campaign,Website,Lina Haddad,2024-11-23,2025-08-23,273.0,43.0,3,11,9,13.9,5.6,0.0,False
CUST13919,Karak,Consumer,Manufacturing,Referral,Won,True,Active,Analytics Add-on,Q1 Acquisition,Phone,Dana Nasser,2023-01-22,2023-07-02,161.0,52.0,4,6,6,19.4,8.2,238.08,True
CUST13920,Karak,Enterprise,Hospitality,Cold Call,Proposal,False,Active,CRM Enterprise,No Campaign,Email,Dana Nasser,2025-02-10,2025-08-04,175.0,57.0,4,7,6,1.3,6.2,1952.32,True
CUST13921,Zarqa,Consumer,Hospitality,Website,New Lead,False,Active,CRM Basic,Summer Campaign,Social Media,Yara Odeh,2024-09-08,2025-07-13,308.0,25.0,4,7,2,14.6,7.4,0.0,False
CUST13922,Amman,Corporate,Unknown,LinkedIn,Negotiation,False,Active,CRM Professional,Back-to-School,Meeting,Dana Nasser,2023-12-16,2024-07-24,221.0,74.0,6,7,5,1.1,5.0,511.14,True
CUST13923,Salt,Consumer,Technology,Email Campaign,Negotiation,False,Active,CRM Professional,Q1 Acquisition,Email,Dana Nasser,2023-01-19,2023-01-28,9.0,79.0,3,6,7,2.7,7.1,231.27,True
CUST13924,Zarqa,Consumer,Education,Trade Show,Won,True,Inactive,CRM Professional,Q1 Acquisition,Website,Samer Khalil,2024-04-19,2025-02-02,289.0,67.0,7,9,3,3.8,7.6,258.69,True
CUST13925,Zarqa,Consumer,Healthcare,Google Ads,New Lead,False,Inactive,CRM Professional,No Campaign,Social Media,Samer Khalil,2025-12-02,2025-12-31,29.0,53.0,7,6,3,10.8,7.7,0.0,False
CUST13926,Unknown,Consumer,Retail,Facebook,Proposal,False,Active,Marketing Add-on,Year-End Campaign,Meeting,Yara Odeh,2024-10-15,2025-05-08,205.0,100.0,5,11,6,,8.4,46.11,True
CUST13927,Amman,Enterprise,Finance,Instagram,Contacted,False,Active,CRM Enterprise,Back-to-School,Phone,Omar Mansour,2025-09-13,2025-12-31,109.0,100.0,4,9,4,0.8,,0.0,False
CUST13928,Aqaba,Consumer,Finance,Referral,Won,True,Active,CRM Basic,Q1 Acquisition,Email,Yara Odeh,2024-06-10,2025-05-17,341.0,61.0,6,2,5,10.6,8.3,94.62,True
CUST13929,Madaba,Corporate,Hospitality,Unknown,Contacted,False,Active,CRM Professional,No Campaign,Website,Yara Odeh,2024-10-09,2025-04-24,197.0,51.0,3,4,5,15.8,6.4,0.0,False
CUST13930,Jerash,Corporate,Retail,Instagram,Negotiation,False,Active,CRM Professional,Unknown,Phone,Lina Haddad,2024-09-09,2025-06-02,266.0,37.0,6,7,4,7.7,4.6,929.08,True
CUST13931,Zarqa,Consumer,Technology,Cold Call,Contacted,False,Active,Marketing Add-on,Summer Campaign,Social Media,Yara Odeh,2024-12-06,2025-08-25,262.0,40.0,3,10,3,16.6,7.9,0.0,False
CUST13932,Aqaba,Corporate,Finance,Referral,New Lead,False,Inactive,Marketing Add-on,Spring Campaign,Email,Yara Odeh,2023-05-10,2024-01-13,248.0,66.0,2,10,1,1.4,8.5,0.0,False
CUST13933,Unknown,Consumer,Manufacturing,Email Campaign,Proposal,False,Prospect,CRM Professional,No Campaign,WhatsApp,Lina Haddad,2025-04-19,2025-08-12,115.0,22.0,3,11,3,21.7,6.2,55.83,True
CUST13934,Aqaba,Corporate,Technology,Email Campaign,New Lead,False,Active,CRM Professional,Summer Campaign,Website,Samer Khalil,2024-07-17,2024-11-15,121.0,32.0,3,10,3,6.5,7.6,0.0,False
CUST13935,Madaba,Small Business,Retail,LinkedIn,Proposal,False,Inactive,CRM Enterprise,Spring Campaign,Website,Omar Mansour,2024-10-26,2025-03-16,141.0,66.0,0,4,5,0.8,6.5,243.07,True
CUST13936,Jerash,Consumer,Hospitality,Google Ads,Lost,False,Active,CRM Professional,Back-to-School,WhatsApp,Ahmad Saleh,2023-03-23,2023-05-27,65.0,14.0,4,6,3,,7.0,0.0,False
CUST13937,Salt,Consumer,Technology,Trade Show,Lost,False,Prospect,CRM Basic,Referral Program,Phone,Yara Odeh,2024-07-15,2025-04-17,276.0,53.0,5,8,4,8.6,8.0,0.0,False
CUST13938,Madaba,Small Business,Hospitality,Facebook,Contacted,False,Active,CRM Enterprise,Summer Campaign,Website,Yara Odeh,2023-11-05,2024-09-13,313.0,55.0,3,7,3,5.3,6.7,0.0,False
CUST13939,Madaba,Enterprise,Manufacturing,Trade Show,Won,True,Active,CRM Professional,Year-End Campaign,Phone,Yara Odeh,2024-06-21,2025-02-15,239.0,68.0,4,10,3,9.1,9.4,4597.51,True
CUST13940,Zarqa,Consumer,Healthcare,LinkedIn,Qualified,False,Active,CRM Enterprise,Summer Campaign,Social Media,Dana Nasser,2025-10-01,2025-12-31,91.0,73.0,11,8,4,8.4,5.6,0.0,False
CUST13941,Madaba,Small Business,Hospitality,Email Campaign,Won,True,Active,CRM Professional,Referral Program,WhatsApp,Yara Odeh,2025-12-02,2025-12-12,10.0,63.0,5,14,2,10.7,9.1,1346.68,True
CUST13942,Jerash,Consumer,Hospitality,Cold Call,Won,True,Active,CRM Enterprise,Year-End Campaign,Phone,Lina Haddad,2025-02-04,2025-09-25,233.0,,9,10,10,,8.0,1226.42,True
CUST13943,Madaba,Corporate,Construction,LinkedIn,New Lead,False,Prospect,CRM Enterprise,Year-End Campaign,Social Media,Dana Nasser,2024-01-31,2024-03-01,30.0,40.0,1,6,5,11.5,6.0,0.0,False
CUST13944,Irbid,Consumer,Retail,Google Ads,Qualified,False,Inactive,CRM Professional,Year-End Campaign,Email,Lina Haddad,2023-12-30,2024-01-11,12.0,65.0,3,7,5,9.2,8.2,0.0,False
CUST13945,Madaba,Small Business,Manufacturing,Google Ads,Contacted,False,Active,CRM Enterprise,Q1 Acquisition,Website,Yara Odeh,2025-06-03,2025-11-27,177.0,45.0,4,9,4,2.2,6.7,0.0,False
CUST13946,Salt,Consumer,Retail,Website,Won,True,Active,CRM Professional,No Campaign,WhatsApp,Ahmad Saleh,2023-09-27,2024-03-22,177.0,53.0,3,7,4,10.7,6.0,187.99,True
CUST13947,Aqaba,Small Business,Manufacturing,Google Ads,Qualified,False,Inactive,CRM Basic,Year-End Campaign,Email,Yara Odeh,2024-06-04,2025-01-07,217.0,32.0,0,5,6,34.0,3.3,0.0,False
CUST13948,Zarqa,Corporate,Manufacturing,Instagram,Negotiation,False,Prospect,CRM Basic,Summer Campaign,Email,Lina Haddad,2024-02-10,2024-02-21,11.0,58.0,6,2,3,10.2,8.5,470.57,True
CUST13949,Aqaba,Corporate,Finance,Referral,Proposal,False,Inactive,CRM Basic,Spring Campaign,Email,Yara Odeh,2024-10-22,2025-02-17,118.0,56.0,4,3,2,2.1,7.8,93.93,True
CUST13950,Madaba,Corporate,Finance,Google Ads,Lost,False,Active,CRM Basic,Referral Program,Phone,Ahmad Saleh,2025-02-15,2025-07-29,164.0,50.0,5,6,6,6.9,7.9,0.0,False
CUST13951,Jerash,Small Business,Finance,Email Campaign,Lost,False,Inactive,CRM Enterprise,Back-to-School,Website,Lina Haddad,2025-10-27,2025-12-05,39.0,44.0,6,10,5,12.1,7.6,0.0,False
CUST13952,Jerash,Corporate,Healthcare,LinkedIn,Qualified,False,Inactive,CRM Professional,Q1 Acquisition,WhatsApp,Samer Khalil,2024-05-29,2024-07-21,53.0,51.0,7,11,5,7.8,7.6,0.0,False
CUST13953,Karak,Small Business,Healthcare,LinkedIn,Negotiation,False,Active,CRM Basic,No Campaign,Meeting,Dana Nasser,2023-01-05,2023-08-11,218.0,33.0,6,3,4,,10.0,180.54,True
CUST13954,Karak,Enterprise,Manufacturing,LinkedIn,Won,True,Active,Analytics Add-on,Q1 Acquisition,Meeting,Omar Mansour,2023-11-17,,,66.0,2,8,2,4.8,6.3,6034.1,True
CUST13955,Aqaba,Small Business,Education,Email Campaign,Won,True,Inactive,CRM Enterprise,Back-to-School,Website,Omar Mansour,2023-05-09,2024-03-16,312.0,57.0,5,8,3,12.6,5.9,1780.16,True
CUST13956,Amman,Small Business,Retail,Cold Call,New Lead,False,Prospect,CRM Professional,Year-End Campaign,Website,Lina Haddad,2024-11-06,2025-11-01,360.0,75.0,4,7,9,1.6,7.5,0.0,False
CUST13957,Zarqa,Consumer,Finance,Referral,Contacted,False,Active,CRM Basic,No Campaign,Website,Omar Mansour,2025-12-11,2025-12-31,20.0,51.0,12,9,5,20.9,5.7,0.0,False
CUST13958,Aqaba,Small Business,Retail,Google Ads,Contacted,False,Prospect,CRM Basic,Q1 Acquisition,Social Media,Yara Odeh,2024-07-23,2024-11-18,118.0,81.0,4,16,6,2.2,9.2,0.0,False
CUST13959,Amman,Consumer,Hospitality,Cold Call,Qualified,False,Active,CRM Professional,Year-End Campaign,Social Media,Dana Nasser,2024-04-08,2024-12-17,253.0,62.0,7,11,3,9.1,8.9,0.0,False
CUST13960,Salt,Corporate,Manufacturing,Google Ads,Contacted,False,Active,Marketing Add-on,Back-to-School,Social Media,Samer Khalil,2024-08-24,2025-06-06,286.0,87.0,5,9,3,12.3,7.3,0.0,False
CUST13961,Jerash,Small Business,Technology,LinkedIn,Qualified,False,Active,CRM Basic,Spring Campaign,Social Media,Samer Khalil,2024-03-25,2024-12-18,268.0,66.0,8,7,3,10.0,6.1,0.0,False
CUST13962,Unknown,Enterprise,Manufacturing,Google Ads,Negotiation,False,Prospect,CRM Professional,No Campaign,Website,Ahmad Saleh,2023-06-07,2024-03-24,291.0,,6,7,1,3.3,8.2,1488.52,True
CUST13963,Jerash,Consumer,Healthcare,Email Campaign,Qualified,False,Active,Marketing Add-on,Referral Program,Website,Omar Mansour,2024-10-22,2025-09-20,333.0,99.0,7,3,1,9.7,6.2,0.0,False
CUST13964,Aqaba,Consumer,Education,Instagram,Negotiation,False,Active,CRM Enterprise,Referral Program,Meeting,Yara Odeh,2023-04-09,,,59.0,4,8,8,25.8,8.4,278.33,True
CUST13965,Karak,Corporate,Technology,Google Ads,New Lead,False,Active,CRM Professional,Unknown,WhatsApp,Dana Nasser,2025-09-18,2025-12-31,104.0,27.0,5,5,3,24.7,8.0,0.0,False
CUST13966,Karak,Consumer,Retail,Cold Call,Won,True,Active,CRM Enterprise,Referral Program,Meeting,Omar Mansour,2025-10-28,2025-12-31,64.0,82.0,3,8,3,12.7,7.6,1356.74,True
CUST13967,Amman,Consumer,Healthcare,Referral,Lost,False,Prospect,Analytics Add-on,Back-to-School,Meeting,Dana Nasser,2024-05-08,2025-04-16,343.0,100.0,2,8,2,28.3,7.9,0.0,False
CUST13968,Karak,Corporate,Finance,LinkedIn,Proposal,False,Active,CRM Enterprise,Summer Campaign,WhatsApp,Ahmad Saleh,2024-04-10,2024-10-23,196.0,59.0,3,6,2,11.0,10.0,1362.07,True
CUST13969,Zarqa,Small Business,Technology,Website,Won,True,Prospect,Analytics Add-on,Referral Program,WhatsApp,Yara Odeh,2025-01-06,2025-11-10,308.0,86.0,4,8,4,14.5,8.8,542.44,True
CUST13970,Karak,Consumer,Healthcare,Instagram,New Lead,False,Prospect,CRM Professional,Year-End Campaign,Meeting,Omar Mansour,2023-06-15,2023-09-03,80.0,58.0,6,17,6,21.3,7.4,0.0,False
CUST13971,Amman,Corporate,Retail,Facebook,Won,True,Active,Analytics Add-on,Back-to-School,Meeting,Samer Khalil,2024-03-31,2024-08-13,135.0,100.0,6,9,1,37.1,7.7,1587.89,True
CUST13972,Jerash,Consumer,Manufacturing,Google Ads,New Lead,False,Inactive,Marketing Add-on,Year-End Campaign,Meeting,Ahmad Saleh,2025-12-11,2025-12-31,20.0,58.0,9,12,8,,7.1,0.0,False
CUST13973,Karak,Corporate,Retail,Google Ads,Qualified,False,Active,CRM Professional,Year-End Campaign,WhatsApp,Yara Odeh,2023-08-02,2024-06-28,331.0,90.0,8,6,2,40.3,5.2,0.0,False
CUST13974,Karak,Consumer,Technology,Referral,Contacted,False,Active,CRM Enterprise,No Campaign,WhatsApp,Omar Mansour,2024-12-30,2025-08-12,225.0,65.0,5,7,5,,5.5,0.0,False
CUST13975,Irbid,Small Business,Construction,Referral,Proposal,False,Active,CRM Enterprise,Referral Program,Social Media,Samer Khalil,2024-05-17,2024-07-14,58.0,69.0,3,8,2,22.3,4.9,647.88,True
CUST13976,Aqaba,Consumer,Technology,LinkedIn,Contacted,False,Inactive,Analytics Add-on,Spring Campaign,Website,Samer Khalil,2023-03-23,2023-06-24,93.0,28.0,4,6,5,6.4,9.6,0.0,False
CUST13977,Salt,Corporate,Manufacturing,Website,Proposal,False,Active,Analytics Add-on,Back-to-School,WhatsApp,Dana Nasser,2023-07-09,2024-01-17,192.0,57.0,5,5,7,17.8,8.6,120.33,True
CUST13978,Aqaba,Consumer,Technology,Website,Qualified,False,Active,CRM Basic,Year-End Campaign,Phone,Samer Khalil,2024-08-26,2024-12-07,103.0,53.0,6,2,2,18.7,8.6,0.0,False
CUST13979,Madaba,Corporate,Education,Email Campaign,Won,True,Prospect,CRM Enterprise,Spring Campaign,WhatsApp,Lina Haddad,2025-09-03,2025-09-10,7.0,86.0,4,7,7,9.7,10.0,5325.92,True
CUST13980,Madaba,Consumer,Finance,LinkedIn,Proposal,False,Inactive,Analytics Add-on,No Campaign,WhatsApp,Omar Mansour,2023-11-04,2024-03-11,128.0,78.0,5,6,3,2.9,7.9,18.26,True
CUST13981,Jerash,Consumer,Healthcare,LinkedIn,Contacted,False,Active,CRM Enterprise,Q1 Acquisition,Website,Omar Mansour,2023-01-23,2023-03-19,55.0,88.0,0,8,2,10.5,8.3,0.0,False
CUST13982,Aqaba,Corporate,Manufacturing,Instagram,Contacted,False,Active,CRM Enterprise,Year-End Campaign,Meeting,Dana Nasser,2024-01-15,2024-09-02,231.0,9.0,7,13,5,20.3,6.5,0.0,False
CUST13983,Salt,Small Business,Retail,Trade Show,Won,True,Active,CRM Basic,No Campaign,Social Media,Samer Khalil,2025-11-26,2025-12-31,35.0,79.0,8,9,2,,6.6,216.38,True
CUST13984,Karak,Consumer,Retail,Instagram,Qualified,False,Active,CRM Professional,Referral Program,Email,Dana Nasser,2024-10-22,2024-12-23,62.0,98.0,5,5,3,13.3,6.1,0.0,False
CUST13985,Zarqa,Consumer,Finance,Google Ads,Proposal,False,Active,Analytics Add-on,Year-End Campaign,Meeting,Lina Haddad,2025-05-12,2025-12-31,233.0,39.0,5,11,3,7.0,10.0,35.18,True
CUST13986,Karak,Consumer,Technology,Facebook,Proposal,False,Active,Marketing Add-on,No Campaign,Meeting,Dana Nasser,2024-11-10,2025-02-08,90.0,,3,12,10,12.7,5.6,20.59,True
CUST13987,Irbid,Consumer,Technology,Unknown,Qualified,False,Active,CRM Basic,Referral Program,Website,Omar Mansour,2024-09-24,,,69.0,4,9,3,27.6,8.2,0.0,False
CUST13988,Zarqa,Consumer,Retail,Website,Contacted,False,Inactive,CRM Professional,No Campaign,Social Media,Yara Odeh,2024-07-01,2025-02-19,233.0,67.0,5,7,2,8.1,7.0,0.0,False
CUST13989,Karak,Consumer,Finance,Referral,Qualified,False,Active,Analytics Add-on,Referral Program,Phone,Yara Odeh,2024-09-28,2025-09-17,354.0,32.0,0,5,2,8.1,6.8,0.0,False
CUST13990,Aqaba,Small Business,Retail,Facebook,Contacted,False,Active,CRM Enterprise,Year-End Campaign,Email,Dana Nasser,2024-06-03,2025-05-02,333.0,81.0,4,7,3,4.8,5.5,0.0,False
CUST13991,Aqaba,Small Business,Technology,Website,Contacted,False,Active,CRM Enterprise,Referral Program,Social Media,Omar Mansour,2025-05-17,2025-12-31,228.0,62.0,6,4,9,34.3,10.0,0.0,False
CUST13992,Madaba,Consumer,Manufacturing,Website,New Lead,False,Active,CRM Basic,Spring Campaign,Meeting,Ahmad Saleh,2023-08-01,2024-07-11,345.0,12.0,6,7,2,11.5,7.3,0.0,False
CUST13993,Aqaba,Enterprise,Healthcare,Facebook,Contacted,False,Active,CRM Enterprise,Referral Program,Social Media,Lina Haddad,2023-03-10,2023-08-09,152.0,73.0,3,4,4,10.9,6.0,0.0,False
CUST13994,Aqaba,Corporate,Technology,Referral,Contacted,False,Inactive,Analytics Add-on,No Campaign,Website,Lina Haddad,2024-08-28,2025-01-20,145.0,70.0,5,11,7,7.5,7.1,0.0,False
CUST13995,Madaba,Consumer,Manufacturing,Trade Show,Lost,False,Active,CRM Enterprise,Year-End Campaign,Social Media,Omar Mansour,2024-10-29,2025-03-08,130.0,45.0,10,7,3,7.5,6.0,0.0,False
CUST13996,Madaba,Consumer,Healthcare,Email Campaign,Proposal,False,Active,Analytics Add-on,Q1 Acquisition,WhatsApp,Yara Odeh,2023-12-08,2024-04-27,141.0,58.0,3,12,4,22.8,7.3,49.19,True
CUST13997,Amman,Enterprise,Hospitality,LinkedIn,Won,True,Active,CRM Professional,Q1 Acquisition,Social Media,Ahmad Saleh,2024-12-27,2025-03-30,93.0,57.0,7,12,2,5.8,5.8,8459.49,True
CUST13998,Zarqa,Consumer,Education,Instagram,New Lead,False,Active,Marketing Add-on,Spring Campaign,Email,Samer Khalil,2024-10-26,2025-02-17,114.0,32.0,1,10,1,9.8,7.4,0.0,False
CUST13999,Jerash,Consumer,Finance,Google Ads,New Lead,False,Active,Analytics Add-on,Back-to-School,Social Media,Dana Nasser,2023-11-10,2024-08-20,284.0,61.0,5,8,2,13.8,8.0,0.0,False
CUST14000,Aqaba,Small Business,Manufacturing,Instagram,Won,True,Active,CRM Professional,Summer Campaign,Phone,Samer Khalil,2023-02-19,2023-07-12,143.0,46.0,6,8,1,7.2,7.8,594.32,True
CUST14001,Karak,Corporate,Education,Website,Proposal,False,Active,Marketing Add-on,No Campaign,WhatsApp,Ahmad Saleh,2024-07-16,2025-02-24,223.0,50.0,7,11,2,11.6,6.0,152.69,True
CUST14002,Jerash,Consumer,Technology,LinkedIn,Contacted,False,Inactive,Marketing Add-on,No Campaign,Email,Lina Haddad,2023-03-20,2023-11-07,232.0,56.0,4,8,2,9.3,7.1,0.0,False
CUST14003,Jerash,Corporate,Hospitality,Referral,Qualified,False,Prospect,Analytics Add-on,Summer Campaign,Email,Samer Khalil,2024-07-17,2024-08-19,33.0,74.0,3,14,4,23.4,7.0,0.0,False
CUST14004,Karak,Corporate,Finance,Referral,Proposal,False,Active,CRM Professional,Referral Program,Meeting,Ahmad Saleh,2025-01-07,2025-10-10,276.0,80.0,6,8,1,37.2,6.3,384.86,True
CUST14005,Salt,Small Business,Manufacturing,Referral,Won,True,Inactive,CRM Professional,Year-End Campaign,Website,Lina Haddad,2024-04-09,2024-09-26,170.0,64.0,6,6,5,10.5,7.4,955.65,True
CUST14006,Jerash,Corporate,Hospitality,Google Ads,New Lead,False,Inactive,CRM Professional,Spring Campaign,Website,Yara Odeh,2023-01-19,2023-06-08,140.0,38.0,3,6,5,10.5,6.4,0.0,False
CUST14007,Madaba,Consumer,Construction,Google Ads,Proposal,False,Prospect,CRM Basic,No Campaign,WhatsApp,Samer Khalil,2023-06-25,2024-06-16,357.0,58.0,4,11,3,6.4,9.7,11.81,True
CUST14008,Irbid,Small Business,Technology,LinkedIn,Negotiation,False,Active,CRM Professional,Spring Campaign,Email,Yara Odeh,2025-12-12,2025-12-31,19.0,78.0,7,4,5,16.1,5.2,623.09,True
CUST14009,Jerash,Consumer,Finance,Trade Show,Lost,False,Prospect,CRM Professional,No Campaign,Meeting,Lina Haddad,2023-07-23,2023-08-15,23.0,57.0,10,4,6,7.2,5.5,0.0,False
CUST14010,Karak,Consumer,Construction,Website,Won,True,Prospect,CRM Basic,Year-End Campaign,Phone,Omar Mansour,2023-04-28,2023-12-08,224.0,77.0,8,6,3,2.0,8.8,122.48,True
CUST14011,Karak,Consumer,Finance,Referral,Contacted,False,Active,Marketing Add-on,Year-End Campaign,Social Media,Lina Haddad,2024-08-18,2025-05-15,270.0,52.0,6,8,3,,6.5,0.0,False
CUST14012,Jerash,Consumer,Technology,Referral,Negotiation,False,Active,CRM Professional,No Campaign,Social Media,Lina Haddad,2023-10-07,2024-09-18,347.0,73.0,4,14,5,10.6,8.3,149.56,True
CUST14013,Amman,Consumer,Technology,Referral,Won,True,Prospect,CRM Professional,Back-to-School,Social Media,Ahmad Saleh,2024-02-05,2024-07-07,153.0,49.0,3,7,2,5.5,,343.78,True
CUST14014,Zarqa,Consumer,Hospitality,Google Ads,Negotiation,False,Inactive,CRM Professional,No Campaign,Website,Ahmad Saleh,2023-10-24,2024-09-21,333.0,99.0,7,7,0,21.6,6.8,102.8,True
CUST14015,Irbid,Consumer,Hospitality,Trade Show,Won,True,Active,CRM Basic,Year-End Campaign,Email,Dana Nasser,2023-04-15,2023-07-09,85.0,100.0,6,11,5,12.0,8.0,84.44,True
CUST14016,Zarqa,Corporate,Manufacturing,Unknown,Won,True,Inactive,Marketing Add-on,No Campaign,Email,Ahmad Saleh,2023-03-30,2023-07-17,109.0,44.0,3,6,7,15.7,9.7,1094.49,True
CUST14017,Zarqa,Consumer,Finance,Trade Show,New Lead,False,Active,CRM Professional,Year-End Campaign,Phone,Omar Mansour,2024-01-17,2024-02-17,31.0,82.0,5,7,2,,10.0,0.0,False
CUST14018,Zarqa,Small Business,Manufacturing,Google Ads,New Lead,False,Active,CRM Enterprise,Summer Campaign,Website,Omar Mansour,2024-05-09,2024-12-24,229.0,48.0,5,9,7,20.2,6.4,0.0,False
CUST14019,Aqaba,Consumer,Hospitality,Instagram,Won,True,Active,CRM Enterprise,Referral Program,Phone,Yara Odeh,2023-08-26,2024-04-22,240.0,91.0,7,6,3,5.3,7.7,1093.5,True
CUST14020,Karak,Consumer,Finance,Facebook,Contacted,False,Active,CRM Enterprise,Back-to-School,Email,Lina Haddad,2025-07-24,2025-12-31,160.0,40.0,5,12,1,7.6,6.4,0.0,False
CUST14021,Madaba,Consumer,Manufacturing,LinkedIn,New Lead,False,Prospect,CRM Professional,Referral Program,Social Media,Ahmad Saleh,2025-08-01,2025-12-31,152.0,42.0,6,8,4,12.6,,0.0,False
CUST14022,Zarqa,Consumer,Technology,Facebook,Qualified,False,Active,CRM Basic,No Campaign,Website,Dana Nasser,2023-03-03,2023-07-22,141.0,71.0,4,6,6,5.3,5.6,0.0,False
CUST14023,Amman,Small Business,Technology,LinkedIn,Won,True,Prospect,CRM Professional,Year-End Campaign,Website,Ahmad Saleh,2023-11-02,2024-04-06,156.0,100.0,8,6,4,2.6,6.3,1408.22,True
CUST14024,Madaba,Consumer,Construction,Referral,New Lead,False,Active,CRM Professional,No Campaign,Website,Dana Nasser,2024-10-06,2025-08-01,299.0,18.0,5,10,4,12.2,5.8,0.0,False
CUST14025,Zarqa,Enterprise,Retail,Facebook,Negotiation,False,Active,Analytics Add-on,Summer Campaign,Meeting,Lina Haddad,2025-08-08,2025-12-31,145.0,95.0,5,11,5,29.3,7.0,1357.3,True
CUST14026,Salt,Enterprise,Hospitality,Google Ads,New Lead,False,Active,CRM Professional,Q1 Acquisition,Meeting,Yara Odeh,2023-01-21,2023-04-30,99.0,32.0,2,7,1,5.2,5.3,0.0,False
CUST14027,Madaba,Consumer,Manufacturing,Website,New Lead,False,Active,CRM Basic,Year-End Campaign,Social Media,Yara Odeh,2023-02-10,2023-03-29,47.0,68.0,2,5,5,6.0,7.6,0.0,False
CUST14028,Unknown,Corporate,Retail,Instagram,Qualified,False,Prospect,CRM Basic,Referral Program,Meeting,Omar Mansour,2025-05-24,2025-12-31,221.0,31.0,2,13,7,4.2,,0.0,False
CUST14029,Aqaba,Consumer,Retail,Cold Call,New Lead,False,Active,CRM Enterprise,Q1 Acquisition,Website,Ahmad Saleh,2025-11-22,,,38.0,3,10,0,16.8,6.8,0.0,False
CUST14030,Aqaba,Small Business,Education,Website,Won,True,Prospect,CRM Professional,Referral Program,Meeting,Ahmad Saleh,2025-04-10,2025-06-11,62.0,39.0,2,8,5,5.6,9.3,1829.67,True
CUST14031,Salt,Corporate,Finance,Facebook,Won,True,Active,CRM Basic,Year-End Campaign,Meeting,Omar Mansour,2024-11-18,2025-03-07,109.0,67.0,3,7,6,8.5,8.4,806.84,True
CUST14032,Irbid,Consumer,Healthcare,Instagram,Negotiation,False,Active,CRM Enterprise,Q1 Acquisition,WhatsApp,Omar Mansour,2024-03-12,2024-08-26,167.0,63.0,8,8,3,5.4,6.1,301.53,True
CUST14033,Karak,Consumer,Education,Facebook,Contacted,False,Active,CRM Basic,Back-to-School,Website,Yara Odeh,2023-03-03,2023-04-09,37.0,59.0,3,11,7,9.2,,0.0,False
CUST14034,Salt,Consumer,Hospitality,Facebook,Proposal,False,Inactive,CRM Professional,Q1 Acquisition,Meeting,Yara Odeh,2025-07-24,2025-11-20,119.0,36.0,6,9,3,8.0,8.9,110.78,True
CUST14035,Salt,Consumer,Construction,Email Campaign,Contacted,False,Active,CRM Professional,Summer Campaign,Social Media,Yara Odeh,2024-04-07,2024-07-02,86.0,83.0,0,5,3,4.9,6.2,0.0,False
CUST14036,Salt,Small Business,Finance,Cold Call,Contacted,False,Inactive,Marketing Add-on,Referral Program,Meeting,Samer Khalil,2025-08-07,2025-09-28,52.0,87.0,1,6,5,8.0,7.5,0.0,False
CUST14037,Madaba,Consumer,Healthcare,Email Campaign,Qualified,False,Inactive,CRM Basic,Q1 Acquisition,Meeting,Samer Khalil,2024-03-21,2024-06-20,91.0,63.0,4,5,2,16.2,6.0,0.0,False
CUST14038,Zarqa,Consumer,Retail,Email Campaign,Negotiation,False,Active,CRM Professional,Back-to-School,Website,Samer Khalil,2023-04-15,2024-01-29,289.0,47.0,2,4,3,29.6,10.0,106.29,True
CUST14039,Salt,Consumer,Construction,Trade Show,New Lead,False,Active,Marketing Add-on,Year-End Campaign,Meeting,Omar Mansour,2025-05-22,2025-12-31,223.0,12.0,3,5,6,12.6,,0.0,False
CUST14040,Jerash,Corporate,Healthcare,Google Ads,Contacted,False,Active,CRM Professional,No Campaign,WhatsApp,Samer Khalil,2024-10-18,2025-08-12,298.0,52.0,7,8,5,13.0,7.9,0.0,False
CUST14041,Karak,Consumer,Technology,Unknown,Lost,False,Prospect,CRM Enterprise,Referral Program,WhatsApp,Ahmad Saleh,2024-10-13,2025-05-05,204.0,29.0,7,7,6,11.9,7.2,0.0,False
CUST14042,Karak,Corporate,Hospitality,Email Campaign,Qualified,False,Active,CRM Professional,Q1 Acquisition,Meeting,Omar Mansour,2024-06-13,2025-02-06,238.0,86.0,4,12,4,32.8,8.5,0.0,False
CUST14043,Karak,Small Business,Construction,Referral,Lost,False,Active,CRM Basic,No Campaign,Website,Ahmad Saleh,2024-01-13,2024-06-16,155.0,38.0,1,3,4,6.9,5.3,0.0,False
CUST14044,Madaba,Corporate,Technology,Trade Show,Lost,False,Active,CRM Enterprise,Back-to-School,Email,Omar Mansour,2024-11-21,2025-07-19,240.0,54.0,9,5,3,24.3,9.4,0.0,False
CUST14045,Amman,Corporate,Manufacturing,Facebook,Proposal,False,Inactive,Marketing Add-on,Summer Campaign,Email,Lina Haddad,2024-10-20,2025-03-05,136.0,66.0,4,5,4,12.1,8.3,165.48,True
CUST14046,Jerash,Consumer,Construction,Cold Call,Contacted,False,Inactive,CRM Professional,Q1 Acquisition,Phone,Ahmad Saleh,2025-05-04,2025-12-31,241.0,39.0,6,4,4,7.5,8.5,0.0,False
CUST14047,Zarqa,Consumer,Construction,Email Campaign,Won,True,Prospect,CRM Enterprise,No Campaign,WhatsApp,Omar Mansour,2025-04-23,2025-06-26,64.0,65.0,2,10,3,10.5,7.4,911.46,True
CUST14048,Jerash,Small Business,Finance,Cold Call,New Lead,False,Prospect,CRM Enterprise,Year-End Campaign,Email,Dana Nasser,2023-09-21,2024-01-22,123.0,17.0,6,7,7,1.4,5.4,0.0,False
CUST14049,Irbid,Enterprise,Education,LinkedIn,Contacted,False,Active,CRM Professional,No Campaign,Phone,Omar Mansour,2024-12-19,2025-08-30,254.0,42.0,2,6,4,18.5,10.0,0.0,False
CUST14050,Irbid,Small Business,Hospitality,Trade Show,Won,True,Active,CRM Enterprise,Spring Campaign,Email,Lina Haddad,2025-08-05,2025-11-27,114.0,81.0,5,10,5,8.2,5.5,1431.95,True
CUST14051,Jerash,Consumer,Retail,Cold Call,Qualified,False,Inactive,CRM Basic,Back-to-School,Website,Omar Mansour,2023-01-03,2023-01-23,20.0,65.0,4,7,2,31.0,9.9,0.0,False
CUST14052,Madaba,Consumer,Hospitality,Facebook,Contacted,False,Prospect,CRM Professional,Q1 Acquisition,Meeting,Lina Haddad,2024-07-14,2024-07-30,16.0,51.0,1,6,7,12.3,,0.0,False
CUST14053,Amman,Enterprise,Finance,LinkedIn,Proposal,False,Active,CRM Professional,Back-to-School,WhatsApp,Samer Khalil,2023-03-19,2023-08-11,145.0,63.0,6,9,2,14.1,9.3,692.95,True
CUST14054,Jerash,Consumer,Construction,Referral,Negotiation,False,Active,Analytics Add-on,No Campaign,Email,Ahmad Saleh,2025-08-31,2025-12-31,122.0,35.0,8,10,3,3.7,6.5,42.32,True
CUST14055,Amman,Consumer,Retail,Facebook,New Lead,False,Prospect,CRM Professional,Q1 Acquisition,Website,Lina Haddad,2024-07-02,2024-07-21,19.0,63.0,3,4,3,31.5,6.1,0.0,False
CUST14056,Karak,Consumer,Technology,Google Ads,Contacted,False,Active,CRM Enterprise,Spring Campaign,Phone,Dana Nasser,2024-03-06,,,19.0,8,13,4,6.2,7.5,0.0,False
CUST14057,Irbid,Enterprise,Hospitality,Website,Contacted,False,Active,CRM Basic,Year-End Campaign,Website,Ahmad Saleh,2025-10-21,2025-11-28,38.0,60.0,2,3,4,4.2,9.9,0.0,False
CUST14058,Karak,Consumer,Education,Instagram,Qualified,False,Prospect,CRM Basic,Q1 Acquisition,Phone,Omar Mansour,2023-11-20,2024-05-19,181.0,85.0,4,4,5,9.4,9.8,0.0,False
CUST14059,Jerash,Consumer,Education,Website,Won,True,Prospect,CRM Enterprise,Back-to-School,Email,Omar Mansour,2024-11-26,2025-11-10,349.0,100.0,7,12,4,6.8,7.5,855.65,True
CUST14060,Irbid,Small Business,Technology,Referral,Negotiation,False,Active,Analytics Add-on,Summer Campaign,Meeting,Lina Haddad,2023-06-13,2023-09-26,105.0,89.0,4,5,1,17.8,7.6,147.63,True
CUST14061,Aqaba,Consumer,Healthcare,Google Ads,Negotiation,False,Active,CRM Professional,No Campaign,Social Media,Dana Nasser,2023-08-12,2023-11-20,100.0,74.0,5,9,2,16.1,9.3,95.23,True
CUST14062,Madaba,Corporate,Education,Cold Call,New Lead,False,Active,CRM Professional,Q1 Acquisition,Meeting,Lina Haddad,2023-12-11,2024-03-10,90.0,22.0,11,12,3,9.4,8.1,0.0,False
CUST14063,Jerash,Small Business,Healthcare,Trade Show,New Lead,False,Prospect,Marketing Add-on,No Campaign,Website,Dana Nasser,2023-06-07,2024-04-02,300.0,12.0,8,9,6,22.5,5.9,0.0,False
CUST14064,Irbid,Consumer,Retail,Facebook,Contacted,False,Prospect,CRM Basic,Referral Program,Social Media,Yara Odeh,2023-02-04,2023-03-06,30.0,51.0,4,5,1,2.8,9.2,0.0,False
CUST14065,Karak,Corporate,Education,Google Ads,Contacted,False,Inactive,CRM Enterprise,Summer Campaign,WhatsApp,Lina Haddad,2024-12-09,2025-02-26,79.0,36.0,3,5,1,19.0,7.4,0.0,False
CUST14066,Madaba,Enterprise,Manufacturing,Unknown,New Lead,False,Active,CRM Enterprise,Spring Campaign,Social Media,Samer Khalil,2025-03-25,2025-06-06,73.0,30.0,3,9,4,31.4,8.0,0.0,False
CUST14067,Amman,Consumer,Construction,Email Campaign,Qualified,False,Active,CRM Enterprise,No Campaign,Meeting,Samer Khalil,2025-09-05,2025-12-31,117.0,74.0,5,4,6,10.8,8.2,0.0,False
CUST14068,Madaba,Consumer,Technology,Instagram,New Lead,False,Inactive,Marketing Add-on,Year-End Campaign,WhatsApp,Samer Khalil,2024-02-02,2024-05-08,96.0,36.0,5,6,4,3.9,7.8,0.0,False
CUST14069,Karak,Corporate,Construction,Facebook,Negotiation,False,Active,CRM Enterprise,Summer Campaign,Email,Lina Haddad,2023-11-01,2024-10-11,345.0,58.0,6,8,4,9.5,7.6,3054.97,True
CUST14070,Irbid,Consumer,Construction,Google Ads,Won,True,Inactive,CRM Professional,Q1 Acquisition,Email,Ahmad Saleh,2025-11-16,2025-12-31,45.0,100.0,4,15,1,16.1,5.4,271.23,True
CUST14071,Salt,Enterprise,Hospitality,Email Campaign,Proposal,False,Active,CRM Professional,Spring Campaign,Website,Omar Mansour,2024-03-16,2024-10-26,224.0,60.0,2,4,3,,8.5,1081.79,True
CUST14072,Irbid,Enterprise,Healthcare,LinkedIn,New Lead,False,Active,CRM Professional,Year-End Campaign,Social Media,Ahmad Saleh,2024-09-02,2024-09-08,6.0,56.0,4,4,5,9.7,4.3,0.0,False
CUST14073,Salt,Consumer,Manufacturing,Referral,Won,True,Prospect,CRM Basic,Back-to-School,WhatsApp,Omar Mansour,2025-02-17,2025-06-19,122.0,94.0,4,7,2,16.1,7.5,111.07,True
CUST14074,Aqaba,Enterprise,Retail,Referral,Lost,False,Active,Marketing Add-on,Referral Program,WhatsApp,Dana Nasser,2023-02-13,2023-10-07,236.0,37.0,2,9,1,10.1,8.0,0.0,False
CUST14075,Irbid,Consumer,Retail,Trade Show,Contacted,False,Inactive,CRM Basic,No Campaign,Social Media,Samer Khalil,2024-01-25,2024-05-20,116.0,36.0,5,7,0,5.6,10.0,0.0,False
CUST14076,Amman,Small Business,Education,Trade Show,Negotiation,False,Active,CRM Enterprise,Summer Campaign,Meeting,Samer Khalil,2024-12-04,2025-05-16,163.0,40.0,4,10,7,10.6,6.0,675.1,True
CUST14077,Karak,Consumer,Education,Google Ads,Won,True,Inactive,CRM Enterprise,Q1 Acquisition,Email,Omar Mansour,2023-03-02,2023-10-14,226.0,85.0,3,8,6,7.1,7.7,515.06,True
CUST14078,Salt,Corporate,Manufacturing,Google Ads,Proposal,False,Inactive,Analytics Add-on,Referral Program,Meeting,Samer Khalil,2024-03-12,2024-10-28,230.0,68.0,7,7,8,11.5,8.5,220.03,True
CUST14079,Irbid,Small Business,Finance,Facebook,Contacted,False,Active,CRM Professional,Year-End Campaign,Email,Ahmad Saleh,2025-08-01,2025-12-31,152.0,26.0,5,9,3,4.3,8.1,0.0,False
CUST14080,Amman,Small Business,Finance,Instagram,Qualified,False,Active,CRM Enterprise,No Campaign,WhatsApp,Lina Haddad,2023-11-11,2024-07-17,249.0,85.0,3,14,2,19.4,5.0,0.0,False
CUST14081,Karak,Enterprise,Education,Google Ads,Qualified,False,Active,CRM Professional,Referral Program,Website,Samer Khalil,2025-04-16,2025-12-31,259.0,72.0,6,7,6,15.3,7.3,0.0,False
CUST14082,Aqaba,Small Business,Finance,Referral,Qualified,False,Active,CRM Enterprise,Summer Campaign,Email,Yara Odeh,2023-04-23,2023-05-23,30.0,60.0,4,7,4,10.5,5.7,0.0,False
CUST14083,Aqaba,Consumer,Technology,Cold Call,Lost,False,Inactive,CRM Professional,Back-to-School,Phone,Samer Khalil,2025-02-07,2025-07-01,144.0,38.0,8,6,6,5.6,10.0,0.0,False
CUST14084,Salt,Corporate,Manufacturing,Google Ads,Negotiation,False,Active,Marketing Add-on,Spring Campaign,WhatsApp,Yara Odeh,2025-02-11,2025-12-31,323.0,69.0,4,8,2,11.9,7.8,563.4,True
CUST14085,Madaba,Corporate,Technology,Email Campaign,Contacted,False,Active,CRM Basic,Back-to-School,Social Media,Dana Nasser,2023-02-08,2023-05-15,96.0,26.0,5,6,5,20.6,6.5,0.0,False
CUST14086,Madaba,Enterprise,Finance,Referral,Proposal,False,Active,CRM Professional,Referral Program,Social Media,Lina Haddad,2023-01-01,2023-12-13,346.0,55.0,3,6,1,12.0,6.4,660.81,True
CUST14087,Amman,Enterprise,Education,Google Ads,Negotiation,False,Active,CRM Professional,Year-End Campaign,Meeting,Omar Mansour,2024-05-27,2025-01-26,244.0,87.0,5,7,6,1.6,7.9,1416.4,True
CUST14088,Irbid,Consumer,Construction,Website,New Lead,False,Inactive,Analytics Add-on,Summer Campaign,Meeting,Lina Haddad,2025-07-04,2025-09-28,86.0,37.0,3,6,1,18.0,7.6,0.0,False
CUST14089,Karak,Consumer,Construction,Website,Qualified,False,Active,CRM Enterprise,No Campaign,WhatsApp,Lina Haddad,2023-08-06,2024-02-06,184.0,100.0,7,6,2,5.1,7.8,0.0,False
CUST14090,Karak,Consumer,Technology,Website,Won,True,Active,CRM Basic,Q1 Acquisition,Meeting,Omar Mansour,2023-08-04,2023-12-03,121.0,68.0,3,4,2,6.0,10.0,120.32,True
CUST14091,Amman,Small Business,Retail,Instagram,Proposal,False,Prospect,CRM Basic,Q1 Acquisition,Meeting,Lina Haddad,2024-10-11,2025-09-08,332.0,65.0,3,7,4,1.7,8.7,59.36,True
CUST14092,Irbid,Consumer,Hospitality,Email Campaign,Contacted,False,Active,CRM Professional,Summer Campaign,WhatsApp,Dana Nasser,2024-01-02,,,60.0,7,4,5,20.6,9.2,0.0,False
CUST14093,Salt,Corporate,Construction,Email Campaign,New Lead,False,Inactive,CRM Professional,Referral Program,Email,Yara Odeh,2025-03-10,2025-05-19,70.0,52.0,2,14,4,7.7,6.9,0.0,False
CUST14094,Aqaba,Consumer,Construction,Referral,Qualified,False,Active,CRM Professional,Referral Program,WhatsApp,Ahmad Saleh,2024-05-16,2024-09-26,133.0,55.0,4,4,7,11.2,5.6,0.0,False
CUST14095,Salt,Consumer,Education,Cold Call,Proposal,False,Active,CRM Professional,Summer Campaign,WhatsApp,Lina Haddad,2024-08-02,2025-05-08,279.0,53.0,6,10,6,,7.9,45.47,True
CUST14096,Madaba,Consumer,Manufacturing,Referral,Contacted,False,Active,CRM Enterprise,Referral Program,Meeting,Ahmad Saleh,2024-01-20,2024-06-05,137.0,44.0,6,11,6,16.9,8.0,0.0,False
CUST14097,Madaba,Consumer,Healthcare,Facebook,Proposal,False,Active,CRM Professional,Q1 Acquisition,Phone,Dana Nasser,2023-03-15,2024-01-23,314.0,76.0,3,8,2,1.4,10.0,48.57,True
CUST14098,Aqaba,Small Business,Healthcare,LinkedIn,New Lead,False,Prospect,Marketing Add-on,Summer Campaign,Social Media,Dana Nasser,2025-10-23,2025-12-31,69.0,35.0,2,8,3,14.7,10.0,0.0,False
CUST14099,Irbid,Consumer,Education,Website,New Lead,False,Active,CRM Basic,Unknown,Meeting,Lina Haddad,2024-06-10,2025-01-17,221.0,89.0,4,9,5,13.7,8.4,0.0,False
CUST14100,Irbid,Consumer,Finance,Cold Call,Proposal,False,Active,CRM Enterprise,Spring Campaign,Email,Samer Khalil,2023-06-29,2023-08-14,46.0,61.0,6,11,6,13.3,7.9,125.58,True
CUST14101,Salt,Consumer,Construction,LinkedIn,New Lead,False,Active,CRM Enterprise,Spring Campaign,Website,Lina Haddad,2023-10-03,2024-07-07,278.0,45.0,1,5,5,6.1,6.0,0.0,False
CUST14102,Amman,Corporate,Construction,LinkedIn,Won,True,Active,CRM Professional,Q1 Acquisition,Email,Ahmad Saleh,2024-10-06,2025-04-16,192.0,81.0,0,9,3,9.7,,2097.2,True
CUST14103,Madaba,Corporate,Technology,LinkedIn,New Lead,False,Inactive,CRM Professional,Summer Campaign,Social Media,Dana Nasser,2023-12-04,2023-12-12,8.0,36.0,4,8,4,22.6,6.0,0.0,False
CUST14104,Zarqa,Consumer,Technology,Instagram,Negotiation,False,Active,CRM Professional,No Campaign,Website,Ahmad Saleh,2025-02-16,2025-11-19,276.0,91.0,3,4,1,19.6,9.4,138.05,True
CUST14105,Karak,Corporate,Education,Google Ads,Qualified,False,Prospect,CRM Basic,No Campaign,WhatsApp,Ahmad Saleh,2024-04-26,2024-10-22,179.0,40.0,8,7,1,2.5,10.0,0.0,False
CUST14106,Amman,Consumer,Retail,LinkedIn,Qualified,False,Prospect,CRM Professional,No Campaign,Phone,Omar Mansour,2023-08-21,2024-07-20,334.0,100.0,7,10,4,11.8,8.2,0.0,False
CUST14107,Jerash,Consumer,Manufacturing,Google Ads,Won,True,Active,CRM Professional,Q1 Acquisition,Phone,Dana Nasser,2024-03-26,2024-05-04,39.0,66.0,5,5,9,4.7,8.3,178.24,True
CUST14108,Zarqa,Small Business,Finance,Trade Show,Qualified,False,Inactive,CRM Basic,No Campaign,Social Media,Dana Nasser,2025-03-25,,,70.0,3,8,4,2.5,6.3,0.0,False
CUST14109,Madaba,Consumer,Construction,Website,Negotiation,False,Active,CRM Professional,Back-to-School,Meeting,Ahmad Saleh,2025-02-28,2025-08-25,178.0,77.0,6,7,4,25.3,7.3,77.72,True
CUST14110,Amman,Corporate,Retail,LinkedIn,Qualified,False,Active,CRM Professional,No Campaign,Social Media,Yara Odeh,2025-12-13,2025-12-31,18.0,60.0,5,12,3,14.1,4.9,0.0,False
CUST14111,Karak,Consumer,Education,Email Campaign,Proposal,False,Active,CRM Basic,No Campaign,Phone,Dana Nasser,2025-11-11,,,93.0,8,10,5,2.0,7.2,16.74,True
CUST14112,Karak,Enterprise,Education,Google Ads,Won,True,Active,CRM Basic,Back-to-School,Website,Yara Odeh,2024-09-28,2025-01-10,104.0,100.0,4,5,4,4.0,9.8,2782.73,True
CUST14113,Irbid,Consumer,Construction,Email Campaign,Proposal,False,Prospect,CRM Enterprise,Q1 Acquisition,Website,Yara Odeh,2023-10-02,2024-03-11,161.0,51.0,4,7,1,10.9,7.1,92.64,True
CUST14114,Salt,Small Business,Retail,Email Campaign,Proposal,False,Active,CRM Enterprise,Year-End Campaign,Meeting,Lina Haddad,2023-05-20,2024-03-02,287.0,52.0,2,7,6,6.0,6.6,408.15,True
CUST14115,Salt,Enterprise,Healthcare,LinkedIn,Won,True,Inactive,Marketing Add-on,Summer Campaign,Email,Omar Mansour,2023-08-01,2023-12-02,123.0,91.0,7,8,5,10.5,8.9,2499.33,True
CUST14116,Madaba,Consumer,Education,Trade Show,Lost,False,Active,CRM Basic,Spring Campaign,WhatsApp,Lina Haddad,2025-12-01,2025-12-31,30.0,44.0,4,10,1,8.8,7.7,0.0,False
CUST14117,Irbid,Small Business,Manufacturing,Cold Call,Qualified,False,Inactive,CRM Basic,Spring Campaign,Meeting,Samer Khalil,2023-01-18,2023-02-21,34.0,50.0,6,8,4,6.6,6.3,0.0,False
CUST14118,Salt,Consumer,Hospitality,Email Campaign,Proposal,False,Active,CRM Basic,Year-End Campaign,Website,Samer Khalil,2025-03-11,2025-11-08,242.0,61.0,7,8,1,10.7,6.2,30.27,True
CUST14119,Salt,Small Business,Finance,Website,New Lead,False,Inactive,CRM Professional,Q1 Acquisition,WhatsApp,Yara Odeh,2023-03-28,2023-07-19,113.0,30.0,0,10,8,9.9,7.4,0.0,False
CUST14120,Zarqa,Consumer,Retail,Facebook,Qualified,False,Active,CRM Enterprise,No Campaign,Social Media,Ahmad Saleh,2023-07-31,2024-06-13,318.0,38.0,9,9,4,8.9,8.3,0.0,False
CUST14121,Salt,Consumer,Healthcare,Email Campaign,Qualified,False,Prospect,CRM Professional,Spring Campaign,Website,Yara Odeh,2024-09-12,2024-10-05,23.0,65.0,1,6,6,15.2,8.5,0.0,False
CUST14122,Salt,Small Business,Retail,Website,Won,True,Prospect,Analytics Add-on,Back-to-School,Website,Samer Khalil,2025-06-23,2025-08-08,46.0,81.0,5,8,1,9.0,6.2,590.26,True
CUST14123,Zarqa,Consumer,Healthcare,Referral,Qualified,False,Inactive,CRM Enterprise,Q1 Acquisition,Website,Lina Haddad,2024-07-11,2025-05-19,312.0,51.0,6,12,3,2.6,8.9,0.0,False
CUST14124,Karak,Small Business,Healthcare,Website,Negotiation,False,Active,Marketing Add-on,Unknown,Email,Samer Khalil,2023-08-25,2024-01-07,135.0,35.0,6,9,5,,4.8,176.41,True
CUST14125,Aqaba,Consumer,Manufacturing,Instagram,New Lead,False,Active,CRM Basic,Referral Program,Meeting,Ahmad Saleh,2023-10-10,2024-02-05,118.0,33.0,7,9,4,5.9,6.0,0.0,False
CUST14126,Karak,Consumer,Finance,Cold Call,Qualified,False,Prospect,CRM Basic,Spring Campaign,Social Media,Dana Nasser,2025-03-04,2025-09-09,189.0,99.0,4,9,3,9.6,8.8,0.0,False
CUST14127,Amman,Small Business,Education,Referral,Won,True,Active,CRM Basic,Unknown,Phone,Omar Mansour,2024-02-13,2024-06-23,131.0,73.0,2,5,3,10.6,8.6,456.03,True
CUST14128,Karak,Small Business,Healthcare,Website,Contacted,False,Active,CRM Basic,Q1 Acquisition,Email,Ahmad Saleh,2024-10-20,2025-05-20,212.0,44.0,3,13,2,10.9,7.2,0.0,False
CUST14129,Jerash,Consumer,Education,Website,New Lead,False,Active,Marketing Add-on,Referral Program,Email,Ahmad Saleh,2023-07-10,2023-10-31,113.0,30.0,6,6,4,11.1,4.8,0.0,False
CUST14130,Irbid,Consumer,Finance,Google Ads,Qualified,False,Active,CRM Professional,Back-to-School,Website,Ahmad Saleh,2025-12-20,2025-12-31,11.0,72.0,7,12,3,5.4,8.2,0.0,False
CUST14131,Salt,Consumer,Education,Trade Show,Negotiation,False,Active,CRM Professional,Q1 Acquisition,Email,Lina Haddad,2025-10-24,2025-12-31,68.0,94.0,8,3,1,12.3,8.4,129.88,True
CUST14132,Aqaba,Consumer,Construction,Cold Call,Qualified,False,Active,CRM Professional,Year-End Campaign,Meeting,Dana Nasser,2024-07-04,2025-07-03,364.0,47.0,3,13,5,6.4,7.9,0.0,False
CUST14133,Aqaba,Consumer,Manufacturing,Instagram,Qualified,False,Active,CRM Basic,Spring Campaign,Meeting,Ahmad Saleh,2025-08-03,2025-12-31,150.0,,2,6,6,2.9,9.4,0.0,False
CUST14134,Aqaba,Consumer,Manufacturing,Email Campaign,Negotiation,False,Active,CRM Basic,Year-End Campaign,Meeting,Dana Nasser,2025-05-24,,,66.0,3,10,6,17.1,7.1,63.22,True
CUST14135,Irbid,Small Business,Technology,Instagram,Contacted,False,Active,CRM Professional,Referral Program,Phone,Yara Odeh,2025-11-23,2025-12-31,38.0,40.0,5,8,4,18.0,8.5,0.0,False
CUST14136,Jerash,Small Business,Manufacturing,LinkedIn,Negotiation,False,Active,CRM Enterprise,Unknown,Email,Ahmad Saleh,2025-07-25,2025-12-31,159.0,69.0,4,5,5,24.3,6.1,714.01,True
CUST14137,Madaba,Consumer,Healthcare,LinkedIn,New Lead,False,Inactive,Marketing Add-on,No Campaign,Meeting,Lina Haddad,2025-01-01,2025-12-07,340.0,64.0,5,4,4,2.7,7.9,0.0,False
CUST14138,Madaba,Consumer,Finance,Instagram,Qualified,False,Active,CRM Professional,Year-End Campaign,Email,Ahmad Saleh,2023-06-20,2023-08-04,45.0,40.0,7,9,6,6.7,10.0,0.0,False
CUST14139,Madaba,Consumer,Manufacturing,Email Campaign,Proposal,False,Inactive,CRM Professional,Back-to-School,Website,Yara Odeh,2024-07-09,2024-10-25,108.0,75.0,1,6,7,12.0,4.7,57.7,True
CUST14140,Karak,Small Business,Retail,Referral,Won,True,Active,CRM Basic,No Campaign,Social Media,Samer Khalil,2024-10-14,2025-05-21,219.0,89.0,5,9,2,14.8,8.0,246.08,True
CUST14141,Zarqa,Enterprise,Finance,Trade Show,Won,True,Active,Analytics Add-on,No Campaign,Meeting,Lina Haddad,2025-01-31,2025-12-15,318.0,90.0,4,8,3,4.3,4.7,4340.89,True
CUST14142,Amman,Small Business,Healthcare,Trade Show,Negotiation,False,Active,CRM Basic,Referral Program,Phone,Ahmad Saleh,2025-06-11,2025-12-31,203.0,87.0,3,10,4,2.7,8.5,74.18,True
CUST14143,Aqaba,Corporate,Finance,Instagram,Qualified,False,Active,Marketing Add-on,No Campaign,Website,Ahmad Saleh,2024-01-23,2024-07-18,177.0,22.0,5,5,3,8.1,6.8,0.0,False
CUST14144,Jerash,Corporate,Manufacturing,Trade Show,New Lead,False,Prospect,CRM Professional,No Campaign,Email,Ahmad Saleh,2024-08-05,2025-03-21,228.0,52.0,5,12,3,7.4,5.5,0.0,False
CUST14145,Madaba,Consumer,Retail,Instagram,Contacted,False,Active,CRM Basic,Spring Campaign,Meeting,Samer Khalil,2025-01-31,2025-08-10,191.0,50.0,7,3,6,3.4,8.5,0.0,False
CUST14146,Karak,Consumer,Technology,LinkedIn,Won,True,Inactive,CRM Professional,Spring Campaign,Phone,Samer Khalil,2023-12-22,2024-05-30,160.0,66.0,8,10,4,25.7,8.8,368.23,True
CUST14147,Karak,Small Business,Healthcare,Website,Won,True,Prospect,Marketing Add-on,Unknown,WhatsApp,Ahmad Saleh,2023-09-03,2024-05-27,267.0,100.0,6,4,4,4.9,5.9,578.99,True
CUST14148,Aqaba,Consumer,Unknown,Referral,Lost,False,Active,CRM Professional,No Campaign,Meeting,Samer Khalil,2024-03-23,2025-03-16,358.0,63.0,2,3,2,8.1,8.9,0.0,False
CUST14149,Zarqa,Small Business,Construction,Trade Show,New Lead,False,Active,CRM Basic,Q1 Acquisition,Meeting,Ahmad Saleh,2024-03-11,2025-01-31,326.0,24.0,4,11,3,16.1,5.3,0.0,False
CUST14150,Aqaba,Corporate,Healthcare,Facebook,Proposal,False,Active,CRM Basic,Referral Program,Email,Samer Khalil,2024-11-19,2025-05-28,190.0,57.0,8,12,6,14.3,8.6,86.29,True
CUST14151,Zarqa,Corporate,Finance,LinkedIn,Proposal,False,Prospect,CRM Enterprise,No Campaign,Social Media,Dana Nasser,2025-11-09,2025-12-31,52.0,89.0,4,12,10,19.5,9.2,600.56,True
CUST14152,Zarqa,Consumer,Hospitality,Facebook,Negotiation,False,Inactive,CRM Basic,No Campaign,Email,Yara Odeh,2024-03-17,2025-01-01,290.0,72.0,5,4,7,16.7,6.3,43.11,True
CUST14153,Madaba,Small Business,Hospitality,Google Ads,Proposal,False,Inactive,Analytics Add-on,Year-End Campaign,Social Media,Ahmad Saleh,2025-02-26,2025-12-31,308.0,41.0,4,9,3,2.3,8.1,121.63,True
CUST14154,Aqaba,Small Business,Education,Trade Show,Won,True,Active,Marketing Add-on,Summer Campaign,WhatsApp,Yara Odeh,2023-07-02,2023-11-24,145.0,100.0,4,7,1,14.6,6.8,358.55,True
CUST14155,Irbid,Corporate,Hospitality,Instagram,Qualified,False,Prospect,Marketing Add-on,Spring Campaign,Website,Ahmad Saleh,2024-07-16,2025-03-05,232.0,55.0,4,2,4,6.0,9.9,0.0,False
CUST14156,Zarqa,Corporate,Education,Trade Show,Contacted,False,Inactive,CRM Basic,No Campaign,Website,Omar Mansour,2025-01-15,2025-12-31,350.0,51.0,6,7,3,3.3,5.4,0.0,False
CUST14157,Salt,Enterprise,Unknown,Email Campaign,Contacted,False,Active,CRM Professional,No Campaign,Meeting,Omar Mansour,2023-05-18,2023-12-08,204.0,59.0,6,8,4,19.3,7.1,0.0,False
CUST14158,Amman,Consumer,Hospitality,Unknown,New Lead,False,Active,CRM Basic,Referral Program,Website,Lina Haddad,2024-04-27,2024-11-26,213.0,23.0,5,6,2,1.2,5.6,0.0,False
CUST14159,Jerash,Consumer,Retail,Cold Call,Qualified,False,Active,CRM Professional,No Campaign,Phone,Dana Nasser,2023-08-11,2023-09-20,40.0,86.0,6,7,8,5.5,8.2,0.0,False
CUST14160,Jerash,Consumer,Technology,Referral,New Lead,False,Active,Analytics Add-on,Q1 Acquisition,Social Media,Dana Nasser,2025-01-02,2025-10-04,275.0,21.0,7,16,3,4.4,9.3,0.0,False
CUST14161,Amman,Consumer,Technology,Email Campaign,Contacted,False,Prospect,CRM Professional,Unknown,Email,Lina Haddad,2023-12-19,2024-11-06,323.0,55.0,6,9,2,7.7,6.4,0.0,False
CUST14162,Karak,Enterprise,Hospitality,Website,Proposal,False,Active,Analytics Add-on,Spring Campaign,Phone,Omar Mansour,2023-01-07,2023-03-30,82.0,56.0,6,6,7,6.5,8.3,488.92,True
CUST14163,Madaba,Enterprise,Finance,Instagram,Won,True,Active,Analytics Add-on,Referral Program,Phone,Lina Haddad,2024-05-23,2024-11-20,181.0,100.0,2,8,7,12.3,8.4,5184.7,True
CUST14164,Zarqa,Consumer,Finance,Trade Show,Won,True,Active,CRM Basic,Q1 Acquisition,Email,Omar Mansour,2023-12-01,2024-10-16,320.0,91.0,7,11,3,18.2,8.9,188.4,True
CUST14165,Jerash,Consumer,Education,Referral,Contacted,False,Active,CRM Enterprise,Spring Campaign,WhatsApp,Ahmad Saleh,2025-06-10,2025-09-01,83.0,46.0,7,8,4,21.9,4.0,0.0,False
CUST14166,Zarqa,Consumer,Manufacturing,Referral,New Lead,False,Active,CRM Basic,No Campaign,Website,Yara Odeh,2023-02-12,2023-12-12,303.0,9.0,4,10,4,11.3,,0.0,False
CUST14167,Irbid,Corporate,Technology,Google Ads,Contacted,False,Prospect,CRM Professional,Referral Program,WhatsApp,Lina Haddad,2025-10-23,2025-12-31,69.0,58.0,6,6,5,2.5,7.9,0.0,False
CUST14168,Madaba,Consumer,Manufacturing,Facebook,Lost,False,Active,CRM Basic,No Campaign,WhatsApp,Samer Khalil,2024-01-20,2024-10-18,272.0,48.0,5,12,5,11.6,8.7,0.0,False
CUST14169,Jerash,Consumer,Technology,Cold Call,Proposal,False,Active,Marketing Add-on,Year-End Campaign,Website,Yara Odeh,2025-05-03,2025-11-19,200.0,36.0,5,4,5,10.8,7.3,16.12,True
CUST14170,Karak,Consumer,Manufacturing,Trade Show,Contacted,False,Active,CRM Professional,Summer Campaign,WhatsApp,Omar Mansour,2023-03-21,2023-11-16,240.0,54.0,5,12,4,1.3,8.3,0.0,False
CUST14171,Aqaba,Consumer,Manufacturing,Cold Call,Won,True,Active,CRM Enterprise,Back-to-School,Phone,Ahmad Saleh,2024-03-18,2024-09-14,180.0,93.0,4,7,5,10.8,7.4,673.05,True
CUST14172,Jerash,Enterprise,Technology,Referral,Qualified,False,Active,CRM Enterprise,No Campaign,Meeting,Samer Khalil,2024-04-30,2024-10-18,171.0,61.0,4,4,2,6.2,7.8,0.0,False
CUST14173,Irbid,Consumer,Construction,Email Campaign,Won,True,Active,Analytics Add-on,Year-End Campaign,Email,Samer Khalil,2023-02-23,2023-12-15,295.0,70.0,7,6,4,9.0,8.2,262.58,True
CUST14174,Madaba,Consumer,Unknown,LinkedIn,Contacted,False,Active,CRM Enterprise,No Campaign,Meeting,Dana Nasser,2024-09-27,2025-03-23,177.0,77.0,4,9,4,33.5,8.7,0.0,False
CUST14175,Irbid,Consumer,Retail,Cold Call,Qualified,False,Active,CRM Professional,Q1 Acquisition,Phone,Omar Mansour,2024-11-10,2025-07-05,237.0,97.0,4,6,1,3.9,7.7,0.0,False
CUST14176,Aqaba,Small Business,Finance,Website,Qualified,False,Active,CRM Enterprise,Summer Campaign,Meeting,Ahmad Saleh,2025-01-01,2025-05-19,138.0,38.0,8,7,4,2.4,5.8,0.0,False
CUST14177,Salt,Small Business,Manufacturing,LinkedIn,Won,True,Active,CRM Professional,No Campaign,Phone,Omar Mansour,2024-02-17,2025-01-09,327.0,100.0,5,11,4,5.7,5.9,1424.03,True
CUST14178,Jerash,Consumer,Manufacturing,Instagram,Won,True,Inactive,CRM Enterprise,Q1 Acquisition,Social Media,Ahmad Saleh,2025-01-05,2025-11-12,311.0,89.0,2,10,4,5.9,3.2,805.62,True
CUST14179,Irbid,Consumer,Construction,LinkedIn,Proposal,False,Active,CRM Basic,Back-to-School,Website,Yara Odeh,2024-04-21,2024-08-28,129.0,55.0,4,6,4,3.9,7.5,21.08,True
CUST14180,Amman,Corporate,Manufacturing,Website,Contacted,False,Prospect,CRM Basic,Summer Campaign,Website,Omar Mansour,2025-06-16,2025-08-04,49.0,46.0,6,11,6,5.7,7.5,0.0,False
CUST14181,Amman,Consumer,Construction,Facebook,Qualified,False,Active,Marketing Add-on,Year-End Campaign,Meeting,Yara Odeh,2023-10-02,2024-03-14,164.0,57.0,7,9,3,4.4,,0.0,False
CUST14182,Irbid,Small Business,Manufacturing,Trade Show,Lost,False,Active,CRM Professional,Spring Campaign,Phone,Samer Khalil,2024-11-14,2025-08-18,277.0,66.0,3,12,8,8.2,9.4,0.0,False
CUST14183,Karak,Consumer,Manufacturing,Cold Call,Proposal,False,Prospect,CRM Professional,Year-End Campaign,Website,Dana Nasser,2023-12-04,2024-09-22,293.0,58.0,6,11,3,5.9,7.1,44.6,True
CUST14184,Karak,Consumer,Construction,Email Campaign,Won,True,Active,CRM Basic,No Campaign,Social Media,Yara Odeh,2023-11-28,2024-03-23,116.0,43.0,8,6,2,5.3,,98.61,True
CUST14185,Karak,Small Business,Education,Facebook,Qualified,False,Active,CRM Basic,Spring Campaign,Meeting,Lina Haddad,2023-09-04,2023-09-28,24.0,56.0,5,12,2,11.4,8.6,0.0,False
CUST14186,Irbid,Corporate,Healthcare,Website,Proposal,False,Active,CRM Basic,Back-to-School,Email,Omar Mansour,2024-08-31,2025-07-08,311.0,86.0,3,7,5,,8.5,202.18,True
CUST14187,Irbid,Small Business,Manufacturing,Facebook,Qualified,False,Inactive,CRM Professional,Q1 Acquisition,WhatsApp,Samer Khalil,2025-02-19,2025-03-16,25.0,84.0,6,6,5,1.3,6.7,0.0,False
CUST14188,Salt,Consumer,Education,Cold Call,Negotiation,False,Active,Marketing Add-on,Back-to-School,Website,Lina Haddad,2023-01-17,2023-05-24,127.0,65.0,8,6,5,3.3,9.9,79.3,True
CUST14189,Karak,Consumer,Retail,Facebook,Won,True,Active,CRM Professional,Summer Campaign,Phone,Yara Odeh,2024-04-10,2024-11-30,234.0,90.0,6,10,4,14.3,6.8,462.94,True
CUST14190,Karak,Consumer,Manufacturing,Instagram,Qualified,False,Active,CRM Professional,Year-End Campaign,Website,Lina Haddad,2025-03-09,2025-10-04,209.0,84.0,8,10,6,11.0,7.2,0.0,False
CUST14191,Irbid,Small Business,Retail,Google Ads,Qualified,False,Inactive,CRM Professional,Spring Campaign,Phone,Lina Haddad,2023-02-15,2023-05-19,93.0,73.0,5,8,2,4.5,9.3,0.0,False
CUST14192,Irbid,Small Business,Finance,Cold Call,Qualified,False,Active,CRM Professional,Summer Campaign,Meeting,Yara Odeh,2024-07-21,2024-10-23,94.0,100.0,4,11,5,14.8,6.8,0.0,False
CUST14193,Zarqa,Consumer,Healthcare,Trade Show,Contacted,False,Active,Marketing Add-on,Year-End Campaign,Meeting,Samer Khalil,2025-03-21,2025-12-31,285.0,78.0,3,11,3,9.6,7.0,0.0,False
CUST14194,Aqaba,Small Business,Technology,LinkedIn,Lost,False,Active,CRM Professional,No Campaign,WhatsApp,Yara Odeh,2025-03-16,2025-10-27,225.0,36.0,4,7,3,28.0,6.3,0.0,False
CUST14195,Unknown,Small Business,Healthcare,Cold Call,Contacted,False,Prospect,CRM Professional,Spring Campaign,Website,Ahmad Saleh,2023-03-16,2023-12-21,280.0,48.0,2,12,4,3.5,9.0,0.0,False
CUST14196,Unknown,Consumer,Manufacturing,Website,Won,True,Active,CRM Professional,Year-End Campaign,WhatsApp,Lina Haddad,2023-01-09,2023-01-20,11.0,100.0,4,7,1,4.8,8.0,386.37,True
CUST14197,Irbid,Small Business,Manufacturing,Facebook,Negotiation,False,Active,Analytics Add-on,Back-to-School,Phone,Dana Nasser,2023-07-07,2024-05-31,329.0,50.0,4,8,4,11.2,6.8,113.41,True
CUST14198,Amman,Consumer,Construction,Cold Call,Won,True,Prospect,CRM Professional,Q1 Acquisition,Social Media,Ahmad Saleh,2025-03-17,2025-03-29,12.0,79.0,5,9,6,10.2,8.8,226.14,True
CUST14199,Zarqa,Consumer,Healthcare,Facebook,Lost,False,Active,CRM Basic,Year-End Campaign,Social Media,Samer Khalil,2025-05-13,2025-06-17,35.0,83.0,6,7,4,4.4,6.9,0.0,False
CUST14200,Karak,Enterprise,Healthcare,Email Campaign,Proposal,False,Active,CRM Basic,Referral Program,Email,Lina Haddad,2023-02-24,2023-10-10,228.0,100.0,8,6,4,7.5,,377.21,True
CUST14201,Amman,Consumer,Finance,Trade Show,Won,True,Prospect,Marketing Add-on,Year-End Campaign,Phone,Samer Khalil,2023-08-19,,,86.0,11,8,7,,8.8,170.38,True
CUST14202,Madaba,Consumer,Hospitality,Referral,Contacted,False,Prospect,Analytics Add-on,Q1 Acquisition,Phone,Samer Khalil,2025-07-18,2025-12-06,141.0,17.0,5,5,4,8.0,9.2,0.0,False
CUST14203,Salt,Small Business,Retail,Cold Call,Proposal,False,Active,CRM Basic,No Campaign,Phone,Lina Haddad,2025-01-24,2025-02-16,23.0,60.0,2,7,2,4.3,7.8,45.54,True
CUST14204,Zarqa,Enterprise,Construction,Website,Won,True,Active,Analytics Add-on,Q1 Acquisition,Meeting,Samer Khalil,2023-06-01,2023-08-23,83.0,94.0,6,10,1,5.5,8.7,2818.12,True
CUST14205,Karak,Enterprise,Technology,Google Ads,Contacted,False,Active,CRM Enterprise,Spring Campaign,Meeting,Dana Nasser,2024-04-16,2024-12-01,229.0,34.0,5,8,7,9.6,9.4,0.0,False
CUST14206,Madaba,Small Business,Construction,Trade Show,Negotiation,False,Prospect,CRM Professional,Year-End Campaign,Social Media,Dana Nasser,2025-10-12,2025-12-31,80.0,100.0,3,7,1,5.0,9.1,484.19,True
CUST14207,Karak,Consumer,Hospitality,Referral,Won,True,Prospect,CRM Basic,Spring Campaign,Social Media,Omar Mansour,2023-08-27,2023-11-15,80.0,75.0,3,4,2,14.0,4.9,163.65,True
CUST14208,Karak,Enterprise,Healthcare,Email Campaign,Won,True,Active,Analytics Add-on,Q1 Acquisition,Social Media,Lina Haddad,2024-11-02,2025-10-21,353.0,100.0,4,3,3,15.4,7.6,6595.1,True
CUST14209,Irbid,Small Business,Technology,Google Ads,Contacted,False,Inactive,CRM Basic,Back-to-School,Website,Lina Haddad,2025-07-28,2025-12-31,156.0,48.0,4,7,6,9.5,9.3,0.0,False
CUST14210,Madaba,Consumer,Healthcare,LinkedIn,Negotiation,False,Prospect,CRM Enterprise,Referral Program,Website,Lina Haddad,2025-07-21,2025-12-31,163.0,79.0,2,10,2,35.5,9.8,241.2,True
CUST14211,Madaba,Corporate,Construction,Facebook,Contacted,False,Active,CRM Basic,Summer Campaign,Social Media,Omar Mansour,2025-12-02,2025-12-31,29.0,50.0,5,10,6,12.9,7.8,0.0,False
CUST14212,Salt,Consumer,Retail,Google Ads,Negotiation,False,Active,Analytics Add-on,Referral Program,WhatsApp,Yara Odeh,2025-01-14,,,62.0,6,8,3,10.7,5.0,68.05,True
CUST14213,Amman,Consumer,Technology,Facebook,Qualified,False,Active,CRM Basic,No Campaign,Website,Dana Nasser,2025-12-07,2025-12-31,24.0,52.0,7,9,1,22.8,9.6,0.0,False
CUST14214,Irbid,Corporate,Hospitality,Referral,Proposal,False,Active,CRM Basic,No Campaign,Meeting,Dana Nasser,2024-02-01,2024-03-03,31.0,81.0,8,4,6,7.8,4.7,75.52,True
CUST14215,Unknown,Small Business,Education,Email Campaign,Qualified,False,Prospect,CRM Basic,Spring Campaign,Website,Lina Haddad,2023-11-30,2024-11-23,359.0,56.0,8,3,9,13.0,6.2,0.0,False
CUST14216,Zarqa,Consumer,Retail,Referral,Contacted,False,Prospect,CRM Basic,Year-End Campaign,Website,Samer Khalil,2023-08-04,2023-08-19,15.0,41.0,8,3,7,12.8,6.2,0.0,False
CUST14217,Jerash,Consumer,Hospitality,Email Campaign,Contacted,False,Active,CRM Professional,Spring Campaign,Website,Ahmad Saleh,2025-12-07,2025-12-31,24.0,62.0,3,11,2,19.6,6.1,0.0,False
CUST14218,Jerash,Small Business,Unknown,Email Campaign,New Lead,False,Active,CRM Professional,No Campaign,Email,Ahmad Saleh,2023-02-20,2023-05-06,75.0,71.0,3,5,3,29.6,8.7,0.0,False
CUST14219,Salt,Consumer,Unknown,Instagram,Proposal,False,Active,Marketing Add-on,No Campaign,Website,Lina Haddad,2025-11-05,2025-12-09,34.0,100.0,7,9,6,,5.5,26.61,True
CUST14220,Irbid,Consumer,Hospitality,Instagram,Won,True,Inactive,CRM Professional,Summer Campaign,WhatsApp,Lina Haddad,2023-01-02,2023-12-27,359.0,60.0,5,7,3,16.9,8.1,451.41,True
CUST14221,Irbid,Small Business,Healthcare,Trade Show,New Lead,False,Active,CRM Professional,Year-End Campaign,Email,Dana Nasser,2024-03-13,2024-09-25,196.0,24.0,5,8,1,11.7,10.0,0.0,False
CUST14222,Karak,Corporate,Retail,Instagram,New Lead,False,Active,CRM Basic,No Campaign,Meeting,Dana Nasser,2023-07-21,2024-06-16,331.0,66.0,7,13,6,4.8,6.7,0.0,False
CUST14223,Madaba,Small Business,Retail,Instagram,Qualified,False,Active,CRM Professional,Back-to-School,Meeting,Samer Khalil,2023-07-14,2023-08-12,29.0,50.0,8,8,5,7.6,7.8,0.0,False
CUST14224,Aqaba,Corporate,Hospitality,Facebook,Negotiation,False,Active,CRM Basic,Referral Program,Website,Dana Nasser,2025-03-28,2025-10-08,194.0,68.0,4,8,2,14.6,7.1,544.47,True
CUST14225,Unknown,Corporate,Healthcare,Cold Call,New Lead,False,Active,Analytics Add-on,Referral Program,Phone,Ahmad Saleh,2023-03-17,2023-04-02,16.0,13.0,6,4,7,7.3,4.3,0.0,False
CUST14226,Salt,Small Business,Technology,LinkedIn,Contacted,False,Prospect,CRM Professional,No Campaign,Email,Ahmad Saleh,2025-02-06,2025-04-24,77.0,64.0,1,7,2,,8.9,0.0,False
CUST14227,Karak,Consumer,Hospitality,Website,Contacted,False,Active,CRM Enterprise,Back-to-School,Meeting,Dana Nasser,2024-02-22,2024-12-11,293.0,49.0,3,6,4,4.3,5.4,0.0,False
CUST14228,Amman,Corporate,Education,Email Campaign,Qualified,False,Active,CRM Professional,No Campaign,Website,Ahmad Saleh,2023-01-24,2023-04-15,81.0,81.0,8,5,5,16.2,,0.0,False
CUST14229,Amman,Consumer,Construction,Referral,Contacted,False,Active,Marketing Add-on,Year-End Campaign,WhatsApp,Yara Odeh,2023-01-19,2023-05-23,124.0,66.0,2,14,5,4.5,5.6,0.0,False
CUST14230,Karak,Consumer,Finance,Facebook,Qualified,False,Active,CRM Basic,Q1 Acquisition,Social Media,Ahmad Saleh,2024-04-04,2024-04-23,19.0,81.0,6,5,4,12.3,7.5,0.0,False
CUST14231,Madaba,Consumer,Retail,Email Campaign,Negotiation,False,Active,CRM Basic,Year-End Campaign,Meeting,Ahmad Saleh,2023-12-11,2024-03-22,102.0,94.0,5,8,3,6.1,8.3,39.79,True
CUST14232,Karak,Corporate,Healthcare,Website,Proposal,False,Active,CRM Enterprise,Summer Campaign,Website,Ahmad Saleh,2025-10-07,2025-12-23,77.0,59.0,7,8,2,,6.0,842.15,True
CUST14233,Amman,Consumer,Technology,Instagram,New Lead,False,Prospect,Marketing Add-on,Summer Campaign,Phone,Omar Mansour,2024-10-15,2025-06-01,229.0,40.0,5,11,7,9.2,9.4,0.0,False
CUST14234,Madaba,Consumer,Retail,LinkedIn,Proposal,False,Active,CRM Enterprise,Referral Program,WhatsApp,Lina Haddad,2023-05-29,2024-03-21,297.0,71.0,5,8,3,18.6,6.6,205.8,True
CUST14235,Zarqa,Small Business,Technology,Instagram,Qualified,False,Active,CRM Basic,No Campaign,Meeting,Samer Khalil,2024-08-27,2025-03-18,203.0,62.0,5,12,3,,9.0,0.0,False
CUST14236,Amman,Corporate,Retail,Email Campaign,Lost,False,Active,CRM Professional,No Campaign,Email,Omar Mansour,2025-06-02,2025-08-02,61.0,59.0,7,6,5,25.1,6.9,0.0,False
CUST14237,Karak,Small Business,Healthcare,LinkedIn,Contacted,False,Inactive,Marketing Add-on,Summer Campaign,WhatsApp,Samer Khalil,2023-11-23,2023-12-19,26.0,41.0,6,6,2,1.7,5.4,0.0,False
CUST14238,Irbid,Consumer,Technology,Website,Negotiation,False,Active,CRM Basic,Back-to-School,Website,Omar Mansour,2025-10-20,2025-12-30,71.0,79.0,2,6,3,,8.5,37.51,True
CUST14239,Zarqa,Consumer,Healthcare,Referral,Negotiation,False,Prospect,CRM Basic,No Campaign,Meeting,Omar Mansour,2025-05-25,2025-09-05,103.0,61.0,4,5,5,8.5,5.8,71.11,True
CUST14240,Karak,Small Business,Technology,Referral,Contacted,False,Active,Analytics Add-on,No Campaign,Meeting,Samer Khalil,2025-09-11,2025-12-31,111.0,55.0,2,6,3,3.4,7.8,0.0,False
CUST14241,Irbid,Consumer,Retail,Trade Show,Won,True,Active,Marketing Add-on,No Campaign,Phone,Lina Haddad,2023-11-14,,,87.0,8,10,4,7.3,6.6,137.52,True
CUST14242,Zarqa,Small Business,Finance,Google Ads,Qualified,False,Active,CRM Enterprise,Back-to-School,Meeting,Dana Nasser,2025-02-18,2025-07-25,157.0,36.0,4,12,8,,6.2,0.0,False
CUST14243,Salt,Consumer,Construction,Google Ads,Negotiation,False,Prospect,Marketing Add-on,Referral Program,WhatsApp,Omar Mansour,2023-07-15,2024-07-12,363.0,80.0,8,7,5,4.4,9.3,154.81,True
CUST14244,Aqaba,Enterprise,Construction,Referral,New Lead,False,Active,CRM Basic,No Campaign,Meeting,Lina Haddad,2024-04-02,2025-03-27,359.0,100.0,7,8,3,,7.6,0.0,False
CUST14245,Salt,Consumer,Finance,Google Ads,Contacted,False,Active,CRM Professional,Q1 Acquisition,WhatsApp,Dana Nasser,2023-09-26,2024-04-07,194.0,71.0,2,10,3,10.6,8.3,0.0,False
CUST14246,Madaba,Consumer,Construction,Cold Call,Proposal,False,Active,CRM Enterprise,Spring Campaign,Social Media,Samer Khalil,2025-12-07,2025-12-31,24.0,43.0,9,8,4,8.5,6.6,110.51,True
CUST14247,Karak,Corporate,Hospitality,Website,Contacted,False,Active,CRM Enterprise,No Campaign,Social Media,Omar Mansour,2024-11-24,2025-10-14,324.0,25.0,6,8,2,13.1,8.4,0.0,False
CUST14248,Aqaba,Consumer,Education,Cold Call,Qualified,False,Active,Analytics Add-on,Summer Campaign,Website,Dana Nasser,2023-05-29,2023-12-01,186.0,71.0,5,7,4,2.7,9.6,0.0,False
CUST14249,Salt,Consumer,Education,Google Ads,Qualified,False,Active,Marketing Add-on,Spring Campaign,Email,Lina Haddad,2024-08-07,2025-06-29,326.0,63.0,3,8,5,5.7,5.6,0.0,False
CUST14250,Jerash,Corporate,Hospitality,Instagram,Proposal,False,Active,CRM Professional,Spring Campaign,Email,Dana Nasser,2023-10-18,2024-02-08,113.0,64.0,9,9,6,4.4,7.3,230.51,True
CUST14251,Zarqa,Consumer,Hospitality,Trade Show,Qualified,False,Active,CRM Basic,Summer Campaign,Phone,Samer Khalil,2023-05-05,2024-03-13,313.0,10.0,8,9,4,6.9,7.9,0.0,False
CUST14252,Aqaba,Consumer,Manufacturing,Google Ads,New Lead,False,Active,CRM Professional,Spring Campaign,Website,Dana Nasser,2024-08-24,2025-02-05,165.0,19.0,9,6,9,12.0,7.6,0.0,False
CUST14253,Aqaba,Consumer,Healthcare,Facebook,Proposal,False,Active,CRM Enterprise,Q1 Acquisition,Email,Ahmad Saleh,2023-08-13,2023-10-13,61.0,93.0,8,7,2,3.8,4.7,149.01,True
CUST14254,Amman,Consumer,Unknown,Email Campaign,Qualified,False,Active,CRM Basic,Spring Campaign,Meeting,Omar Mansour,2025-11-30,2025-12-31,31.0,68.0,4,13,2,,6.9,0.0,False
CUST14255,Aqaba,Consumer,Education,LinkedIn,Qualified,False,Active,Analytics Add-on,No Campaign,WhatsApp,Lina Haddad,2025-11-08,,,100.0,5,10,5,2.2,6.7,0.0,False
CUST14256,Irbid,Corporate,Retail,Instagram,New Lead,False,Active,CRM Basic,Q1 Acquisition,Website,Yara Odeh,2025-11-24,2025-12-31,37.0,57.0,10,8,2,19.2,7.0,0.0,False
CUST14257,Karak,Small Business,Hospitality,Email Campaign,Contacted,False,Active,CRM Basic,Summer Campaign,WhatsApp,Lina Haddad,2025-09-19,2025-12-31,103.0,57.0,8,9,3,4.8,3.8,0.0,False
CUST14258,Karak,Consumer,Construction,Trade Show,Contacted,False,Active,CRM Professional,Back-to-School,Phone,Omar Mansour,2024-04-22,2024-08-27,127.0,19.0,7,8,2,22.9,8.1,0.0,False
CUST14259,Karak,Consumer,Finance,Facebook,Lost,False,Active,CRM Enterprise,Referral Program,Meeting,Omar Mansour,2025-06-08,2025-12-18,193.0,52.0,7,8,4,11.3,,0.0,False
CUST14260,Aqaba,Enterprise,Unknown,Referral,Qualified,False,Active,CRM Professional,Unknown,Website,Ahmad Saleh,2023-11-17,2024-03-11,115.0,58.0,6,13,6,6.3,6.3,0.0,False
CUST14261,Irbid,Enterprise,Manufacturing,Email Campaign,New Lead,False,Inactive,CRM Enterprise,Summer Campaign,Meeting,Ahmad Saleh,2023-12-12,2024-08-30,262.0,17.0,5,4,3,24.5,5.5,0.0,False
CUST14262,Irbid,Consumer,Finance,LinkedIn,New Lead,False,Active,CRM Professional,Q1 Acquisition,Meeting,Lina Haddad,2024-10-23,2024-11-10,18.0,66.0,5,6,3,7.2,7.5,0.0,False
CUST14263,Aqaba,Corporate,Construction,Cold Call,New Lead,False,Active,CRM Basic,Unknown,Meeting,Yara Odeh,2025-04-11,2025-04-21,10.0,41.0,4,6,0,6.0,8.8,0.0,False
CUST14264,Salt,Corporate,Hospitality,Facebook,Proposal,False,Active,CRM Basic,Year-End Campaign,Phone,Dana Nasser,2023-06-29,,,75.0,3,7,5,17.5,7.3,133.73,True
CUST14265,Aqaba,Consumer,Technology,Cold Call,Contacted,False,Active,CRM Enterprise,Spring Campaign,Social Media,Yara Odeh,2025-01-27,2025-06-15,139.0,33.0,8,7,2,13.2,9.1,0.0,False
CUST14266,Zarqa,Consumer,Hospitality,Unknown,Qualified,False,Active,CRM Professional,No Campaign,Phone,Omar Mansour,2025-01-02,2025-12-01,333.0,67.0,5,5,4,19.0,7.9,0.0,False
CUST14267,Karak,Consumer,Education,Website,Qualified,False,Active,Marketing Add-on,Q1 Acquisition,Meeting,Ahmad Saleh,2023-12-28,2024-12-19,357.0,57.0,4,9,4,41.1,9.3,0.0,False
CUST14268,Madaba,Corporate,Education,Referral,Won,True,Inactive,CRM Professional,Summer Campaign,Social Media,Ahmad Saleh,2024-07-25,2025-06-30,340.0,100.0,3,12,3,5.5,5.9,2795.4,True
CUST14269,Madaba,Corporate,Healthcare,Facebook,Contacted,False,Active,CRM Professional,Year-End Campaign,Website,Ahmad Saleh,2024-08-23,2024-10-14,52.0,39.0,4,6,3,9.2,4.9,0.0,False
CUST14270,Aqaba,Small Business,Construction,Google Ads,Qualified,False,Prospect,CRM Professional,Back-to-School,WhatsApp,Dana Nasser,2023-07-19,,,46.0,6,6,0,,5.9,0.0,False
CUST14271,Madaba,Consumer,Manufacturing,Google Ads,Negotiation,False,Active,CRM Basic,Year-End Campaign,WhatsApp,Lina Haddad,2023-02-16,2023-09-10,206.0,78.0,6,7,5,2.1,4.0,44.09,True
CUST14272,Madaba,Small Business,Technology,Unknown,Qualified,False,Inactive,CRM Enterprise,Summer Campaign,WhatsApp,Yara Odeh,2024-01-01,2024-10-14,287.0,55.0,1,8,2,15.2,7.4,0.0,False
CUST14273,Jerash,Corporate,Unknown,LinkedIn,Won,True,Active,CRM Enterprise,Referral Program,Phone,Lina Haddad,2024-01-14,2024-04-16,93.0,85.0,7,8,3,28.2,6.4,7055.04,True
CUST14274,Aqaba,Corporate,Retail,Trade Show,Negotiation,False,Prospect,Analytics Add-on,Summer Campaign,Website,Ahmad Saleh,2025-12-10,2025-12-31,21.0,100.0,2,8,4,8.9,7.2,445.68,True
CUST14275,Irbid,Consumer,Manufacturing,Referral,Qualified,False,Active,CRM Basic,Q1 Acquisition,Website,Dana Nasser,2024-09-26,2025-02-18,145.0,40.0,3,8,6,12.0,7.6,0.0,False
CUST14276,Jerash,Small Business,Hospitality,Email Campaign,Qualified,False,Active,CRM Professional,Referral Program,Social Media,Dana Nasser,2023-07-07,2023-10-01,86.0,62.0,2,9,3,15.2,8.6,0.0,False
CUST14277,Salt,Consumer,Hospitality,Instagram,Lost,False,Active,CRM Basic,No Campaign,Website,Lina Haddad,2024-02-26,2024-07-28,153.0,32.0,3,10,1,12.3,6.5,0.0,False
CUST14278,Irbid,Corporate,Education,Referral,Negotiation,False,Prospect,CRM Professional,Summer Campaign,WhatsApp,Omar Mansour,2024-07-31,2024-08-02,2.0,60.0,5,14,3,5.6,6.4,886.03,True
CUST14279,Irbid,Small Business,Healthcare,Website,Won,True,Prospect,CRM Professional,Year-End Campaign,Website,Ahmad Saleh,2024-07-24,2025-07-01,342.0,,4,5,3,14.6,9.1,1073.85,True
CUST14280,Amman,Consumer,Construction,Google Ads,Contacted,False,Active,Marketing Add-on,Year-End Campaign,Social Media,Dana Nasser,2023-09-06,2024-05-23,260.0,50.0,13,7,4,5.4,,0.0,False
CUST14281,Amman,Corporate,Hospitality,Unknown,Qualified,False,Inactive,CRM Enterprise,No Campaign,Website,Omar Mansour,2024-09-19,,,96.0,7,3,7,,10.0,0.0,False
CUST14282,Irbid,Consumer,Education,Facebook,Won,True,Active,Analytics Add-on,Spring Campaign,Website,Samer Khalil,2025-07-18,2025-07-24,6.0,70.0,4,9,3,6.2,7.0,520.45,True
CUST14283,Amman,Corporate,Finance,LinkedIn,Contacted,False,Active,CRM Professional,Year-End Campaign,WhatsApp,Yara Odeh,2024-02-20,2024-07-18,149.0,45.0,3,6,6,18.1,7.3,0.0,False
CUST14284,Karak,Consumer,Education,LinkedIn,Lost,False,Active,CRM Basic,Referral Program,Website,Ahmad Saleh,2024-04-10,2024-11-01,205.0,8.0,4,13,2,8.2,,0.0,False
CUST14285,Madaba,Small Business,Technology,Trade Show,New Lead,False,Prospect,CRM Basic,Spring Campaign,Phone,Yara Odeh,2023-04-06,2023-08-02,118.0,49.0,5,4,2,6.3,5.2,0.0,False
CUST14286,Irbid,Enterprise,Construction,Trade Show,Won,True,Active,CRM Basic,Back-to-School,Social Media,Samer Khalil,2025-04-01,2025-06-29,89.0,82.0,6,4,5,10.5,7.0,2181.33,True
CUST14287,Madaba,Consumer,Healthcare,Referral,Qualified,False,Active,CRM Enterprise,Back-to-School,Social Media,Lina Haddad,2025-08-30,2025-12-31,123.0,72.0,4,6,5,5.6,7.3,0.0,False
CUST14288,Irbid,Small Business,Hospitality,Instagram,New Lead,False,Active,CRM Professional,No Campaign,Social Media,Lina Haddad,2024-05-22,,,45.0,6,7,11,11.1,7.7,0.0,False
CUST14289,Karak,Consumer,Technology,Website,Won,True,Active,Analytics Add-on,Referral Program,Website,Yara Odeh,2025-08-09,2025-12-31,144.0,44.0,1,6,5,11.3,8.0,79.28,True
CUST14290,Amman,Consumer,Retail,Email Campaign,Contacted,False,Active,Marketing Add-on,Spring Campaign,Phone,Lina Haddad,2023-04-26,,,85.0,3,7,4,17.5,6.0,0.0,False
CUST14291,Jerash,Small Business,Retail,Google Ads,New Lead,False,Active,CRM Professional,Spring Campaign,Meeting,Yara Odeh,2025-04-27,2025-06-22,56.0,46.0,3,5,4,10.0,6.3,0.0,False
CUST14292,Salt,Corporate,Education,Website,New Lead,False,Active,CRM Enterprise,Referral Program,Meeting,Dana Nasser,2025-09-05,,,47.0,11,7,6,5.9,6.7,0.0,False
CUST14293,Aqaba,Enterprise,Healthcare,Website,Proposal,False,Active,CRM Enterprise,Referral Program,Social Media,Dana Nasser,2025-03-30,2025-12-31,276.0,100.0,11,7,2,10.3,8.8,2271.56,True
CUST14294,Amman,Corporate,Manufacturing,Cold Call,Lost,False,Active,CRM Basic,Spring Campaign,Email,Omar Mansour,2025-04-22,2025-09-18,149.0,35.0,6,4,6,6.8,7.2,0.0,False
CUST14295,Zarqa,Small Business,Healthcare,Cold Call,New Lead,False,Active,Marketing Add-on,Summer Campaign,Meeting,Samer Khalil,2023-05-18,2023-07-03,46.0,12.0,3,10,3,22.2,,0.0,False
CUST14296,Jerash,Corporate,Healthcare,Facebook,Qualified,False,Prospect,CRM Basic,No Campaign,Meeting,Lina Haddad,2025-09-06,2025-12-31,116.0,38.0,7,8,4,18.9,4.5,0.0,False
CUST14297,Amman,Corporate,Healthcare,Instagram,Contacted,False,Active,CRM Enterprise,Q1 Acquisition,WhatsApp,Lina Haddad,2024-07-27,2025-03-22,238.0,49.0,4,6,8,,5.4,0.0,False
CUST14298,Salt,Small Business,Education,Facebook,Negotiation,False,Inactive,CRM Professional,Summer Campaign,Email,Dana Nasser,2024-12-10,2025-09-08,272.0,71.0,9,3,4,17.2,10.0,256.67,True
CUST14299,Zarqa,Consumer,Technology,Email Campaign,New Lead,False,Active,CRM Professional,Year-End Campaign,Email,Dana Nasser,2024-08-06,2024-12-04,120.0,73.0,5,9,5,3.7,9.5,0.0,False
CUST14300,Salt,Consumer,Education,Google Ads,Contacted,False,Active,CRM Professional,Referral Program,Social Media,Dana Nasser,2025-06-05,2025-12-31,209.0,58.0,7,11,5,13.3,,0.0,False
CUST14301,Madaba,Corporate,Manufacturing,Google Ads,Contacted,False,Active,Analytics Add-on,Year-End Campaign,Email,Ahmad Saleh,2025-04-14,2025-11-20,220.0,21.0,4,6,5,9.4,6.8,0.0,False
CUST14302,Salt,Small Business,Technology,Website,Proposal,False,Inactive,CRM Basic,Summer Campaign,Email,Samer Khalil,2024-12-11,2024-12-19,8.0,53.0,5,5,6,3.7,6.5,83.95,True
CUST14303,Aqaba,Corporate,Manufacturing,Trade Show,Won,True,Prospect,CRM Basic,No Campaign,Meeting,Samer Khalil,2025-11-30,2025-12-31,31.0,68.0,6,10,1,23.2,6.8,949.31,True
CUST14304,Salt,Consumer,Finance,Google Ads,Qualified,False,Active,CRM Professional,Q1 Acquisition,Phone,Ahmad Saleh,2025-07-10,2025-12-31,174.0,55.0,3,11,3,9.8,8.7,0.0,False
CUST14305,Madaba,Enterprise,Finance,Trade Show,New Lead,False,Active,CRM Basic,Back-to-School,WhatsApp,Lina Haddad,2023-10-11,2024-09-28,353.0,26.0,3,3,8,12.5,8.7,0.0,False
CUST14306,Madaba,Consumer,Construction,Trade Show,Proposal,False,Inactive,CRM Enterprise,Back-to-School,Website,Yara Odeh,2023-11-05,2024-01-10,66.0,43.0,4,8,5,,9.0,101.32,True
CUST14307,Jerash,Small Business,Hospitality,Email Campaign,Won,True,Active,Analytics Add-on,Spring Campaign,Social Media,Yara Odeh,2025-07-01,2025-09-18,79.0,83.0,3,2,1,3.7,8.7,718.19,True
CUST14308,Amman,Consumer,Hospitality,Instagram,New Lead,False,Inactive,Analytics Add-on,Year-End Campaign,Meeting,Omar Mansour,2023-01-26,2023-04-22,86.0,31.0,2,5,3,3.6,7.5,0.0,False
CUST14309,Aqaba,Consumer,Technology,Website,New Lead,False,Active,CRM Enterprise,Spring Campaign,Meeting,Omar Mansour,2023-04-24,2023-08-26,124.0,15.0,3,12,6,22.1,7.0,0.0,False
CUST14310,Madaba,Corporate,Education,Google Ads,Contacted,False,Inactive,Marketing Add-on,Back-to-School,Social Media,Lina Haddad,2025-07-30,2025-12-31,154.0,82.0,7,9,4,5.7,8.4,0.0,False
CUST14311,Zarqa,Enterprise,Manufacturing,Instagram,Negotiation,False,Active,CRM Enterprise,Back-to-School,Email,Omar Mansour,2024-05-06,2024-10-03,150.0,72.0,11,9,3,10.5,4.9,6192.55,True
CUST14312,Aqaba,Consumer,Manufacturing,Cold Call,Proposal,False,Active,Marketing Add-on,Referral Program,Website,Dana Nasser,2023-03-22,2023-05-07,46.0,100.0,4,13,3,11.5,,27.06,True
CUST14313,Amman,Consumer,Hospitality,Email Campaign,Proposal,False,Inactive,CRM Basic,No Campaign,Meeting,Samer Khalil,2024-12-20,2025-04-12,113.0,90.0,1,7,3,3.1,,20.89,True
CUST14314,Aqaba,Consumer,Hospitality,Instagram,Contacted,False,Active,CRM Professional,Spring Campaign,Website,Yara Odeh,2025-02-27,2025-05-29,91.0,41.0,4,8,1,4.0,7.9,0.0,False
CUST14315,Salt,Consumer,Retail,Email Campaign,Contacted,False,Active,Marketing Add-on,No Campaign,Website,Dana Nasser,2024-10-12,2025-03-02,141.0,87.0,6,4,3,1.2,5.4,0.0,False
CUST14316,Madaba,Consumer,Manufacturing,Instagram,Lost,False,Active,CRM Enterprise,No Campaign,Social Media,Omar Mansour,2025-08-16,2025-12-31,137.0,67.0,3,7,7,10.4,6.6,0.0,False
CUST14317,Aqaba,Corporate,Education,Trade Show,Contacted,False,Active,Analytics Add-on,Q1 Acquisition,Social Media,Omar Mansour,2024-11-23,2025-06-29,218.0,38.0,5,5,7,3.5,6.4,0.0,False
CUST14318,Zarqa,Enterprise,Retail,Website,Won,True,Active,CRM Basic,No Campaign,Meeting,Samer Khalil,2023-10-18,,,74.0,4,9,3,14.6,9.9,1806.71,True
CUST14319,Madaba,Consumer,Unknown,Google Ads,Proposal,False,Prospect,Analytics Add-on,Year-End Campaign,Meeting,Yara Odeh,2025-03-08,2025-12-31,298.0,73.0,10,7,1,5.4,5.3,51.48,True
CUST14320,Aqaba,Small Business,Healthcare,Referral,New Lead,False,Inactive,CRM Enterprise,No Campaign,Meeting,Dana Nasser,2024-02-17,2024-07-18,152.0,36.0,4,10,0,9.5,4.5,0.0,False
CUST14321,Irbid,Consumer,Manufacturing,LinkedIn,Qualified,False,Active,CRM Basic,No Campaign,Phone,Samer Khalil,2023-09-21,2024-08-09,323.0,81.0,7,8,2,12.3,8.0,0.0,False
CUST14322,Zarqa,Consumer,Healthcare,Website,Lost,False,Prospect,CRM Basic,No Campaign,Social Media,Yara Odeh,2025-10-17,2025-12-31,75.0,53.0,5,14,4,5.7,8.2,0.0,False
CUST14323,Amman,Consumer,Finance,Trade Show,Qualified,False,Active,CRM Basic,Summer Campaign,Social Media,Omar Mansour,2025-05-15,2025-09-07,115.0,81.0,6,12,5,5.1,8.5,0.0,False
CUST14324,Madaba,Small Business,Finance,Trade Show,Won,True,Active,Marketing Add-on,Year-End Campaign,Phone,Yara Odeh,2025-04-06,2025-12-31,269.0,93.0,3,9,5,21.6,7.8,397.48,True
CUST14325,Salt,Consumer,Technology,Referral,Contacted,False,Active,CRM Enterprise,Back-to-School,Social Media,Samer Khalil,2025-01-21,2025-04-25,94.0,36.0,6,8,5,1.9,3.9,0.0,False
CUST14326,Karak,Consumer,Manufacturing,Trade Show,Proposal,False,Inactive,Marketing Add-on,Summer Campaign,Email,Samer Khalil,2025-03-20,2025-05-07,48.0,35.0,6,9,2,1.6,9.6,28.49,True
CUST14327,Jerash,Consumer,Hospitality,Trade Show,Won,True,Inactive,CRM Professional,Spring Campaign,Email,Omar Mansour,2023-02-14,2023-08-24,191.0,65.0,5,10,3,4.3,7.0,397.57,True
CUST14328,Salt,Consumer,Retail,Cold Call,Lost,False,Active,Marketing Add-on,Back-to-School,Phone,Samer Khalil,2023-02-27,2023-03-11,12.0,87.0,7,8,4,3.3,8.8,0.0,False
CUST14329,Karak,Consumer,Healthcare,Google Ads,Qualified,False,Active,CRM Professional,Referral Program,Meeting,Dana Nasser,2025-09-10,2025-12-31,112.0,80.0,6,12,1,13.5,6.2,0.0,False
CUST14330,Jerash,Corporate,Education,Website,Proposal,False,Active,CRM Basic,No Campaign,Phone,Omar Mansour,2024-10-17,2025-04-07,172.0,69.0,7,9,3,11.3,7.3,82.97,True
CUST14331,Amman,Corporate,Manufacturing,LinkedIn,New Lead,False,Active,CRM Basic,No Campaign,Email,Samer Khalil,2025-08-08,,,68.0,8,9,4,4.1,7.2,0.0,False
CUST14332,Madaba,Corporate,Technology,LinkedIn,Contacted,False,Active,Marketing Add-on,Summer Campaign,Website,Lina Haddad,2025-02-24,2025-08-20,177.0,51.0,3,13,3,17.1,8.5,0.0,False
CUST14333,Zarqa,Consumer,Unknown,Trade Show,Contacted,False,Active,CRM Professional,Year-End Campaign,Social Media,Dana Nasser,2025-03-19,2025-12-31,287.0,52.0,6,9,2,19.1,6.8,0.0,False
CUST14334,Irbid,Consumer,Healthcare,Instagram,New Lead,False,Inactive,CRM Basic,Referral Program,WhatsApp,Dana Nasser,2025-11-12,2025-12-31,49.0,48.0,0,5,7,11.7,7.5,0.0,False
CUST14335,Aqaba,Consumer,Manufacturing,Website,Contacted,False,Prospect,CRM Basic,Spring Campaign,WhatsApp,Dana Nasser,2023-01-21,2023-12-30,343.0,42.0,4,10,7,6.9,8.4,0.0,False
CUST14336,Amman,Consumer,Hospitality,Referral,Contacted,False,Active,CRM Professional,Summer Campaign,Phone,Yara Odeh,2025-11-14,2025-12-31,47.0,32.0,7,5,8,5.9,5.9,0.0,False
CUST14337,Karak,Corporate,Healthcare,Cold Call,Lost,False,Active,Marketing Add-on,Summer Campaign,WhatsApp,Ahmad Saleh,2023-07-14,2024-02-02,203.0,54.0,3,10,3,7.2,8.4,0.0,False
CUST14338,Jerash,Consumer,Manufacturing,LinkedIn,Negotiation,False,Prospect,CRM Professional,No Campaign,Website,Omar Mansour,2023-04-11,2023-10-13,185.0,73.0,3,6,3,17.3,8.6,126.27,True
CUST14339,Jerash,Consumer,Manufacturing,Trade Show,Qualified,False,Prospect,CRM Enterprise,No Campaign,WhatsApp,Ahmad Saleh,2025-06-05,2025-10-04,121.0,55.0,7,9,3,6.4,,0.0,False
CUST14340,Jerash,Small Business,Healthcare,Email Campaign,Lost,False,Active,Marketing Add-on,No Campaign,Email,Samer Khalil,2024-04-04,2024-11-16,226.0,56.0,4,6,5,9.6,6.3,0.0,False
CUST14341,Madaba,Consumer,Healthcare,Email Campaign,New Lead,False,Active,CRM Professional,Back-to-School,Phone,Omar Mansour,2024-08-27,2025-03-17,202.0,32.0,3,9,3,14.1,,0.0,False
CUST14342,Zarqa,Enterprise,Education,Instagram,Qualified,False,Inactive,Analytics Add-on,Spring Campaign,Meeting,Yara Odeh,2024-07-29,,,76.0,3,11,2,16.3,9.0,0.0,False
CUST14343,Aqaba,Consumer,Technology,Referral,Proposal,False,Inactive,CRM Professional,No Campaign,WhatsApp,Dana Nasser,2025-07-09,2025-12-31,175.0,43.0,3,10,6,5.6,5.3,87.78,True
CUST14344,Jerash,Small Business,Healthcare,Email Campaign,New Lead,False,Active,Marketing Add-on,Spring Campaign,Social Media,Dana Nasser,2023-12-26,2024-12-16,356.0,14.0,7,7,6,4.3,8.5,0.0,False
CUST14345,Zarqa,Consumer,Finance,LinkedIn,Negotiation,False,Active,CRM Basic,Back-to-School,Phone,Yara Odeh,2025-06-03,2025-12-31,211.0,47.0,5,7,7,3.1,10.0,44.3,True
CUST14346,Zarqa,Enterprise,Construction,Instagram,New Lead,False,Active,CRM Enterprise,Unknown,Website,Dana Nasser,2023-03-19,2023-05-01,43.0,40.0,5,6,2,27.9,7.5,0.0,False
CUST14347,Jerash,Consumer,Technology,Referral,New Lead,False,Active,CRM Enterprise,No Campaign,Email,Dana Nasser,2024-02-02,2024-02-25,23.0,13.0,8,10,5,8.7,6.5,0.0,False
CUST14348,Aqaba,Small Business,Finance,Cold Call,New Lead,False,Inactive,CRM Basic,Q1 Acquisition,WhatsApp,Samer Khalil,2023-11-29,,,75.0,6,10,2,15.4,5.7,0.0,False
CUST14349,Karak,Consumer,Education,Email Campaign,Lost,False,Active,CRM Professional,Spring Campaign,Email,Lina Haddad,2025-01-22,2025-07-27,186.0,79.0,4,4,3,10.1,6.2,0.0,False
CUST14350,Madaba,Corporate,Healthcare,Facebook,Negotiation,False,Inactive,CRM Professional,Referral Program,Website,Yara Odeh,2023-01-11,2023-09-17,249.0,81.0,6,7,6,8.8,5.7,1292.38,True
CUST14351,Salt,Consumer,Technology,Website,Proposal,False,Active,CRM Basic,Q1 Acquisition,Meeting,Omar Mansour,2024-11-09,2025-07-04,237.0,86.0,6,8,6,6.5,9.0,10.22,True
CUST14352,Unknown,Consumer,Hospitality,Referral,Proposal,False,Active,CRM Enterprise,No Campaign,WhatsApp,Lina Haddad,2025-08-14,,,50.0,7,5,4,5.9,6.4,152.75,True
CUST14353,Unknown,Corporate,Healthcare,Referral,Contacted,False,Active,Marketing Add-on,Summer Campaign,Meeting,Yara Odeh,2023-04-05,2023-08-17,134.0,73.0,7,10,1,0.5,10.0,0.0,False
CUST14354,Irbid,Enterprise,Manufacturing,Email Campaign,Proposal,False,Inactive,CRM Professional,No Campaign,Meeting,Omar Mansour,2023-05-04,2024-03-20,321.0,61.0,7,8,8,6.3,7.1,1703.52,True
CUST14355,Madaba,Consumer,Healthcare,Instagram,Qualified,False,Prospect,CRM Professional,Year-End Campaign,Phone,Yara Odeh,2025-02-04,2025-02-26,22.0,59.0,8,3,7,,5.1,0.0,False
CUST14356,Amman,Corporate,Hospitality,Website,New Lead,False,Active,CRM Basic,Year-End Campaign,Meeting,Dana Nasser,2024-06-11,2025-06-07,361.0,36.0,4,11,2,4.9,6.5,0.0,False
CUST14357,Madaba,Consumer,Technology,LinkedIn,Negotiation,False,Active,CRM Basic,No Campaign,Phone,Yara Odeh,2025-10-12,2025-12-31,80.0,59.0,4,11,3,,6.8,43.48,True
CUST14358,Amman,Corporate,Healthcare,LinkedIn,New Lead,False,Prospect,CRM Professional,Back-to-School,Meeting,Ahmad Saleh,2023-06-04,2023-11-04,153.0,52.0,7,9,2,1.7,7.3,0.0,False
CUST14359,Karak,Small Business,Healthcare,Facebook,Contacted,False,Inactive,Marketing Add-on,Summer Campaign,Social Media,Samer Khalil,2024-06-17,2024-10-20,125.0,39.0,4,4,1,2.3,8.0,0.0,False
CUST14360,Salt,Small Business,Retail,Google Ads,Won,True,Prospect,Analytics Add-on,Spring Campaign,Website,Omar Mansour,2024-09-26,2024-12-14,79.0,75.0,5,7,5,8.3,7.9,722.29,True
CUST14361,Salt,Corporate,Retail,Email Campaign,Negotiation,False,Active,CRM Professional,Q1 Acquisition,WhatsApp,Dana Nasser,2023-04-17,2024-03-28,346.0,28.0,0,4,6,29.2,6.3,1604.97,True
CUST14362,Madaba,Corporate,Technology,Instagram,Proposal,False,Active,CRM Professional,Referral Program,Email,Ahmad Saleh,2025-09-25,2025-11-15,51.0,74.0,5,7,2,6.2,7.1,254.66,True
CUST14363,Salt,Consumer,Technology,Website,Qualified,False,Active,CRM Professional,Q1 Acquisition,Email,Dana Nasser,2023-03-28,2023-10-30,216.0,58.0,6,10,5,12.0,5.4,0.0,False
CUST14364,Irbid,Corporate,Manufacturing,Instagram,Qualified,False,Prospect,CRM Enterprise,Summer Campaign,WhatsApp,Samer Khalil,2023-12-13,2024-06-06,176.0,41.0,7,9,6,11.0,6.2,0.0,False
CUST14365,Salt,Consumer,Manufacturing,Google Ads,Negotiation,False,Prospect,CRM Enterprise,Summer Campaign,Website,Ahmad Saleh,2023-02-21,2024-02-14,358.0,68.0,6,13,6,7.2,8.9,237.48,True
CUST14366,Karak,Corporate,Construction,LinkedIn,Negotiation,False,Active,Analytics Add-on,Year-End Campaign,Website,Yara Odeh,2025-10-23,2025-12-31,69.0,64.0,6,10,4,3.5,6.6,641.83,True
CUST14367,Amman,Small Business,Healthcare,Instagram,Qualified,False,Active,CRM Basic,Spring Campaign,Meeting,Omar Mansour,2025-03-16,2025-11-17,246.0,29.0,4,11,6,11.3,8.6,0.0,False
CUST14368,Aqaba,Consumer,Finance,LinkedIn,Lost,False,Active,Marketing Add-on,No Campaign,Email,Yara Odeh,2024-02-15,2024-09-29,227.0,77.0,2,13,1,8.5,6.5,0.0,False
CUST14369,Zarqa,Small Business,Technology,LinkedIn,Lost,False,Active,CRM Basic,Spring Campaign,WhatsApp,Omar Mansour,2024-03-10,2024-06-24,106.0,73.0,5,12,8,23.5,5.8,0.0,False
CUST14370,Aqaba,Small Business,Hospitality,Facebook,Qualified,False,Active,CRM Professional,Referral Program,Meeting,Yara Odeh,2024-02-09,2024-08-20,193.0,74.0,5,5,5,3.5,7.8,0.0,False
CUST14371,Zarqa,Small Business,Healthcare,LinkedIn,Won,True,Inactive,Marketing Add-on,No Campaign,WhatsApp,Omar Mansour,2024-02-18,2024-12-30,316.0,100.0,4,9,3,8.1,7.0,583.17,True
CUST14372,Karak,Consumer,Finance,Trade Show,Proposal,False,Active,CRM Professional,Spring Campaign,Email,Omar Mansour,2024-12-24,2025-10-22,302.0,57.0,4,4,7,12.2,8.4,45.99,True
CUST14373,Karak,Consumer,Retail,LinkedIn,Qualified,False,Active,CRM Basic,Referral Program,WhatsApp,Ahmad Saleh,2025-01-18,,,60.0,5,5,3,9.0,9.7,0.0,False
CUST14374,Aqaba,Corporate,Manufacturing,Website,New Lead,False,Active,CRM Basic,Unknown,WhatsApp,Samer Khalil,2025-12-19,2025-12-31,12.0,29.0,6,6,3,3.1,,0.0,False
CUST14375,Aqaba,Consumer,Hospitality,Website,Proposal,False,Active,CRM Professional,No Campaign,Meeting,Ahmad Saleh,2024-02-17,2024-11-10,267.0,,2,5,3,4.9,7.0,57.02,True
CUST14376,Madaba,Consumer,Technology,Website,Won,True,Active,CRM Basic,Back-to-School,Phone,Omar Mansour,2025-05-23,,,99.0,4,11,5,5.5,7.9,103.24,True
CUST14377,Jerash,Small Business,Healthcare,Referral,Won,True,Prospect,CRM Professional,Spring Campaign,Phone,Samer Khalil,2024-03-09,2024-08-26,170.0,78.0,5,8,4,4.8,6.9,767.51,True
CUST14378,Aqaba,Consumer,Retail,Email Campaign,Won,True,Inactive,CRM Professional,No Campaign,Social Media,Lina Haddad,2023-08-25,2023-10-03,39.0,54.0,6,10,5,8.6,7.2,287.13,True
CUST14379,Aqaba,Small Business,Construction,Email Campaign,New Lead,False,Active,Analytics Add-on,Referral Program,Meeting,Lina Haddad,2024-09-24,2025-02-10,139.0,48.0,5,18,3,,4.4,0.0,False
CUST14380,Aqaba,Small Business,Education,Email Campaign,Qualified,False,Active,CRM Basic,Q1 Acquisition,Social Media,Yara Odeh,2023-08-22,,,48.0,2,7,5,16.5,7.2,0.0,False
CUST14381,Irbid,Small Business,Retail,Trade Show,Contacted,False,Prospect,CRM Enterprise,No Campaign,Website,Ahmad Saleh,2023-02-13,2023-04-06,52.0,69.0,7,9,6,9.6,4.4,0.0,False
CUST14382,Zarqa,Consumer,Healthcare,Website,Contacted,False,Active,CRM Professional,No Campaign,Phone,Omar Mansour,2024-03-26,2025-01-07,287.0,87.0,7,6,2,16.4,7.6,0.0,False
CUST14383,Amman,Consumer,Construction,Email Campaign,Proposal,False,Active,CRM Enterprise,Summer Campaign,Phone,Yara Odeh,2024-06-02,2025-03-18,289.0,88.0,7,13,3,15.8,7.8,145.87,True
CUST14384,Irbid,Consumer,Manufacturing,Google Ads,Qualified,False,Prospect,CRM Basic,Q1 Acquisition,Phone,Lina Haddad,2025-08-29,2025-12-31,124.0,56.0,4,7,1,2.7,8.3,0.0,False
CUST14385,Salt,Corporate,Finance,Google Ads,Proposal,False,Inactive,CRM Enterprise,Year-End Campaign,Phone,Lina Haddad,2025-02-15,2025-07-11,146.0,69.0,5,9,2,7.2,,857.21,True
CUST14386,Amman,Consumer,Hospitality,Instagram,Qualified,False,Active,CRM Enterprise,No Campaign,Website,Dana Nasser,2024-09-22,2025-08-02,314.0,58.0,2,6,1,4.5,5.1,0.0,False
CUST14387,Aqaba,Enterprise,Hospitality,Referral,Contacted,False,Active,CRM Basic,Q1 Acquisition,Email,Dana Nasser,2024-12-18,2025-06-20,184.0,32.0,7,7,1,14.0,8.3,0.0,False
CUST14388,Jerash,Small Business,Education,LinkedIn,New Lead,False,Prospect,Analytics Add-on,Year-End Campaign,Website,Yara Odeh,2024-10-26,2025-03-27,152.0,29.0,3,12,6,16.4,7.1,0.0,False
CUST14389,Jerash,Corporate,Hospitality,Website,Won,True,Active,Analytics Add-on,Referral Program,Email,Yara Odeh,2025-04-01,2025-10-19,201.0,77.0,2,8,1,10.9,,1706.44,True
CUST14390,Amman,Consumer,Education,Trade Show,New Lead,False,Active,CRM Basic,Q1 Acquisition,Social Media,Samer Khalil,2024-08-08,2024-12-14,128.0,36.0,5,5,3,28.5,6.1,0.0,False
CUST14391,Amman,Consumer,Construction,Referral,New Lead,False,Active,CRM Enterprise,Back-to-School,Phone,Samer Khalil,2023-10-19,2024-08-01,287.0,16.0,5,11,2,0.5,10.0,0.0,False
CUST14392,Salt,Enterprise,Manufacturing,Facebook,Won,True,Active,CRM Enterprise,Q1 Acquisition,Meeting,Omar Mansour,2023-05-03,2024-03-09,311.0,,2,7,0,5.1,10.0,18157.91,True
CUST14393,Aqaba,Consumer,Education,Facebook,Lost,False,Prospect,CRM Basic,Year-End Campaign,Meeting,Lina Haddad,2025-07-21,2025-12-31,163.0,44.0,5,8,5,1.1,6.3,0.0,False
CUST14394,Salt,Consumer,Technology,Cold Call,Negotiation,False,Active,CRM Professional,Back-to-School,Email,Ahmad Saleh,2025-09-19,2025-12-31,103.0,,7,9,6,4.5,8.0,92.07,True
CUST14395,Zarqa,Consumer,Healthcare,LinkedIn,New Lead,False,Inactive,Marketing Add-on,Spring Campaign,Website,Ahmad Saleh,2023-09-20,2024-03-26,188.0,38.0,4,4,1,6.7,6.4,0.0,False
CUST14396,Irbid,Enterprise,Construction,Website,Contacted,False,Prospect,CRM Professional,No Campaign,Email,Dana Nasser,2024-11-14,2025-07-02,230.0,3.0,6,8,5,4.1,6.5,0.0,False
CUST14397,Jerash,Small Business,Hospitality,Referral,Lost,False,Active,Marketing Add-on,Summer Campaign,WhatsApp,Samer Khalil,2024-08-30,2025-05-28,271.0,100.0,7,8,3,15.0,5.6,0.0,False
CUST14398,Jerash,Small Business,Education,Facebook,Won,True,Active,CRM Enterprise,Referral Program,Social Media,Omar Mansour,2025-02-25,2025-11-11,259.0,56.0,4,6,3,18.5,5.5,1678.47,True
CUST14399,Karak,Corporate,Retail,Cold Call,Proposal,False,Active,CRM Basic,Referral Program,Social Media,Dana Nasser,2025-10-31,2025-12-31,61.0,62.0,4,7,3,10.5,9.3,107.24,True
CUST14400,Jerash,Consumer,Finance,Trade Show,Contacted,False,Active,CRM Basic,Spring Campaign,Phone,Dana Nasser,2024-12-29,2025-07-15,198.0,36.0,4,13,5,2.8,6.5,0.0,False
CUST14401,Aqaba,Corporate,Healthcare,Website,New Lead,False,Active,CRM Enterprise,Q1 Acquisition,Phone,Omar Mansour,2023-09-02,2024-07-21,323.0,33.0,4,9,9,8.0,,0.0,False
CUST14402,Salt,Consumer,Manufacturing,Facebook,New Lead,False,Active,CRM Professional,Q1 Acquisition,Website,Omar Mansour,2023-01-02,2023-02-27,56.0,78.0,6,8,3,0.7,7.9,0.0,False
CUST14403,Aqaba,Corporate,Hospitality,Email Campaign,Proposal,False,Active,CRM Basic,Summer Campaign,Email,Yara Odeh,2024-07-06,2025-05-21,319.0,48.0,8,5,7,3.1,5.9,159.03,True
CUST14404,Karak,Consumer,Retail,Google Ads,New Lead,False,Active,CRM Enterprise,No Campaign,WhatsApp,Lina Haddad,2025-12-01,2025-12-31,30.0,62.0,6,9,2,7.6,4.5,0.0,False
CUST14405,Amman,Consumer,Technology,Cold Call,Lost,False,Active,Analytics Add-on,Referral Program,Social Media,Omar Mansour,2025-06-09,2025-07-09,30.0,57.0,8,4,6,,6.9,0.0,False
CUST14406,Zarqa,Small Business,Education,Trade Show,Contacted,False,Active,CRM Enterprise,No Campaign,Email,Omar Mansour,2024-11-26,2025-03-15,109.0,58.0,5,13,3,24.3,9.9,0.0,False
CUST14407,Aqaba,Consumer,Retail,Facebook,Negotiation,False,Active,CRM Basic,Referral Program,WhatsApp,Dana Nasser,2024-10-07,2025-01-31,116.0,98.0,4,13,6,3.9,7.2,32.28,True
CUST14408,Jerash,Small Business,Healthcare,Trade Show,New Lead,False,Active,CRM Basic,Q1 Acquisition,Meeting,Dana Nasser,2023-06-16,2023-09-16,92.0,31.0,5,2,6,2.3,7.4,0.0,False
CUST14409,Zarqa,Consumer,Hospitality,LinkedIn,Proposal,False,Active,Marketing Add-on,Summer Campaign,Email,Ahmad Saleh,2025-04-06,2025-08-22,138.0,64.0,3,5,1,22.6,5.6,48.63,True
CUST14410,Zarqa,Consumer,Unknown,Instagram,New Lead,False,Prospect,Marketing Add-on,Q1 Acquisition,Phone,Yara Odeh,2023-02-22,2023-12-22,303.0,23.0,6,15,6,10.1,6.2,0.0,False
CUST14411,Aqaba,Consumer,Technology,Cold Call,Won,True,Prospect,CRM Professional,Q1 Acquisition,Meeting,Ahmad Saleh,2025-07-16,2025-09-11,57.0,32.0,7,9,4,4.4,5.4,366.77,True
CUST14412,Irbid,Small Business,Finance,Referral,Proposal,False,Active,Analytics Add-on,Back-to-School,Meeting,Ahmad Saleh,2024-11-26,2025-01-15,50.0,69.0,2,17,7,15.9,7.5,91.83,True
CUST14413,Zarqa,Consumer,Construction,Referral,New Lead,False,Prospect,CRM Basic,Summer Campaign,Social Media,Omar Mansour,2025-10-17,2025-12-27,71.0,74.0,3,2,5,5.4,8.1,0.0,False
CUST14414,Jerash,Small Business,Education,Facebook,Won,True,Prospect,CRM Basic,Year-End Campaign,WhatsApp,Lina Haddad,2024-05-10,2024-07-31,82.0,52.0,4,7,3,10.4,7.3,575.11,True
CUST14415,Salt,Consumer,Healthcare,Email Campaign,Proposal,False,Active,CRM Basic,Q1 Acquisition,Phone,Dana Nasser,2024-02-16,2024-05-31,105.0,41.0,2,9,4,13.9,6.1,24.4,True
CUST14416,Irbid,Consumer,Hospitality,Email Campaign,Lost,False,Active,CRM Basic,Year-End Campaign,Meeting,Samer Khalil,2024-06-05,2024-09-01,88.0,51.0,5,8,6,8.9,8.1,0.0,False
CUST14417,Jerash,Consumer,Construction,LinkedIn,Won,True,Prospect,Analytics Add-on,Q1 Acquisition,Website,Lina Haddad,2023-04-13,2023-04-15,2.0,75.0,1,7,3,8.1,9.1,211.49,True
CUST14418,Madaba,Enterprise,Education,Referral,Lost,False,Active,CRM Professional,Back-to-School,Website,Yara Odeh,2024-10-08,2025-10-03,360.0,75.0,3,9,5,7.2,7.7,0.0,False
CUST14419,Unknown,Small Business,Education,Cold Call,New Lead,False,Active,CRM Basic,Summer Campaign,Phone,Samer Khalil,2023-10-02,2023-12-25,84.0,30.0,2,10,3,26.2,6.8,0.0,False
CUST14420,Karak,Consumer,Manufacturing,Google Ads,New Lead,False,Inactive,Analytics Add-on,Spring Campaign,WhatsApp,Yara Odeh,2024-09-27,2024-11-09,43.0,71.0,6,5,4,18.6,5.5,0.0,False
CUST14421,Karak,Small Business,Unknown,Email Campaign,Lost,False,Active,Analytics Add-on,Summer Campaign,WhatsApp,Omar Mansour,2024-11-07,2025-04-10,154.0,54.0,3,10,1,5.7,9.9,0.0,False
CUST14422,Irbid,Corporate,Retail,Referral,Qualified,False,Active,CRM Basic,Q1 Acquisition,Social Media,Yara Odeh,2023-06-16,2024-05-08,327.0,83.0,3,10,5,,6.7,0.0,False
CUST14423,Karak,Consumer,Retail,Instagram,Contacted,False,Active,CRM Enterprise,Summer Campaign,Phone,Samer Khalil,2025-08-10,2025-11-12,94.0,34.0,7,9,2,13.6,8.8,0.0,False
CUST14424,Amman,Corporate,Construction,Cold Call,Won,True,Active,CRM Enterprise,Q1 Acquisition,Website,Yara Odeh,2025-07-29,,,76.0,9,10,9,12.2,6.0,5176.83,True
CUST14425,Salt,Consumer,Finance,Google Ads,Contacted,False,Active,CRM Enterprise,No Campaign,Phone,Yara Odeh,2025-12-02,2025-12-31,29.0,53.0,2,13,6,8.5,6.4,0.0,False
CUST14426,Madaba,Corporate,Technology,Instagram,Negotiation,False,Prospect,CRM Enterprise,Q1 Acquisition,Email,Ahmad Saleh,2024-05-24,2024-07-28,65.0,80.0,4,6,11,21.4,5.8,1302.08,True
CUST14427,Aqaba,Small Business,Hospitality,Referral,Won,True,Active,CRM Basic,No Campaign,WhatsApp,Yara Odeh,2023-10-24,2024-08-09,290.0,65.0,5,4,2,9.9,8.5,383.24,True
CUST14428,Salt,Consumer,Construction,Facebook,Won,True,Active,CRM Professional,Back-to-School,Meeting,Dana Nasser,2025-10-28,2025-12-31,64.0,70.0,7,9,6,3.3,8.0,281.65,True
CUST14429,Aqaba,Consumer,Hospitality,LinkedIn,Contacted,False,Active,Analytics Add-on,Back-to-School,Email,Lina Haddad,2025-11-22,2025-12-31,39.0,81.0,5,9,3,5.5,7.9,0.0,False
CUST14430,Zarqa,Enterprise,Construction,LinkedIn,Qualified,False,Active,Marketing Add-on,Referral Program,Website,Ahmad Saleh,2024-12-22,2025-05-19,148.0,78.0,5,6,6,16.0,8.4,0.0,False
CUST14431,Salt,Corporate,Healthcare,Google Ads,Qualified,False,Prospect,CRM Basic,Referral Program,WhatsApp,Dana Nasser,2025-07-19,2025-09-18,61.0,35.0,4,5,6,13.6,7.5,0.0,False
CUST14432,Madaba,Small Business,Retail,Instagram,Qualified,False,Active,CRM Basic,Spring Campaign,Website,Yara Odeh,2025-12-27,2025-12-31,4.0,65.0,3,10,5,10.3,7.2,0.0,False
CUST14433,Amman,Consumer,Education,Referral,Contacted,False,Active,Analytics Add-on,Q1 Acquisition,Website,Ahmad Saleh,2025-07-07,2025-10-03,88.0,74.0,8,11,4,5.9,8.1,0.0,False
CUST14434,Zarqa,Consumer,Technology,Referral,Qualified,False,Active,CRM Professional,Unknown,Website,Lina Haddad,2023-12-19,,,45.0,6,9,3,5.0,8.0,0.0,False
CUST14435,Madaba,Consumer,Construction,Facebook,Qualified,False,Active,CRM Professional,Q1 Acquisition,Social Media,Omar Mansour,2025-11-15,2025-12-31,46.0,71.0,10,7,4,17.0,6.4,0.0,False
CUST14436,Irbid,Consumer,Healthcare,Trade Show,Proposal,False,Active,CRM Professional,Year-End Campaign,Website,Samer Khalil,2025-07-26,2025-10-16,82.0,78.0,8,8,7,10.9,,100.1,True
CUST14437,Jerash,Small Business,Hospitality,LinkedIn,Won,True,Active,CRM Professional,No Campaign,Website,Omar Mansour,2025-12-01,2025-12-31,30.0,46.0,4,15,5,10.2,5.4,803.41,True
CUST14438,Aqaba,Corporate,Healthcare,Trade Show,Qualified,False,Active,CRM Professional,Back-to-School,Email,Yara Odeh,2024-03-23,,,44.0,4,10,2,4.8,9.0,0.0,False
CUST14439,Zarqa,Small Business,Healthcare,Trade Show,Contacted,False,Active,CRM Professional,Spring Campaign,Email,Yara Odeh,2025-10-08,2025-12-31,84.0,39.0,6,5,2,22.9,,0.0,False
CUST14440,Amman,Consumer,Hospitality,Facebook,Negotiation,False,Prospect,CRM Basic,Spring Campaign,Email,Samer Khalil,2025-03-10,2025-12-15,280.0,73.0,7,7,3,,10.0,39.23,True
CUST14441,Amman,Small Business,Healthcare,Trade Show,Won,True,Active,Marketing Add-on,Q1 Acquisition,WhatsApp,Samer Khalil,2024-05-22,2025-02-16,270.0,69.0,5,10,5,12.5,9.1,403.57,True
CUST14442,Zarqa,Enterprise,Finance,Trade Show,Contacted,False,Active,Marketing Add-on,Year-End Campaign,Social Media,Yara Odeh,2023-07-06,2024-04-23,292.0,58.0,4,9,5,5.6,10.0,0.0,False
CUST14443,Karak,Corporate,Healthcare,Facebook,Proposal,False,Prospect,Marketing Add-on,Year-End Campaign,WhatsApp,Lina Haddad,2023-11-02,2024-05-23,203.0,61.0,8,11,11,9.4,5.0,254.29,True
CUST14444,Jerash,Small Business,Technology,Email Campaign,New Lead,False,Prospect,Analytics Add-on,Back-to-School,Social Media,Lina Haddad,2023-11-01,2023-11-25,24.0,9.0,8,6,3,10.9,6.3,0.0,False
CUST14445,Salt,Enterprise,Construction,Trade Show,Qualified,False,Active,CRM Enterprise,Spring Campaign,Social Media,Omar Mansour,2025-04-17,2025-12-31,258.0,6.0,8,10,1,5.1,8.9,0.0,False
CUST14446,Irbid,Corporate,Retail,LinkedIn,Won,True,Prospect,CRM Basic,Spring Campaign,Phone,Dana Nasser,2023-09-10,2024-07-17,311.0,69.0,9,4,3,17.7,8.7,1447.18,True
CUST14447,Zarqa,Consumer,Technology,Facebook,Won,True,Inactive,CRM Basic,No Campaign,Meeting,Dana Nasser,2023-09-18,2024-04-13,208.0,83.0,5,9,10,11.7,6.5,137.4,True
CUST14448,Amman,Consumer,Education,Cold Call,Proposal,False,Active,CRM Basic,Q1 Acquisition,Phone,Omar Mansour,2024-10-05,2025-07-12,280.0,67.0,2,5,3,31.7,6.7,16.85,True
CUST14449,Salt,Enterprise,Manufacturing,Trade Show,Negotiation,False,Active,CRM Professional,Summer Campaign,Phone,Samer Khalil,2025-06-11,2025-12-31,203.0,51.0,5,9,2,3.3,9.8,2803.47,True
CUST14450,Karak,Small Business,Finance,Email Campaign,Won,True,Active,CRM Professional,Q1 Acquisition,Social Media,Lina Haddad,2025-11-17,2025-12-31,44.0,97.0,2,7,6,3.5,7.0,790.11,True
CUST14451,Madaba,Consumer,Finance,LinkedIn,Lost,False,Active,Marketing Add-on,Spring Campaign,Social Media,Omar Mansour,2025-11-27,2025-12-23,26.0,37.0,8,6,4,15.4,6.2,0.0,False
CUST14452,Salt,Consumer,Education,Unknown,Qualified,False,Active,CRM Professional,No Campaign,WhatsApp,Dana Nasser,2023-09-08,2024-03-20,194.0,77.0,2,5,6,11.9,8.2,0.0,False
CUST14453,Aqaba,Small Business,Hospitality,LinkedIn,Proposal,False,Active,CRM Professional,Q1 Acquisition,Social Media,Samer Khalil,2023-07-07,,,85.0,6,6,5,5.3,7.8,160.54,True
CUST14454,Zarqa,Enterprise,Technology,Instagram,Qualified,False,Prospect,CRM Enterprise,Year-End Campaign,Website,Dana Nasser,2025-08-21,2025-12-31,132.0,76.0,1,8,2,49.0,10.0,0.0,False
CUST14455,Madaba,Consumer,Technology,Cold Call,New Lead,False,Active,CRM Basic,Unknown,Website,Samer Khalil,2023-05-17,2024-04-02,321.0,53.0,11,6,4,6.2,,0.0,False
CUST14456,Zarqa,Small Business,Education,Referral,Qualified,False,Active,Marketing Add-on,Year-End Campaign,Social Media,Dana Nasser,2023-03-16,2023-05-30,75.0,36.0,4,7,1,12.6,5.7,0.0,False
CUST14457,Jerash,Corporate,Hospitality,Instagram,Won,True,Active,CRM Professional,No Campaign,Website,Yara Odeh,2024-10-15,2025-03-27,163.0,76.0,6,11,2,5.1,6.9,1995.5,True
CUST14458,Amman,Consumer,Manufacturing,Facebook,Won,True,Inactive,CRM Basic,Spring Campaign,Social Media,Ahmad Saleh,2024-08-31,2025-06-26,299.0,100.0,4,5,2,7.3,7.1,113.94,True
CUST14459,Irbid,Consumer,Healthcare,Facebook,Won,True,Inactive,Marketing Add-on,Q1 Acquisition,Phone,Samer Khalil,2023-01-04,2023-02-02,29.0,75.0,10,6,5,9.1,8.8,215.99,True
CUST14460,Aqaba,Enterprise,Hospitality,Referral,New Lead,False,Active,CRM Enterprise,Spring Campaign,Social Media,Samer Khalil,2024-07-07,2024-12-19,165.0,9.0,5,13,5,9.8,7.5,0.0,False
CUST14461,Aqaba,Small Business,Construction,Google Ads,Proposal,False,Active,CRM Professional,Back-to-School,Phone,Samer Khalil,2023-07-11,2024-06-12,337.0,81.0,2,11,7,7.2,8.6,95.83,True
CUST14462,Zarqa,Small Business,Healthcare,Google Ads,New Lead,False,Active,CRM Enterprise,Back-to-School,Email,Ahmad Saleh,2023-11-16,2024-05-20,186.0,,1,6,5,4.7,6.1,0.0,False
CUST14463,Irbid,Small Business,Construction,Referral,Contacted,False,Inactive,CRM Enterprise,No Campaign,Website,Ahmad Saleh,2023-09-11,2023-11-04,54.0,48.0,7,5,5,7.2,10.0,0.0,False
CUST14464,Salt,Consumer,Retail,Facebook,Won,True,Active,CRM Basic,Q1 Acquisition,Email,Dana Nasser,2025-12-25,2025-12-31,6.0,74.0,3,5,4,9.7,8.2,93.12,True
CUST14465,Zarqa,Enterprise,Technology,LinkedIn,Qualified,False,Active,Analytics Add-on,Referral Program,Website,Lina Haddad,2024-11-06,2024-12-18,42.0,65.0,6,6,7,15.0,9.1,0.0,False
CUST14466,Irbid,Consumer,Technology,Cold Call,Negotiation,False,Active,Marketing Add-on,Q1 Acquisition,Meeting,Yara Odeh,2025-09-11,2025-12-31,111.0,88.0,6,8,4,6.3,9.0,73.81,True
CUST14467,Madaba,Consumer,Education,Unknown,New Lead,False,Prospect,CRM Professional,Q1 Acquisition,Meeting,Dana Nasser,2023-05-11,2023-09-26,138.0,42.0,6,7,6,21.6,9.1,0.0,False
CUST14468,Madaba,Consumer,Education,Cold Call,Qualified,False,Active,CRM Enterprise,Year-End Campaign,Meeting,Samer Khalil,2023-03-10,2023-09-13,187.0,72.0,5,15,3,2.4,8.6,0.0,False
CUST14469,Aqaba,Consumer,Healthcare,Referral,Negotiation,False,Prospect,Analytics Add-on,No Campaign,Email,Samer Khalil,2023-02-08,2023-08-31,204.0,100.0,8,8,5,,8.1,54.75,True
CUST14470,Salt,Corporate,Hospitality,Facebook,New Lead,False,Active,CRM Professional,Spring Campaign,Meeting,Yara Odeh,2025-11-02,2025-12-14,42.0,35.0,4,16,5,14.4,7.7,0.0,False
CUST14471,Unknown,Corporate,Technology,Google Ads,Contacted,False,Active,Marketing Add-on,Spring Campaign,Social Media,Dana Nasser,2024-08-01,2025-07-17,350.0,100.0,4,13,5,20.2,8.6,0.0,False
CUST14472,Amman,Enterprise,Technology,Facebook,New Lead,False,Active,CRM Enterprise,Year-End Campaign,Meeting,Omar Mansour,2024-12-18,2025-10-02,288.0,76.0,4,7,5,6.1,6.0,0.0,False
CUST14473,Karak,Consumer,Finance,Google Ads,Proposal,False,Active,CRM Professional,Referral Program,Email,Lina Haddad,2023-06-20,2023-07-16,26.0,58.0,6,7,4,8.0,5.9,58.18,True
CUST14474,Amman,Corporate,Unknown,Cold Call,Lost,False,Prospect,CRM Enterprise,No Campaign,Website,Ahmad Saleh,2024-07-25,2024-09-19,56.0,86.0,6,4,6,15.4,4.8,0.0,False
CUST14475,Jerash,Small Business,Retail,Instagram,Won,True,Prospect,CRM Professional,Spring Campaign,WhatsApp,Lina Haddad,2023-05-06,2024-01-14,253.0,69.0,11,10,6,2.7,6.3,1106.08,True
CUST14476,Amman,Corporate,Retail,LinkedIn,Lost,False,Inactive,CRM Basic,Referral Program,Website,Omar Mansour,2024-05-23,2024-09-22,122.0,94.0,7,8,4,12.0,9.7,0.0,False
CUST14477,Irbid,Corporate,Construction,Cold Call,Won,True,Inactive,Analytics Add-on,Unknown,WhatsApp,Dana Nasser,2025-06-02,2025-09-16,106.0,100.0,2,8,2,16.1,6.3,1798.49,True
CUST14478,Salt,Consumer,Healthcare,LinkedIn,Won,True,Prospect,CRM Professional,Back-to-School,Social Media,Dana Nasser,2023-06-11,2023-10-19,130.0,90.0,4,6,7,28.9,10.0,313.01,True
CUST14479,Salt,Consumer,Manufacturing,Trade Show,Proposal,False,Active,Analytics Add-on,Spring Campaign,Website,Samer Khalil,2025-06-20,2025-12-31,194.0,77.0,9,11,3,12.5,6.9,47.52,True
CUST14480,Karak,Consumer,Hospitality,Cold Call,Qualified,False,Prospect,CRM Basic,Q1 Acquisition,Email,Yara Odeh,2023-07-29,2024-01-03,158.0,52.0,2,6,5,32.7,6.1,0.0,False
CUST14481,Salt,Small Business,Technology,Website,Qualified,False,Prospect,CRM Professional,No Campaign,Social Media,Dana Nasser,2025-03-27,2025-11-13,231.0,69.0,5,5,3,24.7,6.1,0.0,False
CUST14482,Salt,Enterprise,Finance,Website,Won,True,Active,Analytics Add-on,Back-to-School,Website,Omar Mansour,2024-02-02,,,100.0,6,8,7,18.2,4.4,4134.49,True
CUST14483,Karak,Consumer,Hospitality,LinkedIn,Contacted,False,Inactive,Marketing Add-on,Q1 Acquisition,Social Media,Dana Nasser,2023-09-20,2023-12-20,91.0,52.0,8,7,3,9.5,9.6,0.0,False
CUST14484,Zarqa,Consumer,Technology,Trade Show,New Lead,False,Active,Marketing Add-on,Referral Program,WhatsApp,Dana Nasser,2023-09-08,2023-09-30,22.0,45.0,6,10,2,9.7,8.0,0.0,False
CUST14485,Karak,Consumer,Education,LinkedIn,Lost,False,Active,Analytics Add-on,Referral Program,Social Media,Omar Mansour,2024-02-01,2024-11-17,290.0,61.0,4,7,5,21.9,9.6,0.0,False
CUST14486,Aqaba,Corporate,Hospitality,Referral,New Lead,False,Active,CRM Basic,Summer Campaign,Email,Ahmad Saleh,2023-11-29,2024-03-18,110.0,18.0,4,14,3,13.6,4.6,0.0,False
CUST14487,Salt,Consumer,Healthcare,Website,Lost,False,Active,Analytics Add-on,Back-to-School,Website,Lina Haddad,2023-04-01,2023-05-20,49.0,47.0,2,3,4,7.6,7.0,0.0,False
CUST14488,Madaba,Consumer,Hospitality,Facebook,Negotiation,False,Active,CRM Basic,Back-to-School,WhatsApp,Dana Nasser,2023-03-22,2023-07-29,129.0,98.0,5,2,5,11.0,9.2,44.43,True
CUST14489,Jerash,Consumer,Manufacturing,LinkedIn,Contacted,False,Prospect,CRM Basic,Spring Campaign,Social Media,Lina Haddad,2024-11-26,2025-02-07,73.0,44.0,5,3,4,17.1,7.6,0.0,False
CUST14490,Madaba,Small Business,Hospitality,LinkedIn,Negotiation,False,Active,CRM Basic,No Campaign,Phone,Lina Haddad,2024-03-08,2025-02-11,340.0,85.0,11,7,3,5.2,8.5,112.74,True
CUST14491,Amman,Small Business,Hospitality,Email Campaign,Won,True,Active,Analytics Add-on,Back-to-School,WhatsApp,Samer Khalil,2025-04-09,2025-06-01,53.0,47.0,5,8,5,22.7,6.3,1136.33,True
CUST14492,Jerash,Corporate,Hospitality,Email Campaign,Contacted,False,Active,CRM Basic,No Campaign,WhatsApp,Ahmad Saleh,2024-01-30,2025-01-20,356.0,52.0,3,12,2,9.1,9.0,0.0,False
CUST14493,Karak,Consumer,Retail,Google Ads,Won,True,Active,CRM Basic,Year-End Campaign,Email,Lina Haddad,2024-01-31,2024-07-17,168.0,77.0,6,7,2,15.0,6.8,150.05,True
CUST14494,Madaba,Consumer,Technology,Trade Show,Won,True,Active,CRM Basic,Referral Program,Email,Samer Khalil,2025-06-29,2025-08-13,45.0,81.0,6,9,7,20.8,7.8,190.62,True
CUST14495,Zarqa,Consumer,Manufacturing,Website,Contacted,False,Active,CRM Professional,Q1 Acquisition,Social Media,Omar Mansour,2023-10-16,2024-01-29,105.0,47.0,2,5,1,9.4,8.0,0.0,False
CUST14496,Madaba,Consumer,Construction,Website,New Lead,False,Active,Marketing Add-on,Back-to-School,Phone,Omar Mansour,2025-01-15,2025-06-14,150.0,65.0,2,9,8,14.0,7.0,0.0,False
CUST14497,Karak,Consumer,Healthcare,Email Campaign,Contacted,False,Active,CRM Professional,Referral Program,WhatsApp,Omar Mansour,2023-08-02,2023-12-26,146.0,32.0,4,9,4,7.1,7.4,0.0,False
CUST14498,Madaba,Consumer,Construction,LinkedIn,Contacted,False,Prospect,CRM Professional,Q1 Acquisition,Social Media,Yara Odeh,2023-08-31,2024-03-22,204.0,43.0,8,7,3,10.9,8.5,0.0,False
CUST14499,Aqaba,Small Business,Retail,LinkedIn,New Lead,False,Active,CRM Basic,Year-End Campaign,Meeting,Yara Odeh,2024-10-14,2025-10-11,362.0,24.0,3,8,3,,5.0,0.0,False
CUST14500,Irbid,Consumer,Technology,Website,Negotiation,False,Active,CRM Basic,Q1 Acquisition,Phone,Omar Mansour,2024-05-14,2025-03-09,299.0,47.0,5,7,3,,,41.82,True
CUST14501,Amman,Consumer,Finance,Trade Show,Qualified,False,Prospect,CRM Basic,Referral Program,Social Media,Omar Mansour,2024-12-03,2025-05-19,167.0,100.0,6,5,4,18.1,4.4,0.0,False
CUST14502,Karak,Corporate,Healthcare,Instagram,Won,True,Prospect,CRM Professional,No Campaign,WhatsApp,Samer Khalil,2025-03-09,2025-09-26,201.0,61.0,7,9,4,5.7,5.8,2377.94,True
CUST14503,Aqaba,Small Business,Technology,Referral,Contacted,False,Active,CRM Enterprise,Year-End Campaign,Social Media,Ahmad Saleh,2024-02-04,2024-06-17,134.0,55.0,4,5,4,11.7,4.6,0.0,False
CUST14504,Salt,Corporate,Retail,Website,Qualified,False,Active,CRM Professional,Q1 Acquisition,Email,Ahmad Saleh,2025-02-15,2025-09-14,211.0,65.0,6,4,1,7.2,7.5,0.0,False
CUST14505,Madaba,Corporate,Retail,Google Ads,Proposal,False,Inactive,Analytics Add-on,Year-End Campaign,Email,Samer Khalil,2024-01-10,2024-02-27,48.0,70.0,8,7,3,24.8,6.6,242.47,True
CUST14506,Jerash,Consumer,Finance,Unknown,Won,True,Inactive,Marketing Add-on,Referral Program,Website,Samer Khalil,2025-01-31,,,92.0,3,6,4,2.4,7.8,261.65,True
CUST14507,Amman,Corporate,Healthcare,Website,Proposal,False,Inactive,CRM Basic,No Campaign,Phone,Yara Odeh,2023-09-11,2024-05-07,239.0,20.0,1,6,0,30.7,8.0,154.47,True
CUST14508,Madaba,Small Business,Healthcare,Email Campaign,Qualified,False,Active,CRM Basic,Q1 Acquisition,Meeting,Dana Nasser,2024-12-09,2024-12-16,7.0,90.0,4,12,5,25.5,6.1,0.0,False
CUST14509,Zarqa,Consumer,Manufacturing,Website,Won,True,Active,Analytics Add-on,Referral Program,WhatsApp,Lina Haddad,2023-12-25,2024-09-22,272.0,79.0,5,7,1,12.5,7.9,250.48,True
CUST14510,Irbid,Consumer,Technology,Instagram,Contacted,False,Active,CRM Basic,Q1 Acquisition,Phone,Yara Odeh,2024-06-14,2024-07-21,37.0,64.0,4,4,1,13.3,6.6,0.0,False
CUST14511,Salt,Small Business,Manufacturing,Referral,New Lead,False,Inactive,CRM Professional,Referral Program,Email,Yara Odeh,2023-10-08,2024-05-06,211.0,20.0,6,7,2,14.9,9.4,0.0,False
CUST14512,Aqaba,Consumer,Retail,LinkedIn,Qualified,False,Active,CRM Professional,No Campaign,Meeting,Omar Mansour,2025-12-04,2025-12-31,27.0,35.0,5,10,4,6.2,7.6,,False
CUST14513,Zarqa,Consumer,Construction,Cold Call,Won,True,Active,Marketing Add-on,No Campaign,WhatsApp,Yara Odeh,2023-06-29,2023-11-01,125.0,90.0,5,7,2,11.2,5.9,237.46,True
CUST14514,Karak,Consumer,Retail,Email Campaign,New Lead,False,Active,CRM Enterprise,Year-End Campaign,Website,Yara Odeh,2024-10-09,2025-09-11,337.0,54.0,10,9,6,22.1,5.4,0.0,False
CUST14515,Karak,Consumer,Hospitality,Instagram,Proposal,False,Prospect,CRM Basic,Back-to-School,Email,Lina Haddad,2023-03-07,2023-09-15,192.0,42.0,9,6,3,13.7,5.8,10.95,True
CUST14516,Karak,Consumer,Finance,Google Ads,Proposal,False,Active,CRM Basic,No Campaign,Email,Dana Nasser,2023-10-31,2024-06-05,218.0,79.0,5,8,4,4.4,6.2,19.22,True
CUST14517,Madaba,Consumer,Unknown,Google Ads,Lost,False,Active,CRM Basic,Back-to-School,Meeting,Ahmad Saleh,2024-03-14,2024-10-14,214.0,59.0,8,9,4,9.3,,0.0,False
CUST14518,Salt,Consumer,Construction,Facebook,Contacted,False,Inactive,CRM Professional,Spring Campaign,Phone,Omar Mansour,2025-05-31,2025-08-01,62.0,63.0,7,4,5,5.6,5.0,0.0,False
CUST14519,Karak,Consumer,Construction,Cold Call,Contacted,False,Active,CRM Professional,No Campaign,Social Media,Yara Odeh,2025-01-22,2025-12-16,328.0,53.0,2,0,3,10.9,7.7,0.0,False
CUST14520,Karak,Small Business,Healthcare,Website,Qualified,False,Active,Analytics Add-on,Summer Campaign,Phone,Yara Odeh,2025-03-24,2025-09-01,161.0,66.0,8,7,2,21.9,6.0,0.0,False
CUST14521,Zarqa,Consumer,Construction,Facebook,Qualified,False,Active,CRM Professional,Year-End Campaign,Email,Ahmad Saleh,2023-06-05,2023-08-10,66.0,94.0,5,11,8,9.2,10.0,0.0,False
CUST14522,Jerash,Corporate,Manufacturing,Google Ads,Negotiation,False,Active,CRM Professional,Spring Campaign,Phone,Samer Khalil,2023-09-13,2024-06-25,286.0,61.0,5,8,1,4.4,8.5,424.14,True
CUST14523,Irbid,Corporate,Retail,Website,Proposal,False,Active,CRM Professional,Q1 Acquisition,Social Media,Lina Haddad,2023-11-13,2024-07-09,239.0,85.0,8,5,1,7.2,6.4,359.33,True
CUST14524,Unknown,Small Business,Hospitality,Facebook,Negotiation,False,Prospect,CRM Basic,Year-End Campaign,Website,Ahmad Saleh,2025-12-09,2025-12-29,20.0,81.0,4,7,3,14.0,7.4,144.57,True
CUST14525,Madaba,Corporate,Technology,Website,Won,True,Active,Marketing Add-on,Year-End Campaign,WhatsApp,Dana Nasser,2025-01-18,2025-07-25,188.0,53.0,3,7,3,10.3,,853.05,True
CUST14526,Karak,Consumer,Hospitality,Referral,Lost,False,Inactive,CRM Basic,Summer Campaign,Email,Ahmad Saleh,2024-10-19,2025-01-09,82.0,17.0,5,5,5,6.1,5.6,0.0,False
CUST14527,Amman,Consumer,Education,Cold Call,Qualified,False,Active,CRM Professional,Summer Campaign,Phone,Omar Mansour,2025-10-25,2025-12-31,67.0,63.0,1,7,5,3.2,6.5,0.0,False
CUST14528,Amman,Enterprise,Technology,Unknown,Lost,False,Active,CRM Basic,Summer Campaign,Email,Omar Mansour,2024-04-11,2024-10-30,202.0,13.0,6,8,5,13.7,,0.0,False
CUST14529,Karak,Consumer,Unknown,Email Campaign,Contacted,False,Inactive,CRM Professional,Referral Program,WhatsApp,Lina Haddad,2023-02-21,2023-07-03,132.0,2.0,6,12,5,1.6,9.1,0.0,False
CUST14530,Zarqa,Enterprise,Technology,Email Campaign,Negotiation,False,Active,Marketing Add-on,Summer Campaign,Phone,Samer Khalil,2025-01-16,,,100.0,7,11,8,1.5,,484.43,True
CUST14531,Amman,Small Business,Construction,Google Ads,Proposal,False,Active,CRM Basic,No Campaign,Website,Yara Odeh,2024-02-15,2024-06-26,132.0,48.0,3,2,4,3.6,7.1,81.41,True
CUST14532,Karak,Consumer,Retail,Referral,Won,True,Active,CRM Professional,Q1 Acquisition,WhatsApp,Omar Mansour,2023-03-27,2023-06-12,77.0,98.0,2,5,7,5.5,6.2,279.5,True
CUST14533,Amman,Small Business,Manufacturing,Cold Call,Qualified,False,Active,CRM Basic,No Campaign,Social Media,Dana Nasser,2024-10-20,2025-01-17,89.0,65.0,7,4,5,15.7,8.4,0.0,False
CUST14534,Irbid,Small Business,Construction,Instagram,Won,True,Active,Analytics Add-on,Year-End Campaign,Social Media,Lina Haddad,2025-04-14,2025-12-23,253.0,,3,5,1,10.6,7.1,756.15,True
CUST14535,Zarqa,Consumer,Construction,Trade Show,Lost,False,Inactive,CRM Enterprise,Summer Campaign,Email,Omar Mansour,2024-12-31,2025-12-10,344.0,83.0,9,7,4,7.1,7.0,0.0,False
CUST14536,Aqaba,Consumer,Hospitality,Instagram,Negotiation,False,Active,CRM Enterprise,Q1 Acquisition,Social Media,Dana Nasser,2023-07-24,2024-02-03,194.0,84.0,5,4,6,1.5,8.1,235.84,True
CUST14537,Jerash,Corporate,Healthcare,Email Campaign,Won,True,Prospect,CRM Professional,Referral Program,Phone,Yara Odeh,2025-12-14,2025-12-31,17.0,52.0,4,6,5,5.9,8.6,3861.98,True
CUST14538,Madaba,Small Business,Manufacturing,Instagram,New Lead,False,Active,Marketing Add-on,No Campaign,Social Media,Ahmad Saleh,2025-05-14,2025-06-16,33.0,71.0,7,8,4,16.9,,0.0,False
CUST14539,Salt,Consumer,Education,Website,Contacted,False,Active,CRM Professional,No Campaign,Website,Yara Odeh,2023-08-29,2023-10-26,58.0,25.0,6,11,4,13.0,4.7,0.0,False
CUST14540,Jerash,Consumer,Healthcare,Website,Lost,False,Active,CRM Professional,Back-to-School,Meeting,Dana Nasser,2023-06-08,2023-12-26,201.0,66.0,8,7,4,15.0,7.4,0.0,False
CUST14541,Zarqa,Corporate,Education,Instagram,Negotiation,False,Active,CRM Enterprise,Q1 Acquisition,Phone,Yara Odeh,2023-11-17,2023-12-15,28.0,53.0,4,7,4,2.3,9.1,3770.24,True
CUST14542,Salt,Small Business,Education,LinkedIn,Proposal,False,Active,CRM Professional,Summer Campaign,Meeting,Lina Haddad,2024-05-02,2024-06-06,35.0,57.0,2,8,3,10.2,5.6,120.8,True
CUST14543,Salt,Small Business,Retail,Facebook,Qualified,False,Inactive,CRM Basic,Summer Campaign,Email,Omar Mansour,2024-06-23,2024-10-26,125.0,100.0,3,8,5,6.7,6.0,0.0,False
CUST14544,Madaba,Enterprise,Retail,Trade Show,New Lead,False,Active,CRM Professional,Q1 Acquisition,Email,Samer Khalil,2025-10-22,2025-12-31,70.0,45.0,3,9,4,24.0,6.2,0.0,False
CUST14545,Aqaba,Consumer,Unknown,Google Ads,Qualified,False,Active,CRM Basic,Back-to-School,Social Media,Samer Khalil,2024-03-25,2024-05-06,42.0,44.0,6,9,8,4.4,8.5,0.0,False
CUST14546,Amman,Consumer,Finance,Instagram,Qualified,False,Prospect,CRM Professional,Year-End Campaign,Social Media,Dana Nasser,2025-12-23,2025-12-31,8.0,56.0,6,9,3,24.9,8.3,0.0,False
CUST14547,Salt,Corporate,Finance,Cold Call,Contacted,False,Active,CRM Enterprise,Referral Program,Email,Dana Nasser,2023-04-10,2023-10-15,188.0,55.0,8,8,5,8.3,7.9,0.0,False
CUST14548,Amman,Corporate,Education,LinkedIn,Contacted,False,Active,CRM Basic,Q1 Acquisition,Phone,Dana Nasser,2025-08-13,2025-12-02,111.0,33.0,5,10,6,9.9,9.5,0.0,False
CUST14549,Zarqa,Consumer,Manufacturing,Referral,Qualified,False,Active,CRM Enterprise,Spring Campaign,WhatsApp,Omar Mansour,2023-02-01,2023-10-30,271.0,73.0,5,8,4,11.8,6.7,0.0,False
CUST14550,Amman,Consumer,Finance,LinkedIn,Proposal,False,Active,Marketing Add-on,Summer Campaign,Email,Samer Khalil,2024-11-09,2025-09-30,325.0,51.0,7,12,3,2.2,6.6,21.68,True
CUST14551,Aqaba,Corporate,Retail,Trade Show,Contacted,False,Active,CRM Professional,No Campaign,Website,Samer Khalil,2024-02-11,2024-05-26,105.0,7.0,5,7,2,7.3,6.5,0.0,False
CUST14552,Madaba,Consumer,Finance,Cold Call,Proposal,False,Active,CRM Basic,No Campaign,Phone,Lina Haddad,2025-01-12,2025-11-28,320.0,63.0,6,9,3,10.8,9.4,25.0,True
CUST14553,Salt,Enterprise,Education,LinkedIn,Won,True,Active,Marketing Add-on,Spring Campaign,WhatsApp,Lina Haddad,2025-02-11,2025-03-24,41.0,68.0,9,6,2,18.5,5.5,2644.21,True
CUST14554,Zarqa,Consumer,Hospitality,Google Ads,Qualified,False,Inactive,CRM Enterprise,Back-to-School,WhatsApp,Ahmad Saleh,2023-09-12,2024-04-14,215.0,63.0,7,7,3,6.4,4.7,0.0,False
CUST14555,Karak,Consumer,Healthcare,Facebook,Won,True,Inactive,CRM Basic,Back-to-School,Phone,Omar Mansour,2024-05-18,2024-07-28,71.0,76.0,4,10,5,17.6,6.9,176.66,True
CUST14556,Jerash,Consumer,Manufacturing,Unknown,Lost,False,Inactive,CRM Professional,Back-to-School,Email,Dana Nasser,2025-11-12,2025-12-31,49.0,62.0,6,2,4,6.6,10.0,0.0,False
CUST14557,Zarqa,Corporate,Manufacturing,Website,New Lead,False,Active,CRM Enterprise,Spring Campaign,WhatsApp,Lina Haddad,2023-03-15,2023-11-06,236.0,54.0,3,12,4,28.0,7.1,0.0,False
CUST14558,Irbid,Corporate,Technology,Google Ads,New Lead,False,Active,CRM Professional,Back-to-School,Website,Ahmad Saleh,2025-08-08,2025-12-31,145.0,1.0,7,4,5,14.0,5.1,0.0,False
CUST14559,Salt,Small Business,Construction,Email Campaign,Qualified,False,Active,CRM Enterprise,Q1 Acquisition,Meeting,Ahmad Saleh,2024-01-31,2024-05-15,105.0,59.0,2,7,3,5.3,7.6,0.0,False
CUST14560,Zarqa,Enterprise,Finance,Referral,Proposal,False,Active,CRM Professional,Referral Program,Phone,Samer Khalil,2024-04-17,2024-09-26,162.0,58.0,3,10,3,12.3,8.0,1194.65,True
CUST14561,Jerash,Consumer,Construction,Trade Show,Qualified,False,Active,Analytics Add-on,Summer Campaign,Social Media,Omar Mansour,2024-11-10,2025-05-20,191.0,54.0,6,6,7,8.5,10.0,0.0,False
CUST14562,Madaba,Consumer,Construction,Trade Show,Contacted,False,Active,CRM Professional,Back-to-School,Meeting,Omar Mansour,2025-02-27,2025-03-08,9.0,14.0,3,7,6,12.7,10.0,0.0,False
CUST14563,Madaba,Corporate,Manufacturing,Instagram,Proposal,False,Active,CRM Enterprise,Year-End Campaign,Email,Yara Odeh,2023-11-28,2024-01-27,60.0,4.0,3,8,3,36.9,7.5,794.93,True
CUST14564,Aqaba,Corporate,Hospitality,Trade Show,New Lead,False,Inactive,Marketing Add-on,No Campaign,Phone,Dana Nasser,2024-06-07,2025-04-08,305.0,70.0,7,5,4,12.8,8.3,0.0,False
CUST14565,Salt,Corporate,Hospitality,Trade Show,Lost,False,Active,CRM Professional,Q1 Acquisition,Website,Omar Mansour,2024-04-24,2024-12-05,225.0,40.0,2,4,3,6.6,7.7,0.0,False
CUST14566,Amman,Corporate,Retail,Unknown,Contacted,False,Prospect,Analytics Add-on,Back-to-School,Meeting,Yara Odeh,2024-07-30,,,56.0,2,15,2,7.2,4.2,0.0,False
CUST14567,Karak,Consumer,Healthcare,Referral,Won,True,Inactive,CRM Basic,No Campaign,Meeting,Dana Nasser,2025-09-03,2025-12-31,119.0,66.0,4,6,4,16.1,8.8,105.04,True
CUST14568,Jerash,Consumer,Retail,Facebook,New Lead,False,Active,CRM Professional,Summer Campaign,WhatsApp,Omar Mansour,2023-06-29,2023-09-07,70.0,11.0,5,9,5,1.7,5.7,0.0,False
CUST14569,Madaba,Enterprise,Finance,Website,Contacted,False,Active,Marketing Add-on,Back-to-School,Email,Samer Khalil,2025-08-13,2025-12-31,140.0,39.0,5,4,4,6.5,7.0,0.0,False
CUST14570,Jerash,Consumer,Education,Cold Call,Contacted,False,Active,CRM Basic,Q1 Acquisition,Email,Yara Odeh,2024-11-27,2025-09-10,287.0,30.0,3,11,4,1.6,5.2,0.0,False
CUST14571,Aqaba,Consumer,Hospitality,LinkedIn,Lost,False,Inactive,CRM Basic,Referral Program,Phone,Ahmad Saleh,2024-06-14,2024-11-30,169.0,,5,11,10,1.9,8.6,0.0,False
CUST14572,Madaba,Small Business,Hospitality,Referral,New Lead,False,Active,CRM Professional,Q1 Acquisition,Phone,Omar Mansour,2025-03-07,2025-05-08,62.0,47.0,3,13,3,7.1,6.2,0.0,False
CUST14573,Karak,Consumer,Technology,LinkedIn,Proposal,False,Active,CRM Professional,Year-End Campaign,Website,Omar Mansour,2025-05-24,2025-12-31,221.0,80.0,6,8,5,4.4,6.2,41.82,True
CUST14574,Aqaba,Corporate,Technology,Email Campaign,Won,True,Active,CRM Enterprise,Summer Campaign,Social Media,Samer Khalil,2025-02-07,2025-02-21,14.0,88.0,5,5,3,0.7,6.6,10393.52,True
CUST14575,Jerash,Consumer,Hospitality,Facebook,Negotiation,False,Active,CRM Basic,Summer Campaign,Phone,Lina Haddad,2023-02-09,2023-07-23,164.0,34.0,6,8,1,7.7,7.2,54.83,True
CUST14576,Zarqa,Corporate,Healthcare,Google Ads,Qualified,False,Prospect,CRM Basic,Year-End Campaign,Meeting,Dana Nasser,2024-04-12,2024-12-13,245.0,53.0,1,12,3,6.5,7.2,0.0,False
CUST14577,Jerash,Small Business,Manufacturing,LinkedIn,Lost,False,Active,CRM Professional,Year-End Campaign,Phone,Lina Haddad,2025-05-19,2025-12-31,226.0,29.0,5,4,6,6.4,5.9,0.0,False
CUST14578,Aqaba,Small Business,Manufacturing,Google Ads,Won,True,Active,CRM Professional,Summer Campaign,Phone,Ahmad Saleh,2024-02-26,2024-03-05,8.0,83.0,4,12,4,7.1,9.2,1281.94,True
CUST14579,Madaba,Consumer,Hospitality,Instagram,Qualified,False,Active,CRM Professional,Spring Campaign,Website,Lina Haddad,2024-04-18,2024-09-19,154.0,47.0,3,8,6,15.4,7.4,0.0,False
CUST14580,Amman,Consumer,Manufacturing,Referral,Proposal,False,Prospect,CRM Enterprise,Back-to-School,WhatsApp,Ahmad Saleh,2023-07-12,2023-08-17,36.0,73.0,1,3,1,10.9,7.3,123.6,True
CUST14581,Irbid,Consumer,Technology,Instagram,Lost,False,Active,CRM Professional,Spring Campaign,Social Media,Dana Nasser,2024-04-24,2024-06-11,48.0,52.0,6,7,6,1.5,10.0,0.0,False
CUST14582,Irbid,Consumer,Education,Cold Call,Lost,False,Inactive,CRM Basic,Q1 Acquisition,Website,Samer Khalil,2024-03-19,,,40.0,6,3,7,15.7,8.9,0.0,False
CUST14583,Irbid,Small Business,Manufacturing,Instagram,Qualified,False,Prospect,Analytics Add-on,Referral Program,Phone,Ahmad Saleh,2023-10-07,2023-11-04,28.0,66.0,13,3,6,1.2,,0.0,False
CUST14584,Aqaba,Consumer,Construction,Google Ads,Won,True,Prospect,CRM Basic,Referral Program,WhatsApp,Dana Nasser,2024-12-29,2025-07-13,196.0,88.0,6,13,4,,6.1,116.92,True
CUST14585,Zarqa,Consumer,Unknown,Trade Show,Contacted,False,Active,CRM Basic,Q1 Acquisition,Phone,Yara Odeh,2023-06-28,2024-01-22,208.0,,10,8,5,11.2,6.7,0.0,False
CUST14586,Jerash,Consumer,Hospitality,Facebook,Qualified,False,Active,CRM Enterprise,Unknown,Website,Samer Khalil,2025-02-06,2025-08-29,204.0,67.0,5,7,4,21.1,4.9,0.0,False
CUST14587,Jerash,Small Business,Manufacturing,Instagram,Contacted,False,Active,CRM Basic,Q1 Acquisition,Email,Lina Haddad,2025-03-14,2025-12-31,292.0,63.0,3,6,2,6.0,7.3,0.0,False
CUST14588,Amman,Consumer,Construction,Cold Call,Contacted,False,Active,CRM Professional,Referral Program,Phone,Lina Haddad,2023-01-06,2023-04-20,104.0,43.0,5,6,6,12.5,8.3,0.0,False
CUST14589,Aqaba,Corporate,Education,Referral,Proposal,False,Active,CRM Professional,Referral Program,WhatsApp,Ahmad Saleh,2025-01-18,2025-09-05,230.0,52.0,3,7,7,27.4,7.6,485.76,True
CUST14590,Zarqa,Small Business,Hospitality,Cold Call,Qualified,False,Active,CRM Professional,Summer Campaign,Social Media,Omar Mansour,2023-10-11,2024-01-20,101.0,67.0,2,8,5,13.3,7.1,0.0,False
CUST14591,Aqaba,Corporate,Construction,Facebook,Contacted,False,Active,CRM Professional,No Campaign,Email,Yara Odeh,2025-02-06,2025-03-07,29.0,38.0,5,11,4,8.4,6.4,0.0,False
CUST14592,Unknown,Corporate,Healthcare,LinkedIn,Qualified,False,Active,Marketing Add-on,No Campaign,Phone,Omar Mansour,2024-10-03,2025-02-07,127.0,60.0,9,7,5,5.7,7.1,0.0,False
CUST14593,Aqaba,Consumer,Healthcare,Website,Qualified,False,Active,CRM Professional,No Campaign,Phone,Yara Odeh,2023-11-16,2024-10-19,338.0,57.0,3,6,4,12.3,9.7,0.0,False
CUST14594,Aqaba,Corporate,Construction,Referral,Lost,False,Active,CRM Enterprise,No Campaign,WhatsApp,Samer Khalil,2023-03-04,2023-03-14,10.0,79.0,1,6,2,8.2,7.8,0.0,False
CUST14595,Amman,Small Business,Technology,Google Ads,Won,True,Inactive,Marketing Add-on,No Campaign,Email,Lina Haddad,2024-01-14,2024-04-29,106.0,95.0,4,8,5,9.6,7.1,267.88,True
CUST14596,Amman,Corporate,Unknown,Website,Qualified,False,Active,CRM Enterprise,Spring Campaign,Email,Dana Nasser,2025-12-11,2025-12-31,20.0,85.0,7,6,5,7.1,8.1,0.0,False
CUST14597,Amman,Corporate,Construction,Cold Call,Won,True,Inactive,CRM Professional,Q1 Acquisition,Email,Yara Odeh,2024-03-29,2024-12-11,257.0,88.0,2,7,4,10.9,6.4,1780.16,True
CUST14598,Salt,Consumer,Retail,Cold Call,Qualified,False,Active,CRM Professional,No Campaign,Phone,Samer Khalil,2024-08-13,2025-06-04,295.0,66.0,6,4,4,3.0,8.4,0.0,False
CUST14599,Karak,Consumer,Education,Cold Call,Negotiation,False,Prospect,CRM Professional,Summer Campaign,Email,Ahmad Saleh,2023-03-21,2023-12-23,277.0,,6,5,3,7.5,4.2,105.96,True
CUST14600,Aqaba,Small Business,Retail,Website,Lost,False,Prospect,Analytics Add-on,Summer Campaign,Phone,Yara Odeh,2025-06-05,2025-08-09,65.0,36.0,2,6,2,5.2,,0.0,False
CUST14601,Aqaba,Small Business,Retail,Instagram,Qualified,False,Active,CRM Basic,Q1 Acquisition,Phone,Ahmad Saleh,2024-08-03,2025-05-01,271.0,37.0,8,7,8,1.9,5.1,0.0,False
CUST14602,Amman,Consumer,Education,Facebook,Negotiation,False,Active,Marketing Add-on,Referral Program,Meeting,Samer Khalil,2023-08-16,2024-02-20,188.0,85.0,2,8,3,5.6,8.3,81.66,True
CUST14603,Irbid,Consumer,Hospitality,Referral,Contacted,False,Active,CRM Enterprise,Back-to-School,Email,Dana Nasser,2024-09-02,2025-07-16,317.0,60.0,4,10,3,,8.1,0.0,False
CUST14604,Jerash,Consumer,Finance,Facebook,Contacted,False,Active,Analytics Add-on,Spring Campaign,Website,Lina Haddad,2025-07-21,2025-12-06,138.0,79.0,4,10,0,0.8,5.8,0.0,False
CUST14605,Irbid,Small Business,Education,Referral,Proposal,False,Inactive,CRM Basic,Year-End Campaign,Social Media,Lina Haddad,2025-10-17,2025-12-31,75.0,84.0,7,3,11,10.0,6.7,30.98,True
CUST14606,Karak,Enterprise,Construction,Referral,Lost,False,Inactive,Analytics Add-on,No Campaign,Social Media,Dana Nasser,2025-04-18,2025-08-01,105.0,36.0,5,14,7,9.4,4.8,0.0,False
CUST14607,Salt,Corporate,Hospitality,Unknown,Qualified,False,Active,CRM Basic,Back-to-School,Website,Lina Haddad,2025-01-05,2025-02-08,34.0,38.0,9,7,3,6.5,5.2,0.0,False
CUST14608,Amman,Consumer,Retail,Cold Call,Lost,False,Active,CRM Enterprise,Year-End Campaign,Email,Yara Odeh,2025-10-24,2025-12-31,68.0,52.0,8,8,4,7.1,7.6,0.0,False
CUST14609,Karak,Consumer,Hospitality,Email Campaign,Won,True,Prospect,CRM Professional,Spring Campaign,Phone,Omar Mansour,2025-04-15,2025-05-18,33.0,80.0,8,10,6,18.5,7.1,340.54,True
CUST14610,Unknown,Consumer,Hospitality,Facebook,Contacted,False,Active,CRM Enterprise,Spring Campaign,WhatsApp,Omar Mansour,2024-01-23,2025-01-11,354.0,39.0,4,7,2,11.7,,0.0,False
CUST14611,Zarqa,Consumer,Manufacturing,LinkedIn,Qualified,False,Prospect,CRM Enterprise,Back-to-School,Website,Dana Nasser,2024-11-24,2025-07-13,231.0,71.0,5,7,3,7.5,8.1,0.0,False
CUST14612,Jerash,Corporate,Construction,Cold Call,Proposal,False,Active,CRM Basic,No Campaign,Social Media,Omar Mansour,2024-10-09,2025-08-22,317.0,43.0,7,9,6,5.7,4.9,218.35,True
CUST14613,Amman,Consumer,Healthcare,Trade Show,Qualified,False,Active,CRM Professional,No Campaign,Social Media,Yara Odeh,2025-06-19,2025-12-31,195.0,48.0,4,10,8,1.5,4.9,0.0,False
CUST14614,Jerash,Small Business,Healthcare,Trade Show,New Lead,False,Active,CRM Basic,Year-End Campaign,Phone,Samer Khalil,2025-05-24,2025-11-22,182.0,97.0,8,4,4,22.5,6.3,0.0,False
CUST14615,Salt,Corporate,Construction,Instagram,Lost,False,Active,CRM Professional,Summer Campaign,Social Media,Lina Haddad,2024-07-26,2025-07-01,340.0,25.0,5,3,4,12.9,9.1,0.0,False
CUST14616,Aqaba,Enterprise,Construction,Website,Negotiation,False,Prospect,CRM Enterprise,Referral Program,Social Media,Yara Odeh,2024-11-05,2025-01-09,65.0,82.0,5,6,4,1.7,5.0,9619.15,True
CUST14617,Jerash,Consumer,Technology,Trade Show,Qualified,False,Prospect,CRM Basic,Summer Campaign,Phone,Samer Khalil,2023-11-22,2024-10-20,333.0,80.0,6,6,5,20.4,7.4,0.0,False
CUST14618,Amman,Consumer,Healthcare,Google Ads,Proposal,False,Active,CRM Professional,Spring Campaign,Email,Dana Nasser,2025-04-24,2025-04-25,1.0,,6,5,4,11.9,8.9,41.47,True
CUST14619,Aqaba,Consumer,Finance,Cold Call,New Lead,False,Active,CRM Enterprise,Referral Program,Meeting,Yara Odeh,2023-10-01,2024-02-11,133.0,54.0,1,5,0,5.9,7.4,0.0,False
CUST14620,Salt,Small Business,Retail,Email Campaign,Qualified,False,Inactive,CRM Professional,Referral Program,Social Media,Yara Odeh,2023-04-03,2023-06-22,80.0,69.0,13,12,1,8.4,4.9,0.0,False
CUST14621,Salt,Enterprise,Education,Cold Call,Lost,False,Active,Marketing Add-on,No Campaign,Meeting,Omar Mansour,2024-06-11,2025-03-09,271.0,45.0,1,9,2,10.4,8.0,0.0,False
CUST14622,Zarqa,Consumer,Education,Trade Show,Won,True,Inactive,CRM Professional,Year-End Campaign,Meeting,Samer Khalil,2023-06-20,2024-02-16,241.0,100.0,5,8,7,5.2,9.9,284.15,True
CUST14623,Irbid,Consumer,Finance,Email Campaign,Contacted,False,Active,CRM Basic,No Campaign,Email,Samer Khalil,2023-06-06,2023-07-04,28.0,78.0,3,6,1,,5.8,0.0,False
CUST14624,Salt,Corporate,Unknown,Instagram,Proposal,False,Prospect,CRM Basic,Q1 Acquisition,WhatsApp,Ahmad Saleh,2023-02-26,2023-10-07,223.0,87.0,6,10,3,2.8,8.7,111.71,True
CUST14625,Zarqa,Corporate,Retail,Instagram,Negotiation,False,Inactive,CRM Professional,Spring Campaign,Email,Samer Khalil,2023-06-12,2023-07-05,23.0,100.0,2,7,3,,8.8,781.37,True
CUST14626,Amman,Enterprise,Healthcare,Unknown,Qualified,False,Active,CRM Professional,Referral Program,Phone,Omar Mansour,2023-11-23,2024-03-11,109.0,79.0,3,7,3,9.4,7.2,0.0,False
CUST14627,Madaba,Consumer,Hospitality,Google Ads,New Lead,False,Prospect,CRM Basic,Back-to-School,Phone,Lina Haddad,2024-05-11,2024-08-26,107.0,33.0,4,8,3,17.5,,0.0,False
CUST14628,Jerash,Consumer,Technology,Trade Show,Qualified,False,Active,CRM Basic,Spring Campaign,Phone,Lina Haddad,2024-09-16,2025-02-08,145.0,46.0,4,11,3,2.8,7.0,0.0,False
CUST14629,Salt,Consumer,Healthcare,Google Ads,Proposal,False,Active,CRM Professional,Referral Program,Social Media,Lina Haddad,2023-08-22,2024-08-10,354.0,74.0,4,7,2,13.5,7.8,38.72,True
CUST14630,Karak,Consumer,Technology,Facebook,New Lead,False,Active,CRM Enterprise,No Campaign,Website,Omar Mansour,2024-04-30,2024-09-16,139.0,46.0,5,7,4,12.9,4.4,0.0,False
CUST14631,Salt,Small Business,Construction,LinkedIn,New Lead,False,Inactive,CRM Basic,Back-to-School,Social Media,Lina Haddad,2023-08-08,2024-05-18,284.0,49.0,12,5,3,8.4,8.9,0.0,False
CUST14632,Zarqa,Consumer,Construction,LinkedIn,Contacted,False,Prospect,CRM Enterprise,Back-to-School,Email,Yara Odeh,2023-05-12,2024-03-05,298.0,81.0,7,8,1,24.8,9.6,0.0,False
CUST14633,Karak,Consumer,Education,Facebook,Qualified,False,Prospect,Marketing Add-on,Referral Program,WhatsApp,Yara Odeh,2024-03-17,2024-06-24,99.0,52.0,3,10,2,2.1,4.3,0.0,False
CUST14634,Salt,Corporate,Retail,Google Ads,Proposal,False,Inactive,Marketing Add-on,Referral Program,WhatsApp,Lina Haddad,2025-03-03,2025-12-31,303.0,64.0,4,9,8,5.8,8.8,237.47,True
CUST14635,Aqaba,Consumer,Manufacturing,Instagram,Contacted,False,Active,Marketing Add-on,Unknown,WhatsApp,Dana Nasser,2025-03-23,2025-07-24,123.0,56.0,3,4,7,12.1,8.2,0.0,False
CUST14636,Madaba,Corporate,Hospitality,Unknown,Contacted,False,Active,Analytics Add-on,Year-End Campaign,Meeting,Dana Nasser,2023-04-29,2024-03-14,320.0,47.0,6,10,2,1.3,7.2,0.0,False
CUST14637,Amman,Consumer,Technology,Cold Call,Won,True,Active,CRM Basic,Spring Campaign,WhatsApp,Ahmad Saleh,2025-11-16,2025-12-31,45.0,43.0,3,7,3,,5.4,172.01,True
CUST14638,Salt,Corporate,Healthcare,Website,New Lead,False,Prospect,CRM Basic,Back-to-School,Meeting,Yara Odeh,2023-07-31,2023-10-20,81.0,31.0,4,7,4,8.2,7.7,0.0,False
CUST14639,Karak,Consumer,Unknown,Email Campaign,Qualified,False,Prospect,CRM Professional,Summer Campaign,Website,Ahmad Saleh,2024-05-27,2024-06-06,10.0,40.0,5,7,4,15.0,5.3,0.0,False
CUST14640,Jerash,Corporate,Hospitality,Instagram,Lost,False,Active,CRM Enterprise,Q1 Acquisition,WhatsApp,Samer Khalil,2023-01-17,2023-01-25,8.0,,7,8,3,,5.9,0.0,False
CUST14641,Madaba,Consumer,Healthcare,Instagram,Proposal,False,Inactive,Analytics Add-on,Spring Campaign,Meeting,Samer Khalil,2024-11-16,2025-06-09,205.0,50.0,4,12,4,8.4,7.8,32.03,True
CUST14642,Amman,Consumer,Hospitality,Referral,Negotiation,False,Active,CRM Basic,Spring Campaign,Social Media,Yara Odeh,2024-06-09,2025-04-20,315.0,72.0,4,8,2,2.7,,26.62,True
CUST14643,Salt,Corporate,Education,Instagram,Qualified,False,Active,CRM Professional,Q1 Acquisition,WhatsApp,Yara Odeh,2024-02-07,2024-08-22,197.0,61.0,7,10,2,4.7,7.6,0.0,False
CUST14644,Karak,Consumer,Finance,LinkedIn,New Lead,False,Active,CRM Enterprise,Back-to-School,Phone,Samer Khalil,2024-07-11,2025-01-25,198.0,50.0,6,5,9,4.5,7.5,0.0,False
CUST14645,Madaba,Consumer,Hospitality,Instagram,Proposal,False,Prospect,CRM Professional,Back-to-School,Email,Ahmad Saleh,2024-01-11,2024-02-10,30.0,72.0,3,5,6,3.6,9.5,37.54,True
CUST14646,Irbid,Corporate,Construction,Cold Call,Proposal,False,Active,CRM Professional,Summer Campaign,Social Media,Lina Haddad,2025-02-14,2025-03-06,20.0,73.0,5,11,6,14.4,7.9,516.15,True
CUST14647,Amman,Corporate,Manufacturing,Instagram,New Lead,False,Prospect,CRM Basic,Summer Campaign,Website,Samer Khalil,2024-10-26,2024-12-13,48.0,22.0,8,11,4,5.3,8.3,0.0,False
CUST14648,Salt,Consumer,Finance,LinkedIn,Qualified,False,Active,Marketing Add-on,Back-to-School,Social Media,Lina Haddad,2024-10-18,2025-02-25,130.0,55.0,8,10,5,11.8,,0.0,False
CUST14649,Jerash,Consumer,Construction,Facebook,Won,True,Active,CRM Professional,Q1 Acquisition,Phone,Lina Haddad,2023-06-23,2024-04-11,293.0,52.0,6,9,4,9.0,6.8,339.44,True
CUST14650,Aqaba,Consumer,Healthcare,Facebook,Contacted,False,Active,CRM Professional,Year-End Campaign,WhatsApp,Ahmad Saleh,2024-09-29,2025-02-08,132.0,58.0,6,8,7,40.3,6.2,0.0,False
CUST14651,Amman,Consumer,Construction,Trade Show,Qualified,False,Prospect,CRM Basic,Referral Program,WhatsApp,Dana Nasser,2025-02-09,2025-12-31,325.0,45.0,6,5,6,17.3,7.0,0.0,False
CUST14652,Salt,Enterprise,Finance,Website,Qualified,False,Active,CRM Professional,No Campaign,Website,Yara Odeh,2025-03-05,2025-04-28,54.0,87.0,4,7,7,9.6,7.4,0.0,False
CUST14653,Zarqa,Small Business,Hospitality,Website,Won,True,Inactive,CRM Basic,Summer Campaign,Email,Dana Nasser,2025-10-13,2025-12-31,79.0,40.0,8,5,7,10.5,5.9,435.75,True
CUST14654,Unknown,Consumer,Manufacturing,Website,Won,True,Active,CRM Basic,Referral Program,WhatsApp,Omar Mansour,2023-08-11,2024-05-02,265.0,100.0,2,10,7,7.4,9.1,143.36,True
CUST14655,Irbid,Enterprise,Manufacturing,Instagram,Negotiation,False,Active,CRM Basic,Year-End Campaign,Meeting,Dana Nasser,2024-06-17,2025-01-18,215.0,78.0,7,10,7,17.9,7.2,744.03,True
CUST14656,Karak,Small Business,Retail,Facebook,Qualified,False,Prospect,CRM Basic,Back-to-School,Website,Samer Khalil,2023-04-27,2024-02-11,290.0,54.0,5,6,1,9.7,8.0,0.0,False
CUST14657,Irbid,Small Business,Construction,Instagram,New Lead,False,Active,CRM Professional,No Campaign,WhatsApp,Ahmad Saleh,2024-06-06,2024-07-19,43.0,51.0,8,9,5,3.8,6.7,0.0,False
CUST14658,Aqaba,Consumer,Finance,Referral,Qualified,False,Prospect,CRM Professional,Year-End Campaign,Meeting,Lina Haddad,2024-12-17,2025-03-01,74.0,89.0,5,6,7,7.5,,0.0,False
CUST14659,Amman,Consumer,Retail,Trade Show,Negotiation,False,Active,Marketing Add-on,Summer Campaign,Social Media,Ahmad Saleh,2024-06-06,2025-05-22,350.0,100.0,4,6,4,21.7,9.4,54.54,True
CUST14660,Madaba,Small Business,Healthcare,Facebook,Negotiation,False,Inactive,CRM Basic,Referral Program,Website,Yara Odeh,2023-07-27,2024-04-30,278.0,73.0,7,12,5,5.4,5.5,250.79,True
CUST14661,Zarqa,Consumer,Healthcare,Website,Lost,False,Inactive,CRM Basic,No Campaign,Website,Omar Mansour,2023-07-22,2024-06-12,326.0,5.0,7,8,4,4.2,7.5,0.0,False
CUST14662,Jerash,Consumer,Healthcare,Email Campaign,Qualified,False,Prospect,Marketing Add-on,No Campaign,Website,Omar Mansour,2024-12-13,2025-08-12,242.0,58.0,7,5,4,1.0,4.2,0.0,False
CUST14663,Jerash,Consumer,Education,Instagram,Proposal,False,Active,CRM Basic,No Campaign,WhatsApp,Omar Mansour,2024-10-06,2025-02-13,130.0,56.0,7,9,4,13.0,8.7,18.51,True
CUST14664,Irbid,Consumer,Finance,Cold Call,Proposal,False,Active,CRM Basic,Q1 Acquisition,Website,Lina Haddad,2024-07-30,2025-07-15,350.0,80.0,4,8,2,14.1,7.7,15.7,True
CUST14665,Irbid,Small Business,Technology,Email Campaign,New Lead,False,Active,CRM Basic,Back-to-School,Social Media,Omar Mansour,2024-10-07,2025-04-19,194.0,32.0,4,4,6,21.3,6.6,0.0,False
CUST14666,Amman,Small Business,Manufacturing,Cold Call,Qualified,False,Active,Analytics Add-on,Back-to-School,Email,Yara Odeh,2023-01-24,2023-02-25,32.0,37.0,8,12,6,15.2,5.9,0.0,False
CUST14667,Karak,Consumer,Technology,Referral,Proposal,False,Active,Analytics Add-on,Summer Campaign,Email,Omar Mansour,2024-10-26,2025-02-09,106.0,57.0,2,10,6,16.0,4.4,33.06,True
CUST14668,Irbid,Consumer,Healthcare,Website,Lost,False,Active,CRM Professional,Spring Campaign,Phone,Omar Mansour,2025-10-14,2025-12-31,78.0,72.0,11,10,3,8.8,6.0,0.0,False
CUST14669,Jerash,Small Business,Hospitality,Instagram,Qualified,False,Prospect,CRM Enterprise,No Campaign,Social Media,Yara Odeh,2024-09-28,2024-09-29,1.0,63.0,2,6,4,8.0,7.3,0.0,False
CUST14670,Karak,Consumer,Construction,Unknown,Lost,False,Inactive,CRM Professional,Year-End Campaign,Social Media,Yara Odeh,2023-09-08,2024-05-10,245.0,65.0,4,9,3,15.6,6.6,0.0,False
CUST14671,Salt,Small Business,Hospitality,Cold Call,Proposal,False,Active,Marketing Add-on,Year-End Campaign,Website,Lina Haddad,2024-07-30,2024-10-10,72.0,59.0,5,8,7,7.3,5.0,34.02,True
CUST14672,Aqaba,Corporate,Finance,Instagram,Contacted,False,Prospect,CRM Basic,Back-to-School,Phone,Omar Mansour,2024-03-06,2025-01-06,306.0,74.0,4,7,2,9.5,4.5,0.0,False
CUST14673,Zarqa,Consumer,Hospitality,Referral,Contacted,False,Active,Analytics Add-on,Unknown,Meeting,Samer Khalil,2024-03-17,2024-04-01,15.0,33.0,4,8,2,15.6,5.6,0.0,False
CUST14674,Irbid,Corporate,Unknown,LinkedIn,New Lead,False,Inactive,CRM Basic,Referral Program,Meeting,Ahmad Saleh,2023-03-09,2023-05-01,53.0,25.0,5,9,4,2.4,7.1,0.0,False
CUST14675,Madaba,Corporate,Construction,LinkedIn,Qualified,False,Prospect,CRM Professional,Back-to-School,Social Media,Omar Mansour,2024-01-09,2024-01-17,8.0,87.0,5,14,3,13.7,9.1,0.0,False
CUST14676,Jerash,Consumer,Construction,Cold Call,New Lead,False,Prospect,CRM Basic,Year-End Campaign,Social Media,Omar Mansour,2023-12-03,2024-10-28,330.0,66.0,3,11,3,21.6,9.5,0.0,False
CUST14677,Irbid,Consumer,Technology,Website,Qualified,False,Active,CRM Enterprise,Q1 Acquisition,Social Media,Ahmad Saleh,2024-06-05,2024-07-21,46.0,22.0,5,6,4,5.2,8.1,0.0,False
CUST14678,Jerash,Enterprise,Hospitality,Cold Call,Lost,False,Inactive,CRM Enterprise,Back-to-School,WhatsApp,Omar Mansour,2024-12-29,2025-11-19,325.0,65.0,4,11,4,20.4,9.4,0.0,False
CUST14679,Jerash,Consumer,Healthcare,Google Ads,Negotiation,False,Active,CRM Professional,Q1 Acquisition,Social Media,Yara Odeh,2023-11-05,2024-02-27,114.0,46.0,6,7,6,11.6,,151.1,True
CUST14680,Salt,Corporate,Technology,Instagram,Negotiation,False,Prospect,CRM Enterprise,Q1 Acquisition,Meeting,Omar Mansour,2025-08-09,2025-12-31,144.0,94.0,3,8,5,12.8,,3364.08,True
CUST14681,Salt,Small Business,Technology,Instagram,New Lead,False,Active,CRM Enterprise,Year-End Campaign,WhatsApp,Samer Khalil,2023-07-18,2023-12-31,166.0,61.0,1,10,6,6.3,6.8,0.0,False
CUST14682,Karak,Consumer,Manufacturing,LinkedIn,Qualified,False,Inactive,Analytics Add-on,Spring Campaign,Meeting,Yara Odeh,2024-11-30,2025-04-18,139.0,92.0,2,9,2,13.8,6.3,0.0,False
CUST14683,Salt,Consumer,Technology,Email Campaign,Contacted,False,Active,CRM Basic,No Campaign,Social Media,Dana Nasser,2023-01-24,2023-05-21,117.0,84.0,7,8,5,18.2,7.4,0.0,False
CUST14684,Madaba,Small Business,Healthcare,Cold Call,Won,True,Active,CRM Professional,Year-End Campaign,Meeting,Lina Haddad,2023-11-04,2024-08-29,299.0,85.0,7,7,4,1.1,6.6,607.08,True
CUST14685,Karak,Consumer,Manufacturing,Website,Contacted,False,Active,CRM Basic,Year-End Campaign,Email,Lina Haddad,2025-11-23,2025-12-31,38.0,45.0,3,5,3,27.3,7.3,0.0,False
CUST14686,Aqaba,Small Business,Construction,LinkedIn,Qualified,False,Active,CRM Professional,Spring Campaign,WhatsApp,Ahmad Saleh,2024-02-20,2024-11-23,277.0,60.0,4,12,7,4.1,8.1,0.0,False
CUST14687,Salt,Enterprise,Healthcare,Cold Call,Proposal,False,Inactive,CRM Enterprise,Q1 Acquisition,WhatsApp,Samer Khalil,2023-07-30,2024-07-02,338.0,64.0,6,6,6,34.9,9.6,2990.67,True
CUST14688,Madaba,Corporate,Education,Facebook,Qualified,False,Prospect,CRM Enterprise,Unknown,Website,Lina Haddad,2025-07-26,2025-12-31,158.0,55.0,4,9,4,8.7,8.0,0.0,False
CUST14689,Amman,Consumer,Construction,Website,Won,True,Inactive,CRM Enterprise,No Campaign,Social Media,Ahmad Saleh,2023-09-28,,,76.0,7,10,4,3.3,8.4,428.9,True
CUST14690,Jerash,Corporate,Construction,Website,Contacted,False,Active,CRM Professional,Q1 Acquisition,Phone,Ahmad Saleh,2025-01-27,2025-12-23,330.0,73.0,7,8,4,24.0,6.8,0.0,False
CUST14691,Zarqa,Corporate,Hospitality,Email Campaign,Qualified,False,Prospect,CRM Enterprise,Unknown,Phone,Ahmad Saleh,2023-09-22,,,34.0,5,11,6,10.5,8.4,0.0,False
CUST14692,Amman,Enterprise,Education,Referral,Won,True,Active,CRM Professional,Spring Campaign,Phone,Lina Haddad,2023-12-14,2024-05-16,154.0,100.0,4,12,6,6.1,5.6,6127.24,True
CUST14693,Irbid,Consumer,Hospitality,Website,Proposal,False,Inactive,Marketing Add-on,Referral Program,Phone,Dana Nasser,2023-03-22,2023-10-09,201.0,67.0,8,6,5,5.4,6.5,28.39,True
CUST14694,Jerash,Corporate,Education,Instagram,Qualified,False,Prospect,CRM Professional,Year-End Campaign,Email,Ahmad Saleh,2024-05-08,2024-08-31,115.0,31.0,4,5,5,9.2,7.1,0.0,False
CUST14695,Zarqa,Small Business,Technology,Cold Call,New Lead,False,Active,CRM Enterprise,Q1 Acquisition,Phone,Omar Mansour,2025-05-03,2025-10-09,159.0,52.0,7,11,3,2.8,7.9,0.0,False
CUST14696,Irbid,Consumer,Finance,Trade Show,Negotiation,False,Prospect,CRM Enterprise,Year-End Campaign,Meeting,Dana Nasser,2025-05-15,2025-06-26,42.0,42.0,5,13,6,13.7,4.3,355.72,True
CUST14697,Zarqa,Enterprise,Healthcare,Trade Show,Lost,False,Inactive,Marketing Add-on,No Campaign,Website,Dana Nasser,2023-07-17,2024-03-20,247.0,47.0,8,12,4,17.9,9.2,0.0,False
CUST14698,Irbid,Consumer,Education,Email Campaign,Proposal,False,Active,CRM Professional,Back-to-School,Phone,Omar Mansour,2025-07-09,2025-09-15,68.0,100.0,6,9,2,19.3,6.7,61.36,True
CUST14699,Jerash,Consumer,Construction,Instagram,Won,True,Active,CRM Professional,Spring Campaign,Website,Lina Haddad,2025-03-31,2025-12-31,275.0,71.0,4,3,2,3.2,9.3,146.22,True
CUST14700,Madaba,Corporate,Construction,Website,Qualified,False,Active,CRM Professional,Q1 Acquisition,WhatsApp,Lina Haddad,2025-09-12,2025-12-31,110.0,53.0,5,9,8,2.1,8.9,0.0,False
CUST14701,Karak,Consumer,Finance,Instagram,Contacted,False,Prospect,CRM Professional,No Campaign,Meeting,Samer Khalil,2025-11-20,2025-12-31,41.0,66.0,6,12,0,18.8,6.2,0.0,False
CUST14702,Irbid,Corporate,Education,Facebook,New Lead,False,Active,CRM Enterprise,Unknown,Social Media,Lina Haddad,2025-04-14,2025-07-13,90.0,53.0,5,10,3,9.9,,0.0,False
CUST14703,Jerash,Corporate,Construction,Referral,Proposal,False,Active,Marketing Add-on,Summer Campaign,Phone,Samer Khalil,2023-02-05,2023-05-27,111.0,80.0,8,14,9,17.5,8.3,255.9,True
CUST14704,Salt,Consumer,Hospitality,Google Ads,Qualified,False,Active,CRM Basic,Spring Campaign,Website,Ahmad Saleh,2025-11-13,2025-12-31,48.0,51.0,3,6,3,29.5,7.7,0.0,False
CUST14705,Irbid,Consumer,Education,Referral,Won,True,Active,CRM Professional,No Campaign,Meeting,Lina Haddad,2023-03-28,2023-08-20,145.0,89.0,8,4,5,2.6,7.9,297.88,True
CUST14706,Madaba,Corporate,Finance,Website,Negotiation,False,Inactive,Marketing Add-on,Year-End Campaign,Website,Lina Haddad,2023-11-17,2024-08-18,275.0,62.0,5,17,3,3.5,7.2,655.92,True
CUST14707,Jerash,Small Business,Education,Instagram,Lost,False,Active,CRM Basic,Q1 Acquisition,Social Media,Omar Mansour,2025-12-17,2025-12-31,14.0,54.0,8,4,3,17.6,6.5,0.0,False
CUST14708,Aqaba,Enterprise,Technology,Referral,Qualified,False,Prospect,CRM Professional,Q1 Acquisition,WhatsApp,Ahmad Saleh,2025-11-21,2025-12-31,40.0,57.0,3,8,8,2.8,7.2,0.0,False
CUST14709,Madaba,Corporate,Technology,Cold Call,Qualified,False,Active,Analytics Add-on,No Campaign,Phone,Yara Odeh,2025-06-14,2025-12-31,200.0,75.0,10,5,3,17.2,,0.0,False
CUST14710,Jerash,Consumer,Manufacturing,Referral,Contacted,False,Active,Marketing Add-on,Referral Program,Website,Yara Odeh,2024-02-27,2025-01-11,319.0,68.0,7,11,7,,5.8,0.0,False
CUST14711,Aqaba,Consumer,Technology,Referral,Qualified,False,Active,CRM Professional,Q1 Acquisition,Phone,Samer Khalil,2025-01-31,2025-12-28,331.0,69.0,4,7,7,4.8,8.4,0.0,False
CUST14712,Karak,Enterprise,Retail,Unknown,Won,True,Prospect,CRM Basic,Year-End Campaign,Meeting,Ahmad Saleh,2024-12-28,,,65.0,3,7,8,30.5,6.7,2900.32,True
CUST14713,Jerash,Small Business,Manufacturing,Google Ads,New Lead,False,Active,CRM Basic,Summer Campaign,Email,Yara Odeh,2025-01-11,2025-04-25,104.0,10.0,6,5,6,11.0,7.7,0.0,False
CUST14714,Aqaba,Consumer,Education,Google Ads,Lost,False,Active,CRM Enterprise,Referral Program,Website,Dana Nasser,2025-08-09,2025-09-08,30.0,22.0,3,8,3,29.2,,0.0,False
CUST14715,Jerash,Corporate,Retail,Cold Call,Lost,False,Active,CRM Basic,Spring Campaign,WhatsApp,Omar Mansour,2024-07-31,2024-12-06,128.0,26.0,1,10,5,10.1,7.0,0.0,False
CUST14716,Jerash,Corporate,Healthcare,Instagram,Proposal,False,Active,CRM Basic,Summer Campaign,Meeting,Dana Nasser,2024-11-08,2025-05-26,199.0,100.0,5,15,3,12.9,8.2,106.15,True
CUST14717,Aqaba,Small Business,Finance,Facebook,Contacted,False,Inactive,Analytics Add-on,Spring Campaign,Social Media,Yara Odeh,2023-11-06,2024-04-08,154.0,63.0,7,2,4,4.7,8.6,0.0,False
CUST14718,Irbid,Consumer,Healthcare,Website,Contacted,False,Inactive,CRM Enterprise,Spring Campaign,Website,Samer Khalil,2024-01-07,2024-03-03,56.0,55.0,4,8,5,8.3,5.1,0.0,False
CUST14719,Madaba,Small Business,Retail,Email Campaign,Contacted,False,Active,Analytics Add-on,Spring Campaign,Email,Lina Haddad,2023-06-09,2024-03-13,278.0,39.0,7,2,6,8.1,5.3,0.0,False
CUST14720,Madaba,Corporate,Construction,Trade Show,New Lead,False,Active,CRM Basic,Q1 Acquisition,Social Media,Lina Haddad,2025-02-05,2025-12-31,329.0,59.0,4,9,6,5.9,5.0,0.0,False
CUST14721,Zarqa,Corporate,Technology,Instagram,Qualified,False,Inactive,CRM Basic,Q1 Acquisition,WhatsApp,Lina Haddad,2025-02-22,2025-03-13,19.0,56.0,6,12,6,3.0,9.7,0.0,False
CUST14722,Irbid,Enterprise,Hospitality,Referral,New Lead,False,Active,Analytics Add-on,Unknown,Phone,Samer Khalil,2023-05-01,2023-10-07,159.0,47.0,5,6,4,4.4,10.0,0.0,False
CUST14723,Amman,Small Business,Education,Trade Show,Negotiation,False,Active,CRM Enterprise,Referral Program,Phone,Dana Nasser,2023-04-09,2023-05-05,26.0,85.0,5,9,2,,7.7,928.61,True
CUST14724,Salt,Corporate,Manufacturing,Trade Show,Qualified,False,Active,Analytics Add-on,Q1 Acquisition,Website,Samer Khalil,2024-02-14,2024-08-01,169.0,68.0,4,10,4,22.7,7.7,0.0,False
CUST14725,Jerash,Enterprise,Construction,Cold Call,Contacted,False,Active,Marketing Add-on,Year-End Campaign,Social Media,Samer Khalil,2024-03-09,,,51.0,8,5,4,12.4,6.5,0.0,False
CUST14726,Amman,Consumer,Hospitality,LinkedIn,Proposal,False,Active,Analytics Add-on,Referral Program,Email,Dana Nasser,2024-08-02,2024-09-18,47.0,47.0,3,6,1,3.8,6.9,33.46,True
CUST14727,Salt,Consumer,Construction,Facebook,Lost,False,Active,CRM Professional,Q1 Acquisition,Email,Yara Odeh,2023-06-19,2023-07-02,13.0,46.0,4,8,4,11.5,8.0,0.0,False
CUST14728,Irbid,Corporate,Hospitality,Facebook,Negotiation,False,Active,CRM Professional,Q1 Acquisition,WhatsApp,Lina Haddad,2024-12-03,2025-07-08,217.0,95.0,2,8,1,10.1,8.6,981.47,True
CUST14729,Madaba,Consumer,Education,LinkedIn,Qualified,False,Active,CRM Professional,Year-End Campaign,Meeting,Omar Mansour,2024-03-15,2025-01-31,322.0,75.0,3,3,5,3.8,7.5,0.0,False
CUST14730,Irbid,Consumer,Technology,Website,Won,True,Active,CRM Enterprise,Summer Campaign,Social Media,Samer Khalil,2025-03-21,2025-10-01,194.0,86.0,12,6,4,14.6,3.4,1042.26,True
CUST14731,Amman,Consumer,Education,LinkedIn,Negotiation,False,Prospect,CRM Professional,Referral Program,Social Media,Samer Khalil,2024-05-31,2024-10-22,144.0,89.0,2,7,2,16.2,9.2,98.46,True
CUST14732,Jerash,Consumer,Finance,Email Campaign,Won,True,Prospect,Analytics Add-on,Year-End Campaign,Phone,Dana Nasser,2024-01-03,2024-03-16,73.0,56.0,4,5,1,6.8,7.3,223.89,True
CUST14733,Aqaba,Consumer,Hospitality,Email Campaign,Contacted,False,Prospect,CRM Basic,Q1 Acquisition,WhatsApp,Yara Odeh,2024-02-15,2024-07-20,156.0,47.0,10,11,7,22.9,7.7,0.0,False
CUST14734,Aqaba,Consumer,Unknown,Cold Call,Won,True,Active,Analytics Add-on,Year-End Campaign,WhatsApp,Omar Mansour,2023-01-12,2023-03-30,77.0,79.0,6,10,5,13.0,7.1,190.96,True
CUST14735,Salt,Enterprise,Construction,Referral,Contacted,False,Active,CRM Basic,Spring Campaign,Meeting,Samer Khalil,2023-09-15,2024-03-02,169.0,29.0,5,8,5,,5.7,0.0,False
CUST14736,Jerash,Corporate,Finance,Trade Show,Lost,False,Prospect,CRM Professional,Summer Campaign,WhatsApp,Ahmad Saleh,2024-03-09,2024-12-21,287.0,55.0,6,8,4,29.3,6.8,0.0,False
CUST14737,Madaba,Corporate,Healthcare,Facebook,Contacted,False,Active,Analytics Add-on,Referral Program,Social Media,Omar Mansour,2025-11-07,2025-12-31,54.0,64.0,6,6,1,14.3,6.9,0.0,False
CUST14738,Jerash,Consumer,Construction,Facebook,Lost,False,Active,CRM Basic,Referral Program,Phone,Samer Khalil,2024-07-11,2025-01-09,182.0,48.0,4,7,4,4.0,4.4,0.0,False
CUST14739,Karak,Corporate,Technology,LinkedIn,Lost,False,Active,CRM Professional,Summer Campaign,WhatsApp,Omar Mansour,2025-01-03,2025-11-14,315.0,49.0,6,9,4,7.6,6.9,0.0,False
CUST14740,Jerash,Corporate,Finance,Unknown,New Lead,False,Active,CRM Basic,Q1 Acquisition,Phone,Yara Odeh,2023-03-07,2023-12-29,297.0,28.0,5,6,4,10.4,6.0,0.0,False
CUST14741,Salt,Small Business,Retail,LinkedIn,Lost,False,Prospect,Marketing Add-on,Referral Program,Meeting,Ahmad Saleh,2023-10-27,2024-02-16,112.0,33.0,7,9,2,10.0,5.4,0.0,False
CUST14742,Karak,Consumer,Finance,Website,New Lead,False,Inactive,Analytics Add-on,No Campaign,WhatsApp,Ahmad Saleh,2025-06-02,2025-12-31,212.0,13.0,6,7,3,17.3,4.4,0.0,False
CUST14743,Zarqa,Consumer,Manufacturing,LinkedIn,Contacted,False,Inactive,Marketing Add-on,No Campaign,Social Media,Omar Mansour,2025-07-13,2025-10-17,96.0,46.0,6,4,4,8.8,6.2,0.0,False
CUST14744,Salt,Corporate,Healthcare,Referral,Qualified,False,Prospect,Analytics Add-on,Summer Campaign,Phone,Lina Haddad,2023-03-20,2023-09-04,168.0,48.0,6,5,8,10.2,6.8,0.0,False
CUST14745,Aqaba,Small Business,Retail,Trade Show,Lost,False,Active,CRM Enterprise,Q1 Acquisition,Website,Omar Mansour,2023-10-06,2024-03-10,156.0,29.0,8,7,3,5.2,7.0,0.0,False
CUST14746,Unknown,Corporate,Hospitality,Instagram,Qualified,False,Inactive,CRM Basic,Unknown,Meeting,Dana Nasser,2023-12-17,2024-03-31,105.0,61.0,3,10,2,5.4,5.4,0.0,False
CUST14747,Aqaba,Small Business,Technology,Instagram,Proposal,False,Active,CRM Professional,Summer Campaign,WhatsApp,Lina Haddad,2023-01-21,2023-08-02,193.0,60.0,7,6,5,15.7,5.2,143.23,True
CUST14748,Madaba,Consumer,Technology,Referral,Negotiation,False,Inactive,CRM Professional,Q1 Acquisition,Social Media,Yara Odeh,2024-12-20,2025-11-15,330.0,45.0,7,8,1,2.5,7.0,99.98,True
CUST14749,Madaba,Corporate,Manufacturing,Email Campaign,Lost,False,Active,CRM Enterprise,Back-to-School,Phone,Ahmad Saleh,2024-03-06,2024-07-16,132.0,34.0,4,3,3,1.6,6.9,0.0,False
CUST14750,Jerash,Consumer,Hospitality,Instagram,Won,True,Inactive,Analytics Add-on,Spring Campaign,Email,Lina Haddad,2024-03-06,2025-02-24,355.0,77.0,10,6,0,14.7,7.1,295.34,True
CUST14751,Irbid,Small Business,Finance,Website,Contacted,False,Prospect,CRM Basic,Summer Campaign,Social Media,Ahmad Saleh,2024-01-23,2024-06-09,138.0,28.0,4,8,3,6.9,6.4,0.0,False
CUST14752,Amman,Enterprise,Retail,Google Ads,Contacted,False,Active,CRM Basic,Summer Campaign,Social Media,Ahmad Saleh,2023-11-13,2024-10-09,331.0,57.0,8,4,5,1.3,7.7,0.0,False
CUST14753,Aqaba,Corporate,Manufacturing,Website,New Lead,False,Active,CRM Professional,No Campaign,Email,Ahmad Saleh,2024-04-08,2025-01-03,270.0,42.0,4,5,4,9.1,9.4,0.0,False
CUST14754,Salt,Consumer,Retail,Facebook,Proposal,False,Active,CRM Basic,Year-End Campaign,Email,Dana Nasser,2024-10-21,2024-11-28,38.0,50.0,2,5,1,6.6,7.5,20.24,True
CUST14755,Amman,Consumer,Finance,Instagram,Contacted,False,Active,CRM Enterprise,Back-to-School,Website,Dana Nasser,2023-06-12,2023-07-27,45.0,66.0,6,8,4,,8.1,0.0,False
CUST14756,Zarqa,Small Business,Hospitality,Email Campaign,Contacted,False,Active,CRM Professional,Back-to-School,Website,Samer Khalil,2025-11-09,2025-12-31,52.0,78.0,7,11,5,20.4,5.9,0.0,False
CUST14757,Aqaba,Corporate,Finance,LinkedIn,Won,True,Prospect,CRM Enterprise,Year-End Campaign,Website,Yara Odeh,2025-01-15,2025-12-12,331.0,79.0,2,12,1,4.2,5.5,6958.19,True
CUST14758,Aqaba,Small Business,Education,LinkedIn,Contacted,False,Active,CRM Basic,No Campaign,Social Media,Dana Nasser,2025-12-26,2025-12-31,5.0,46.0,1,8,7,17.3,4.9,0.0,False
CUST14759,Zarqa,Small Business,Education,Trade Show,Proposal,False,Active,Marketing Add-on,Q1 Acquisition,Social Media,Yara Odeh,2025-06-18,2025-12-04,169.0,61.0,6,7,5,8.7,7.9,49.09,True
CUST14760,Jerash,Consumer,Finance,Email Campaign,Qualified,False,Inactive,CRM Basic,Year-End Campaign,Social Media,Ahmad Saleh,2023-08-30,2024-06-10,285.0,49.0,6,11,2,2.4,7.5,0.0,False
CUST14761,Jerash,Corporate,Healthcare,Facebook,New Lead,False,Active,CRM Professional,Summer Campaign,Website,Yara Odeh,2023-04-10,2024-01-09,274.0,21.0,6,7,6,7.3,5.8,0.0,False
CUST14762,Madaba,Corporate,Manufacturing,Cold Call,Qualified,False,Active,CRM Enterprise,Year-End Campaign,Phone,Omar Mansour,2024-11-30,2024-12-20,20.0,62.0,5,6,2,1.7,9.3,0.0,False
CUST14763,Irbid,Enterprise,Education,Instagram,Qualified,False,Inactive,CRM Basic,Back-to-School,Social Media,Yara Odeh,2024-08-07,2025-04-03,239.0,45.0,9,11,4,13.4,6.3,0.0,False
CUST14764,Karak,Consumer,Construction,Trade Show,Won,True,Inactive,CRM Basic,Q1 Acquisition,Social Media,Lina Haddad,2023-03-19,2023-12-14,270.0,28.0,8,6,6,,8.8,68.58,True
CUST14765,Madaba,Corporate,Finance,Email Campaign,Contacted,False,Active,CRM Basic,Year-End Campaign,Social Media,Omar Mansour,2024-07-19,2025-05-25,310.0,91.0,4,6,6,9.8,6.9,0.0,False
CUST14766,Salt,Consumer,Construction,Google Ads,Qualified,False,Active,CRM Enterprise,Referral Program,Website,Ahmad Saleh,2023-11-09,2023-12-10,31.0,94.0,8,7,5,11.2,7.2,0.0,False
CUST14767,Jerash,Small Business,Construction,Website,Won,True,Active,Marketing Add-on,Spring Campaign,WhatsApp,Omar Mansour,2024-08-20,2025-06-30,314.0,82.0,3,9,3,14.1,7.2,508.77,True
CUST14768,Amman,Corporate,Retail,Facebook,Negotiation,False,Active,CRM Professional,Q1 Acquisition,Website,Lina Haddad,2025-08-27,2025-12-09,104.0,47.0,4,6,3,14.9,10.0,636.09,True
CUST14769,Salt,Consumer,Manufacturing,Email Campaign,Won,True,Active,CRM Enterprise,Spring Campaign,WhatsApp,Samer Khalil,2024-10-28,2025-04-16,170.0,100.0,10,8,3,11.1,6.4,1200.88,True
CUST14770,Zarqa,Consumer,Hospitality,Instagram,Lost,False,Inactive,CRM Professional,Year-End Campaign,Website,Samer Khalil,2023-06-20,2023-12-23,186.0,55.0,4,10,4,19.0,5.7,0.0,False
CUST14771,Jerash,Corporate,Education,Website,Won,True,Prospect,CRM Basic,Back-to-School,Phone,Yara Odeh,2023-12-21,2024-04-27,128.0,73.0,2,6,3,11.2,6.2,854.62,True
CUST14772,Unknown,Small Business,Hospitality,Email Campaign,Qualified,False,Active,CRM Basic,No Campaign,Phone,Yara Odeh,2023-03-19,2023-10-15,210.0,90.0,4,6,4,9.4,4.0,0.0,False
CUST14773,Jerash,Consumer,Healthcare,Referral,Won,True,Active,Marketing Add-on,Spring Campaign,Social Media,Dana Nasser,2024-07-14,2025-04-21,281.0,60.0,2,5,6,8.4,8.1,120.0,True
CUST14774,Aqaba,Consumer,Manufacturing,Trade Show,Qualified,False,Active,CRM Basic,Summer Campaign,Website,Omar Mansour,2024-12-28,2025-09-07,253.0,18.0,5,9,4,15.1,4.6,0.0,False
CUST14775,Aqaba,Small Business,Manufacturing,Unknown,Contacted,False,Active,Marketing Add-on,Back-to-School,WhatsApp,Dana Nasser,2023-02-01,2023-02-20,19.0,37.0,8,8,4,19.5,10.0,0.0,False
CUST14776,Amman,Enterprise,Unknown,Referral,Contacted,False,Inactive,CRM Basic,Back-to-School,WhatsApp,Dana Nasser,2023-10-12,2024-04-29,200.0,64.0,3,6,5,5.0,6.4,0.0,False
CUST14777,Salt,Consumer,Retail,Website,Contacted,False,Prospect,CRM Enterprise,Back-to-School,Phone,Omar Mansour,2023-05-02,2023-12-08,220.0,96.0,4,10,9,3.1,6.8,0.0,False
CUST14778,Aqaba,Corporate,Healthcare,Website,New Lead,False,Active,Marketing Add-on,Summer Campaign,Social Media,Omar Mansour,2024-03-30,2024-08-13,136.0,26.0,8,12,5,12.3,,0.0,False
CUST14779,Jerash,Consumer,Construction,Website,Contacted,False,Active,CRM Professional,Unknown,WhatsApp,Lina Haddad,2024-06-23,2025-02-01,223.0,27.0,8,8,3,9.1,7.3,0.0,False
CUST14780,Madaba,Consumer,Healthcare,Cold Call,New Lead,False,Inactive,CRM Enterprise,Unknown,Website,Omar Mansour,2024-12-24,2024-12-27,3.0,,5,10,4,17.8,5.9,0.0,False
CUST14781,Salt,Consumer,Hospitality,Email Campaign,Won,True,Active,CRM Professional,Q1 Acquisition,Social Media,Omar Mansour,2023-01-12,,,80.0,3,10,2,,7.4,163.08,True
CUST14782,Salt,Corporate,Healthcare,Referral,Lost,False,Active,CRM Professional,Summer Campaign,Meeting,Yara Odeh,2023-09-29,2024-09-05,342.0,83.0,3,6,5,7.3,4.9,0.0,False
CUST14783,Jerash,Consumer,Retail,LinkedIn,Proposal,False,Active,CRM Basic,Unknown,Website,Dana Nasser,2024-07-23,2025-03-08,228.0,72.0,5,4,8,,6.8,21.12,True
CUST14784,Zarqa,Corporate,Healthcare,Google Ads,Won,True,Active,Analytics Add-on,Referral Program,Website,Samer Khalil,2024-04-21,2024-09-10,142.0,100.0,7,7,2,5.2,9.0,1798.21,True
CUST14785,Jerash,Consumer,Technology,Google Ads,Contacted,False,Active,CRM Basic,Summer Campaign,Phone,Ahmad Saleh,2024-11-27,2024-12-06,9.0,78.0,8,5,3,10.8,6.1,0.0,False
CUST14786,Madaba,Enterprise,Education,Referral,Won,True,Prospect,CRM Professional,Q1 Acquisition,Website,Samer Khalil,2023-05-01,2023-11-07,190.0,98.0,3,6,2,10.0,10.0,7937.13,True
CUST14787,Madaba,Corporate,Retail,LinkedIn,Qualified,False,Active,Marketing Add-on,Q1 Acquisition,Email,Omar Mansour,2024-03-22,2025-03-07,350.0,31.0,2,5,8,2.9,6.5,0.0,False
CUST14788,Jerash,Corporate,Healthcare,Facebook,New Lead,False,Active,CRM Professional,Spring Campaign,Social Media,Ahmad Saleh,2023-07-28,2024-01-09,165.0,32.0,4,9,3,5.5,9.0,0.0,False
CUST14789,Irbid,Corporate,Finance,Cold Call,New Lead,False,Inactive,CRM Professional,Referral Program,Email,Omar Mansour,2024-10-31,2025-03-19,139.0,45.0,6,5,4,14.2,6.6,0.0,False
CUST14790,Zarqa,Small Business,Education,Referral,Contacted,False,Active,Marketing Add-on,Unknown,Website,Yara Odeh,2024-08-10,,,1.0,8,10,6,2.7,7.9,0.0,False
CUST14791,Salt,Corporate,Hospitality,Instagram,New Lead,False,Active,CRM Professional,No Campaign,Website,Lina Haddad,2023-09-08,2024-06-25,291.0,27.0,3,6,2,19.3,7.9,0.0,False
CUST14792,Irbid,Consumer,Construction,Trade Show,Contacted,False,Active,CRM Professional,Spring Campaign,Phone,Omar Mansour,2024-01-20,2024-03-13,53.0,44.0,4,6,3,1.0,5.9,0.0,False
CUST14793,Irbid,Consumer,Manufacturing,Trade Show,New Lead,False,Active,Analytics Add-on,Q1 Acquisition,Phone,Ahmad Saleh,2024-12-15,2025-06-08,175.0,24.0,4,3,2,6.8,6.2,0.0,False
CUST14794,Aqaba,Small Business,Retail,Google Ads,Contacted,False,Inactive,CRM Professional,Spring Campaign,Meeting,Yara Odeh,2024-06-10,2024-09-28,110.0,,1,11,7,5.3,,0.0,False
CUST14795,Amman,Consumer,Finance,Unknown,Contacted,False,Active,CRM Basic,Spring Campaign,Phone,Lina Haddad,2023-05-06,2023-11-25,203.0,60.0,3,9,3,15.5,8.1,0.0,False
CUST14796,Salt,Consumer,Manufacturing,Instagram,Lost,False,Prospect,CRM Professional,Referral Program,Meeting,Yara Odeh,2024-06-07,2024-10-21,136.0,41.0,5,9,7,21.6,6.0,0.0,False
CUST14797,Irbid,Small Business,Finance,Facebook,Contacted,False,Inactive,CRM Enterprise,No Campaign,Phone,Ahmad Saleh,2024-11-05,2024-11-09,4.0,100.0,6,5,2,6.1,6.0,0.0,False
CUST14798,Karak,Consumer,Healthcare,LinkedIn,Contacted,False,Active,CRM Basic,Spring Campaign,Meeting,Lina Haddad,2024-10-14,2025-03-18,155.0,39.0,4,7,5,1.1,7.6,0.0,False
CUST14799,Jerash,Small Business,Construction,Facebook,Negotiation,False,Active,CRM Professional,Summer Campaign,WhatsApp,Dana Nasser,2024-12-06,2025-05-27,172.0,100.0,5,10,4,11.6,,312.27,True
CUST14800,Aqaba,Consumer,Retail,Google Ads,Won,True,Active,CRM Professional,Summer Campaign,Phone,Ahmad Saleh,2024-09-27,2025-09-20,358.0,68.0,3,8,4,,7.6,345.2,True
CUST14801,Aqaba,Enterprise,Construction,Website,Qualified,False,Active,CRM Basic,No Campaign,Website,Dana Nasser,2025-05-18,2025-07-04,47.0,52.0,1,9,3,5.2,,0.0,False
CUST14802,Zarqa,Enterprise,Construction,LinkedIn,Won,True,Active,CRM Enterprise,Year-End Campaign,Meeting,Yara Odeh,2024-06-07,2024-09-09,94.0,54.0,6,6,2,29.3,8.1,16594.57,True
CUST14803,Irbid,Enterprise,Hospitality,Referral,Qualified,False,Active,CRM Professional,No Campaign,Website,Dana Nasser,2024-10-04,2024-11-21,48.0,63.0,7,4,1,10.6,8.8,0.0,False
CUST14804,Madaba,Consumer,Healthcare,LinkedIn,Contacted,False,Prospect,CRM Enterprise,Year-End Campaign,Meeting,Omar Mansour,2023-01-29,,,56.0,6,6,4,8.3,6.5,0.0,False
CUST14805,Salt,Small Business,Manufacturing,Google Ads,Contacted,False,Active,CRM Professional,Referral Program,Social Media,Samer Khalil,2023-02-25,2024-02-07,347.0,54.0,7,6,5,8.0,6.8,0.0,False
CUST14806,Jerash,Enterprise,Hospitality,Facebook,Proposal,False,Active,CRM Basic,Q1 Acquisition,Meeting,Lina Haddad,2023-01-11,2023-08-12,213.0,43.0,6,8,3,7.7,6.4,211.05,True
CUST14807,Karak,Enterprise,Construction,Trade Show,Qualified,False,Active,CRM Basic,No Campaign,Email,Ahmad Saleh,2024-12-07,2025-11-12,340.0,70.0,4,10,4,14.9,9.5,0.0,False
CUST14808,Amman,Corporate,Technology,Facebook,Negotiation,False,Active,CRM Basic,Year-End Campaign,Meeting,Yara Odeh,2025-08-19,2025-12-31,134.0,65.0,7,8,7,7.2,9.2,320.07,True
CUST14809,Salt,Consumer,Finance,Facebook,Contacted,False,Prospect,CRM Basic,Back-to-School,Meeting,Dana Nasser,2023-08-25,2024-01-11,139.0,55.0,5,6,3,7.9,5.6,0.0,False
CUST14810,Madaba,Small Business,Technology,Facebook,Negotiation,False,Active,CRM Enterprise,Summer Campaign,WhatsApp,Yara Odeh,2023-02-28,2023-09-21,205.0,89.0,7,11,3,25.4,6.9,709.43,True
CUST14811,Irbid,Corporate,Unknown,Google Ads,Qualified,False,Active,CRM Enterprise,Q1 Acquisition,WhatsApp,Omar Mansour,2024-12-04,2025-02-15,73.0,68.0,8,10,2,20.6,8.8,0.0,False
CUST14812,Madaba,Consumer,Unknown,Instagram,Qualified,False,Prospect,CRM Basic,Q1 Acquisition,Social Media,Ahmad Saleh,2024-12-03,2024-12-07,4.0,73.0,5,7,2,6.4,6.8,0.0,False
CUST14813,Irbid,Small Business,Hospitality,Google Ads,Proposal,False,Prospect,CRM Enterprise,Q1 Acquisition,Social Media,Yara Odeh,2025-09-26,2025-12-11,76.0,81.0,7,5,4,13.7,7.6,474.76,True
CUST14814,Madaba,Corporate,Hospitality,Cold Call,Negotiation,False,Inactive,Marketing Add-on,No Campaign,Phone,Omar Mansour,2025-06-14,2025-12-31,200.0,90.0,5,7,3,4.6,5.7,367.95,True
CUST14815,Salt,Corporate,Hospitality,LinkedIn,Contacted,False,Prospect,CRM Basic,Referral Program,Social Media,Ahmad Saleh,2024-12-10,2025-02-25,77.0,70.0,3,13,4,1.7,10.0,0.0,False
CUST14816,Jerash,Consumer,Education,Cold Call,Won,True,Active,CRM Professional,Referral Program,WhatsApp,Omar Mansour,2023-10-12,,,100.0,8,6,4,0.5,5.2,175.71,True
CUST14817,Irbid,Small Business,Finance,Google Ads,Negotiation,False,Active,CRM Enterprise,Referral Program,Email,Omar Mansour,2024-03-06,,,82.0,2,8,4,28.2,8.1,840.12,True
CUST14818,Zarqa,Enterprise,Education,Unknown,Contacted,False,Active,CRM Basic,Back-to-School,Meeting,Samer Khalil,2024-03-28,2024-07-08,102.0,67.0,4,9,2,12.8,4.6,0.0,False
CUST14819,Aqaba,Small Business,Retail,Email Campaign,Lost,False,Active,Analytics Add-on,Q1 Acquisition,Email,Dana Nasser,2023-09-03,2023-12-18,106.0,48.0,2,8,5,9.7,6.7,0.0,False
CUST14820,Aqaba,Corporate,Finance,Instagram,Negotiation,False,Active,Marketing Add-on,Q1 Acquisition,WhatsApp,Lina Haddad,2023-10-06,2024-09-03,333.0,87.0,2,3,3,7.7,6.8,373.79,True
CUST14821,Salt,Corporate,Technology,Referral,Qualified,False,Prospect,CRM Basic,No Campaign,Phone,Lina Haddad,2023-09-10,2023-10-19,39.0,51.0,4,13,1,7.4,9.9,0.0,False
CUST14822,Zarqa,Corporate,Education,Facebook,New Lead,False,Active,Analytics Add-on,Q1 Acquisition,Email,Ahmad Saleh,2025-04-10,2025-12-31,265.0,5.0,7,1,6,18.3,9.0,0.0,False
CUST14823,Aqaba,Corporate,Manufacturing,Referral,Proposal,False,Prospect,CRM Professional,Referral Program,Meeting,Ahmad Saleh,2025-04-09,2025-12-31,266.0,96.0,3,5,6,7.7,6.0,385.97,True
CUST14824,Jerash,Consumer,Retail,Referral,Contacted,False,Active,CRM Basic,Unknown,Meeting,Yara Odeh,2023-09-27,2023-12-24,88.0,54.0,7,5,0,8.0,7.8,0.0,False
CUST14825,Salt,Consumer,Finance,Cold Call,Qualified,False,Inactive,CRM Professional,Back-to-School,Email,Yara Odeh,2023-05-04,2023-12-01,211.0,63.0,7,10,4,7.9,10.0,0.0,False
CUST14826,Irbid,Consumer,Hospitality,LinkedIn,Qualified,False,Inactive,CRM Basic,No Campaign,Phone,Samer Khalil,2023-07-02,2023-09-17,77.0,78.0,5,6,3,16.6,7.8,0.0,False
CUST14827,Salt,Consumer,Manufacturing,Email Campaign,Negotiation,False,Inactive,CRM Professional,Spring Campaign,Email,Ahmad Saleh,2024-11-11,2025-01-27,77.0,60.0,5,8,0,3.7,6.5,103.98,True
CUST14828,Madaba,Consumer,Construction,Trade Show,Contacted,False,Inactive,CRM Basic,Referral Program,Website,Lina Haddad,2023-01-14,2023-02-11,28.0,48.0,5,9,2,21.5,4.7,0.0,False
CUST14829,Karak,Consumer,Retail,LinkedIn,Won,True,Active,CRM Enterprise,Year-End Campaign,WhatsApp,Dana Nasser,2025-05-30,2025-12-31,215.0,68.0,8,8,4,19.3,,1202.71,True
CUST14830,Karak,Corporate,Technology,Email Campaign,Contacted,False,Active,CRM Professional,No Campaign,Email,Samer Khalil,2024-10-21,2024-12-26,66.0,46.0,6,12,6,,5.3,0.0,False
CUST14831,Amman,Consumer,Hospitality,Trade Show,Qualified,False,Prospect,CRM Professional,No Campaign,Email,Ahmad Saleh,2025-01-22,2025-02-21,30.0,52.0,8,7,2,12.9,9.9,0.0,False
CUST14832,Amman,Consumer,Manufacturing,Website,Won,True,Active,CRM Basic,Q1 Acquisition,Phone,Samer Khalil,2024-12-15,2025-07-08,205.0,69.0,8,11,7,2.7,,81.67,True
CUST14833,Zarqa,Consumer,Finance,Google Ads,Proposal,False,Active,CRM Professional,Summer Campaign,Email,Samer Khalil,2025-05-02,2025-06-29,58.0,75.0,6,6,1,25.0,7.9,32.5,True
CUST14834,Aqaba,Small Business,Unknown,Website,Contacted,False,Active,CRM Basic,No Campaign,Phone,Samer Khalil,2024-12-14,2025-07-03,201.0,13.0,6,9,4,7.3,,0.0,False
CUST14835,Salt,Consumer,Healthcare,LinkedIn,Qualified,False,Active,CRM Enterprise,Spring Campaign,WhatsApp,Ahmad Saleh,2024-05-29,2025-01-09,225.0,86.0,3,6,1,14.1,7.5,0.0,False
CUST14836,Jerash,Consumer,Construction,Instagram,Contacted,False,Inactive,CRM Basic,Summer Campaign,Website,Omar Mansour,2025-07-16,2025-12-05,142.0,36.0,5,5,2,5.2,7.9,0.0,False
CUST14837,Madaba,Consumer,Finance,LinkedIn,Proposal,False,Inactive,CRM Enterprise,Year-End Campaign,Social Media,Ahmad Saleh,2024-09-03,2024-11-26,84.0,77.0,8,7,4,25.2,9.3,60.29,True
CUST14838,Amman,Corporate,Finance,Cold Call,Contacted,False,Prospect,CRM Basic,Year-End Campaign,WhatsApp,Ahmad Saleh,2024-01-18,2024-06-09,143.0,61.0,6,10,1,17.3,7.1,0.0,False
CUST14839,Madaba,Enterprise,Hospitality,Trade Show,Negotiation,False,Active,CRM Enterprise,Year-End Campaign,Email,Yara Odeh,2024-01-16,2025-01-02,352.0,67.0,7,5,4,18.1,6.7,7721.83,True
CUST14840,Jerash,Enterprise,Finance,Trade Show,Proposal,False,Active,CRM Professional,Referral Program,Website,Ahmad Saleh,2024-08-01,2024-09-03,33.0,76.0,5,11,5,36.1,6.6,1279.17,True
CUST14841,Amman,Consumer,Hospitality,Website,New Lead,False,Prospect,CRM Professional,Referral Program,Social Media,Ahmad Saleh,2023-09-23,,,18.0,5,6,4,4.4,10.0,0.0,False
CUST14842,Madaba,Small Business,Finance,Website,Contacted,False,Prospect,CRM Enterprise,Referral Program,Social Media,Ahmad Saleh,2023-02-14,2023-07-22,158.0,39.0,3,6,3,10.7,6.6,0.0,False
CUST14843,Aqaba,Small Business,Healthcare,Trade Show,Contacted,False,Prospect,CRM Professional,No Campaign,Meeting,Samer Khalil,2023-02-15,2023-07-06,141.0,45.0,7,8,4,6.3,7.0,0.0,False
CUST14844,Irbid,Consumer,Manufacturing,LinkedIn,Qualified,False,Inactive,Analytics Add-on,Summer Campaign,Meeting,Samer Khalil,2024-03-01,2024-11-07,251.0,69.0,3,1,4,2.8,4.7,0.0,False
CUST14845,Irbid,Consumer,Manufacturing,Instagram,Qualified,False,Active,CRM Enterprise,Q1 Acquisition,Email,Ahmad Saleh,2025-10-25,2025-12-31,67.0,53.0,8,8,6,4.5,8.1,0.0,False
CUST14846,Madaba,Consumer,Manufacturing,Trade Show,Qualified,False,Active,CRM Professional,Summer Campaign,Meeting,Yara Odeh,2025-02-14,2025-06-06,112.0,57.0,6,13,5,9.3,7.2,0.0,False
CUST14847,Aqaba,Corporate,Technology,Referral,Negotiation,False,Prospect,Analytics Add-on,No Campaign,Social Media,Dana Nasser,2025-07-06,2025-11-27,144.0,90.0,3,9,5,18.1,8.1,651.73,True
CUST14848,Irbid,Consumer,Healthcare,Email Campaign,Contacted,False,Prospect,Analytics Add-on,Q1 Acquisition,Social Media,Yara Odeh,2023-12-06,2024-07-02,209.0,58.0,3,6,3,9.3,9.4,0.0,False
CUST14849,Irbid,Consumer,Healthcare,Website,Lost,False,Inactive,CRM Professional,Year-End Campaign,WhatsApp,Dana Nasser,2025-12-26,2025-12-31,5.0,92.0,6,8,5,1.5,10.0,0.0,False
CUST14850,Jerash,Small Business,Construction,Website,Qualified,False,Active,CRM Basic,Back-to-School,Meeting,Omar Mansour,2024-10-24,2024-12-06,43.0,42.0,5,8,7,25.3,5.3,0.0,False
CUST14851,Irbid,Small Business,Retail,Cold Call,Contacted,False,Inactive,CRM Professional,No Campaign,Meeting,Dana Nasser,2023-12-01,2024-08-21,264.0,24.0,6,7,1,5.1,6.6,0.0,False
CUST14852,Madaba,Corporate,Education,Google Ads,Negotiation,False,Active,CRM Professional,No Campaign,WhatsApp,Lina Haddad,2024-12-09,2025-08-10,244.0,100.0,6,13,5,16.8,6.0,814.63,True
CUST14853,Jerash,Small Business,Manufacturing,Google Ads,Won,True,Active,CRM Professional,Referral Program,Social Media,Lina Haddad,2023-08-27,2023-08-30,3.0,85.0,5,10,1,7.0,10.0,1021.9,True
CUST14854,Karak,Small Business,Education,Cold Call,Qualified,False,Active,CRM Enterprise,Q1 Acquisition,Phone,Dana Nasser,2025-09-15,2025-12-31,107.0,87.0,3,8,9,0.5,7.0,0.0,False
CUST14855,Jerash,Small Business,Retail,Trade Show,Negotiation,False,Prospect,CRM Enterprise,Unknown,Email,Ahmad Saleh,2025-09-16,2025-12-31,106.0,53.0,4,4,5,13.1,5.5,813.26,True
CUST14856,Amman,Consumer,Healthcare,Website,Won,True,Active,CRM Enterprise,Q1 Acquisition,Phone,Dana Nasser,2024-10-29,2025-01-21,84.0,70.0,5,7,3,9.8,8.4,723.74,True
CUST14857,Amman,Consumer,Retail,Facebook,Won,True,Active,CRM Enterprise,Summer Campaign,Phone,Lina Haddad,2024-12-08,2024-12-24,16.0,83.0,6,10,9,9.7,7.5,551.18,True
CUST14858,Karak,Enterprise,Finance,Instagram,New Lead,False,Active,CRM Basic,Spring Campaign,Social Media,Dana Nasser,2025-03-23,2025-12-31,283.0,40.0,6,10,4,9.3,5.8,0.0,False
CUST14859,Jerash,Enterprise,Retail,Referral,Won,True,Inactive,CRM Basic,Summer Campaign,Email,Samer Khalil,2024-05-18,2024-07-16,59.0,78.0,7,10,3,9.3,2.3,2631.71,True
CUST14860,Zarqa,Corporate,Retail,LinkedIn,Won,True,Active,CRM Enterprise,Q1 Acquisition,Phone,Omar Mansour,2023-12-14,2024-06-08,177.0,48.0,9,5,2,8.5,,6074.92,True
CUST14861,Jerash,Consumer,Hospitality,LinkedIn,Negotiation,False,Prospect,CRM Professional,Referral Program,WhatsApp,Samer Khalil,2023-06-04,2023-08-06,63.0,71.0,1,9,0,13.7,8.0,107.82,True
CUST14862,Salt,Consumer,Finance,Google Ads,Won,True,Active,Analytics Add-on,No Campaign,WhatsApp,Yara Odeh,2025-12-26,2025-12-31,5.0,87.0,8,11,3,29.1,7.3,167.68,True
CUST14863,Zarqa,Consumer,Hospitality,Google Ads,Lost,False,Active,CRM Basic,Back-to-School,Email,Samer Khalil,2023-07-25,2024-05-27,307.0,38.0,5,11,3,14.7,5.4,0.0,False
CUST14864,Unknown,Corporate,Education,Cold Call,Qualified,False,Inactive,CRM Basic,No Campaign,Phone,Omar Mansour,2024-02-06,2024-10-09,246.0,80.0,4,11,6,6.4,6.8,0.0,False
CUST14865,Jerash,Corporate,Construction,Website,New Lead,False,Active,CRM Professional,Q1 Acquisition,Website,Ahmad Saleh,2023-01-27,2023-11-12,289.0,60.0,6,12,4,9.0,8.1,0.0,False
CUST14866,Amman,Corporate,Finance,LinkedIn,Qualified,False,Active,CRM Professional,Q1 Acquisition,Meeting,Omar Mansour,2023-10-04,2024-07-16,286.0,64.0,9,8,3,27.1,8.5,0.0,False
CUST14867,Irbid,Small Business,Construction,Website,New Lead,False,Active,CRM Basic,Spring Campaign,Website,Ahmad Saleh,2024-09-06,2025-08-04,332.0,,5,8,6,19.2,7.4,0.0,False
CUST14868,Madaba,Consumer,Technology,Referral,Contacted,False,Inactive,CRM Professional,No Campaign,Email,Lina Haddad,2025-05-09,2025-05-24,15.0,57.0,8,7,4,14.4,7.7,0.0,False
CUST14869,Amman,Consumer,Retail,Instagram,Proposal,False,Active,CRM Basic,Summer Campaign,Meeting,Dana Nasser,2023-05-01,2024-04-03,338.0,77.0,6,6,2,3.8,5.5,23.13,True
CUST14870,Salt,Consumer,Construction,Instagram,Contacted,False,Active,CRM Basic,No Campaign,Email,Lina Haddad,2023-07-19,2024-03-30,255.0,52.0,2,10,3,11.6,7.9,0.0,False
CUST14871,Jerash,Small Business,Retail,LinkedIn,Negotiation,False,Prospect,CRM Basic,Spring Campaign,Website,Lina Haddad,2024-08-04,2024-11-04,92.0,58.0,5,8,4,7.8,7.0,120.12,True
CUST14872,Jerash,Consumer,Hospitality,Facebook,Won,True,Active,CRM Professional,No Campaign,Phone,Lina Haddad,2025-05-08,2025-12-31,237.0,97.0,6,5,4,4.0,6.6,308.07,True
CUST14873,Irbid,Corporate,Education,Cold Call,Qualified,False,Active,Analytics Add-on,Summer Campaign,Phone,Dana Nasser,2025-10-07,2025-12-31,85.0,69.0,1,9,3,,9.6,0.0,False
CUST14874,Salt,Small Business,Hospitality,LinkedIn,Won,True,Active,CRM Basic,Referral Program,Social Media,Ahmad Saleh,2025-07-10,2025-10-12,94.0,72.0,6,6,4,35.9,7.0,242.81,True
CUST14875,Amman,Consumer,Healthcare,Referral,New Lead,False,Inactive,CRM Basic,No Campaign,Meeting,Omar Mansour,2025-07-17,2025-12-31,167.0,43.0,5,6,11,2.9,5.4,0.0,False
CUST14876,Amman,Consumer,Finance,Facebook,Won,True,Active,CRM Enterprise,No Campaign,Email,Ahmad Saleh,2025-11-23,2025-12-31,38.0,62.0,4,4,3,12.8,7.7,1337.31,True
CUST14877,Salt,Consumer,Healthcare,Email Campaign,Won,True,Prospect,Analytics Add-on,No Campaign,Phone,Ahmad Saleh,2025-09-15,2025-12-31,107.0,42.0,6,5,3,15.7,6.1,124.25,True
CUST14878,Unknown,Corporate,Technology,Trade Show,Contacted,False,Inactive,CRM Basic,Q1 Acquisition,Website,Samer Khalil,2025-03-21,2025-10-06,199.0,19.0,6,8,4,5.1,9.9,0.0,False
CUST14879,Karak,Consumer,Unknown,Google Ads,Contacted,False,Active,CRM Professional,Year-End Campaign,Meeting,Dana Nasser,2023-07-28,2024-04-24,271.0,55.0,4,7,5,18.6,6.4,0.0,False
CUST14880,Karak,Consumer,Technology,Google Ads,Contacted,False,Prospect,CRM Basic,No Campaign,Website,Ahmad Saleh,2025-07-23,2025-12-31,161.0,44.0,5,5,6,12.2,6.3,0.0,False
CUST14881,Karak,Corporate,Technology,Facebook,Won,True,Active,CRM Basic,Summer Campaign,WhatsApp,Ahmad Saleh,2024-07-06,2024-08-21,46.0,88.0,4,8,7,13.4,7.8,537.1,True
CUST14882,Irbid,Small Business,Technology,LinkedIn,Won,True,Active,CRM Enterprise,Referral Program,Phone,Lina Haddad,2023-11-27,2024-01-30,64.0,97.0,3,9,5,13.7,7.6,2901.64,True
CUST14883,Salt,Small Business,Manufacturing,Google Ads,Contacted,False,Inactive,Marketing Add-on,Unknown,Social Media,Yara Odeh,2023-01-18,2023-09-05,230.0,57.0,7,5,2,10.6,7.8,0.0,False
CUST14884,Amman,Corporate,Finance,Website,Proposal,False,Active,CRM Enterprise,Spring Campaign,Social Media,Samer Khalil,2023-06-18,2024-02-22,249.0,54.0,1,4,3,3.8,9.8,1546.71,True
CUST14885,Amman,Corporate,Construction,Google Ads,New Lead,False,Active,Marketing Add-on,Year-End Campaign,Meeting,Omar Mansour,2025-08-15,2025-12-31,138.0,48.0,4,10,4,8.4,8.5,0.0,False
CUST14886,Amman,Small Business,Finance,Instagram,Qualified,False,Active,CRM Professional,Back-to-School,Email,Yara Odeh,2024-04-23,2024-07-07,75.0,52.0,6,9,3,,4.2,0.0,False
CUST14887,Madaba,Consumer,Manufacturing,Google Ads,Lost,False,Active,Marketing Add-on,Spring Campaign,WhatsApp,Samer Khalil,2023-10-01,2024-03-06,157.0,39.0,2,6,3,20.5,9.2,0.0,False
CUST14888,Karak,Consumer,Education,Email Campaign,New Lead,False,Active,CRM Basic,Spring Campaign,Meeting,Lina Haddad,2023-12-29,2024-08-08,223.0,61.0,2,8,7,4.5,3.0,0.0,False
CUST14889,Aqaba,Corporate,Construction,Cold Call,Lost,False,Inactive,CRM Basic,Year-End Campaign,Website,Lina Haddad,2024-06-27,2025-01-03,190.0,56.0,3,7,1,,6.2,0.0,False
CUST14890,Madaba,Small Business,Manufacturing,Facebook,Won,True,Inactive,CRM Enterprise,Referral Program,Website,Lina Haddad,2023-10-03,2023-11-24,52.0,72.0,1,6,6,6.1,8.9,2774.45,True
CUST14891,Amman,Corporate,Construction,Website,Lost,False,Active,CRM Professional,Spring Campaign,Email,Dana Nasser,2024-01-12,2024-04-09,88.0,29.0,3,6,4,6.9,8.6,0.0,False
CUST14892,Madaba,Corporate,Retail,Email Campaign,Contacted,False,Active,CRM Professional,No Campaign,Social Media,Yara Odeh,2025-04-08,2025-12-31,267.0,78.0,6,11,8,8.6,8.9,0.0,False
CUST14893,Salt,Enterprise,Healthcare,Instagram,Contacted,False,Active,CRM Enterprise,Q1 Acquisition,Social Media,Lina Haddad,2025-05-26,2025-12-31,219.0,49.0,2,11,6,3.9,6.4,0.0,False
CUST14894,Amman,Consumer,Healthcare,LinkedIn,New Lead,False,Active,CRM Professional,Referral Program,Website,Ahmad Saleh,2024-07-05,2024-09-09,66.0,17.0,6,13,3,4.3,6.0,0.0,False
CUST14895,Unknown,Consumer,Technology,Trade Show,Negotiation,False,Active,CRM Professional,Summer Campaign,Email,Dana Nasser,2025-05-28,2025-10-25,150.0,64.0,6,12,3,18.3,7.5,113.38,True
CUST14896,Karak,Consumer,Finance,Instagram,Proposal,False,Active,CRM Professional,Back-to-School,Meeting,Lina Haddad,2025-05-06,2025-05-26,20.0,32.0,3,7,2,5.7,10.0,58.54,True
CUST14897,Madaba,Corporate,Finance,Facebook,Contacted,False,Active,Analytics Add-on,Year-End Campaign,Phone,Dana Nasser,2024-07-26,2024-08-28,33.0,1.0,5,4,4,9.4,6.6,0.0,False
CUST14898,Madaba,Consumer,Technology,Facebook,Won,True,Active,CRM Professional,Year-End Campaign,Meeting,Ahmad Saleh,2025-02-05,2025-12-30,328.0,99.0,2,10,3,4.6,6.9,379.42,True
CUST14899,Aqaba,Consumer,Retail,Facebook,Contacted,False,Inactive,CRM Professional,Referral Program,WhatsApp,Lina Haddad,2024-07-12,2025-04-19,281.0,32.0,6,9,4,,7.6,0.0,False
CUST14900,Salt,Consumer,Healthcare,Email Campaign,New Lead,False,Active,CRM Basic,No Campaign,Social Media,Yara Odeh,2024-11-01,2024-12-17,46.0,16.0,4,11,1,3.5,5.3,0.0,False
CUST14901,Unknown,Consumer,Manufacturing,Facebook,Qualified,False,Prospect,Analytics Add-on,Q1 Acquisition,Meeting,Lina Haddad,2025-08-09,2025-10-21,73.0,49.0,4,4,2,6.5,6.0,0.0,False
CUST14902,Irbid,Consumer,Education,Cold Call,New Lead,False,Prospect,CRM Enterprise,Referral Program,Social Media,Ahmad Saleh,2025-03-03,2025-12-31,303.0,33.0,9,10,1,17.5,9.0,0.0,False
CUST14903,Madaba,Consumer,Construction,Cold Call,Contacted,False,Prospect,CRM Basic,Summer Campaign,Social Media,Lina Haddad,2025-01-24,2025-12-03,313.0,,4,6,2,4.7,7.3,0.0,False
CUST14904,Karak,Small Business,Construction,Cold Call,Qualified,False,Prospect,CRM Basic,No Campaign,Phone,Ahmad Saleh,2024-08-26,2025-08-04,343.0,42.0,2,8,6,17.9,7.3,0.0,False
CUST14905,Karak,Consumer,Construction,Unknown,Won,True,Active,CRM Basic,Year-End Campaign,Phone,Lina Haddad,2025-03-10,2025-07-21,133.0,79.0,1,7,6,10.5,8.2,209.78,True
CUST14906,Aqaba,Consumer,Construction,Cold Call,Won,True,Active,CRM Professional,Q1 Acquisition,Meeting,Lina Haddad,2025-05-13,2025-07-07,55.0,75.0,6,12,2,19.2,7.0,363.77,True
CUST14907,Amman,Corporate,Hospitality,Google Ads,Qualified,False,Active,CRM Professional,Year-End Campaign,WhatsApp,Samer Khalil,2025-12-07,2025-12-31,24.0,94.0,2,8,2,32.6,8.9,0.0,False
CUST14908,Jerash,Corporate,Retail,Google Ads,Negotiation,False,Inactive,CRM Basic,No Campaign,Social Media,Dana Nasser,2023-07-17,2024-06-26,345.0,66.0,7,6,6,8.3,4.9,386.85,True
CUST14909,Zarqa,Consumer,Construction,Facebook,Proposal,False,Active,CRM Enterprise,Q1 Acquisition,Website,Omar Mansour,2023-08-21,2023-08-29,8.0,66.0,6,6,5,3.8,7.6,289.47,True
CUST14910,Irbid,Consumer,Finance,Referral,Qualified,False,Active,Marketing Add-on,Back-to-School,Social Media,Samer Khalil,2024-11-28,2025-08-27,272.0,42.0,3,7,3,11.9,8.6,0.0,False
CUST14911,Amman,Corporate,Hospitality,Email Campaign,Negotiation,False,Inactive,CRM Basic,Year-End Campaign,WhatsApp,Samer Khalil,2025-09-08,2025-12-31,114.0,86.0,5,6,4,18.8,6.6,627.58,True
CUST14912,Salt,Consumer,Technology,Trade Show,Negotiation,False,Active,CRM Professional,Spring Campaign,Meeting,Dana Nasser,2025-03-08,2025-08-31,176.0,100.0,6,4,4,2.8,7.9,86.9,True
CUST14913,Irbid,Consumer,Healthcare,Email Campaign,Proposal,False,Active,CRM Enterprise,Year-End Campaign,WhatsApp,Samer Khalil,2023-11-25,2024-03-20,116.0,65.0,5,8,1,6.3,6.9,242.0,True
CUST14914,Jerash,Consumer,Hospitality,Email Campaign,Proposal,False,Active,CRM Enterprise,Q1 Acquisition,Website,Ahmad Saleh,2025-12-29,2025-12-31,2.0,54.0,3,6,7,1.4,6.9,244.23,True
CUST14915,Jerash,Consumer,Technology,Email Campaign,Negotiation,False,Inactive,CRM Basic,No Campaign,Phone,Samer Khalil,2024-05-17,2025-02-12,271.0,77.0,5,6,4,14.0,8.7,27.49,True
CUST14916,Zarqa,Small Business,Finance,Trade Show,Qualified,False,Prospect,CRM Basic,Referral Program,Website,Omar Mansour,2025-11-24,2025-12-31,37.0,70.0,6,8,2,5.9,7.9,0.0,False
CUST14917,Irbid,Corporate,Construction,Cold Call,Won,True,Prospect,CRM Basic,No Campaign,WhatsApp,Ahmad Saleh,2025-05-23,2025-10-20,150.0,100.0,7,6,9,1.4,8.5,1054.02,True
CUST14918,Amman,Corporate,Technology,Website,Contacted,False,Inactive,CRM Professional,Summer Campaign,Website,Yara Odeh,2025-01-18,2025-05-29,131.0,47.0,6,11,4,7.2,7.1,0.0,False
CUST14919,Amman,Small Business,Manufacturing,Website,Won,True,Active,CRM Enterprise,Q1 Acquisition,Social Media,Dana Nasser,2025-03-09,2025-06-19,102.0,73.0,4,6,2,4.1,7.4,3253.88,True
CUST14920,Aqaba,Consumer,Hospitality,LinkedIn,Qualified,False,Prospect,CRM Basic,Summer Campaign,WhatsApp,Dana Nasser,2025-10-25,2025-12-31,67.0,37.0,7,5,3,3.3,8.9,0.0,False
CUST14921,Irbid,Small Business,Hospitality,Facebook,New Lead,False,Active,CRM Professional,Back-to-School,Meeting,Dana Nasser,2025-12-20,2025-12-31,11.0,34.0,4,6,8,1.4,8.3,0.0,False
CUST14922,Zarqa,Consumer,Construction,Instagram,Proposal,False,Prospect,CRM Professional,No Campaign,Phone,Ahmad Saleh,2023-02-27,2023-12-16,292.0,59.0,3,6,7,6.9,7.6,69.75,True
CUST14923,Jerash,Consumer,Healthcare,Cold Call,Qualified,False,Active,Analytics Add-on,No Campaign,Phone,Dana Nasser,2024-07-09,2025-02-04,210.0,71.0,5,7,6,10.6,8.0,0.0,False
CUST14924,Amman,Small Business,Technology,Cold Call,Won,True,Active,CRM Basic,Year-End Campaign,Website,Dana Nasser,2023-01-17,2024-01-13,361.0,75.0,4,8,2,3.8,6.7,335.03,True
CUST14925,Madaba,Corporate,Healthcare,Instagram,Qualified,False,Inactive,CRM Professional,Referral Program,Website,Omar Mansour,2025-10-27,2025-12-31,65.0,40.0,6,7,3,12.5,6.3,0.0,False
CUST14926,Madaba,Consumer,Unknown,Facebook,Negotiation,False,Inactive,Analytics Add-on,No Campaign,Website,Lina Haddad,2025-01-22,2025-03-30,67.0,52.0,9,6,1,12.5,4.9,125.73,True
CUST14927,Amman,Corporate,Technology,Website,Contacted,False,Active,Analytics Add-on,No Campaign,Meeting,Yara Odeh,2023-01-25,2023-02-04,10.0,42.0,8,6,7,11.8,8.0,0.0,False
CUST14928,Amman,Consumer,Technology,Trade Show,Contacted,False,Inactive,CRM Enterprise,Year-End Campaign,Social Media,Lina Haddad,2023-07-20,2023-09-07,49.0,65.0,5,3,5,15.4,5.0,0.0,False
CUST14929,Madaba,Consumer,Healthcare,Instagram,Qualified,False,Active,CRM Professional,Back-to-School,Phone,Lina Haddad,2025-04-29,2025-08-18,111.0,64.0,5,8,1,10.3,7.8,0.0,False
CUST14930,Salt,Consumer,Manufacturing,Trade Show,Proposal,False,Active,Analytics Add-on,Back-to-School,WhatsApp,Dana Nasser,2024-08-21,2025-07-08,321.0,76.0,3,8,2,13.7,6.6,41.12,True
CUST14931,Zarqa,Small Business,Technology,LinkedIn,Proposal,False,Inactive,CRM Enterprise,Referral Program,WhatsApp,Ahmad Saleh,2024-04-13,2024-11-18,219.0,67.0,8,10,2,5.2,7.1,437.84,True
CUST14932,Madaba,Corporate,Manufacturing,Email Campaign,Proposal,False,Active,CRM Enterprise,Referral Program,Phone,Dana Nasser,2024-10-13,2024-12-09,57.0,75.0,3,11,2,12.4,6.6,1038.98,True
CUST14933,Irbid,Small Business,Retail,Cold Call,Lost,False,Inactive,CRM Basic,Spring Campaign,Meeting,Lina Haddad,2023-10-24,2024-08-02,283.0,38.0,3,12,5,9.8,6.9,0.0,False
CUST14934,Aqaba,Consumer,Education,Email Campaign,Negotiation,False,Active,CRM Basic,Back-to-School,Website,Omar Mansour,2024-01-29,2024-05-21,113.0,56.0,6,7,4,4.5,6.2,46.51,True
CUST14935,Salt,Consumer,Retail,Website,Lost,False,Active,CRM Enterprise,Referral Program,Email,Dana Nasser,2023-06-08,2023-10-19,133.0,28.0,7,10,2,10.7,7.3,0.0,False
CUST14936,Salt,Small Business,Education,Email Campaign,New Lead,False,Active,Marketing Add-on,Year-End Campaign,Website,Dana Nasser,2023-05-19,,,22.0,6,9,4,6.6,9.6,0.0,False
CUST14937,Jerash,Consumer,Retail,Email Campaign,New Lead,False,Active,Analytics Add-on,Year-End Campaign,Meeting,Dana Nasser,2023-05-31,2023-08-22,83.0,65.0,5,11,6,9.4,,0.0,False
CUST14938,Aqaba,Consumer,Education,Referral,Contacted,False,Active,Analytics Add-on,Summer Campaign,Phone,Ahmad Saleh,2023-03-20,2023-05-16,57.0,70.0,6,10,7,9.5,8.5,0.0,False
CUST14939,Karak,Enterprise,Technology,Instagram,New Lead,False,Inactive,CRM Professional,Year-End Campaign,Social Media,Omar Mansour,2025-08-14,2025-12-31,139.0,31.0,1,4,3,3.2,8.7,0.0,False
CUST14940,Jerash,Corporate,Healthcare,Instagram,Proposal,False,Prospect,CRM Professional,Year-End Campaign,Website,Omar Mansour,2024-01-05,2024-10-02,271.0,70.0,6,5,0,20.1,9.8,545.57,True
CUST14941,Amman,Consumer,Healthcare,Cold Call,Qualified,False,Prospect,CRM Enterprise,Back-to-School,WhatsApp,Omar Mansour,2024-07-05,2024-10-24,111.0,74.0,5,4,4,5.8,6.9,0.0,False
CUST14942,Unknown,Consumer,Construction,Unknown,Proposal,False,Inactive,CRM Enterprise,No Campaign,Social Media,Omar Mansour,2024-03-31,,,,0,9,2,13.9,,153.72,True
CUST14943,Madaba,Consumer,Finance,Instagram,Negotiation,False,Active,CRM Enterprise,Year-End Campaign,Phone,Lina Haddad,2023-01-22,2023-04-08,76.0,71.0,4,9,7,18.2,9.3,244.09,True
CUST14944,Karak,Small Business,Construction,Instagram,Lost,False,Active,Marketing Add-on,No Campaign,Email,Dana Nasser,2025-07-17,2025-12-22,158.0,26.0,4,7,1,5.9,9.4,0.0,False
CUST14945,Amman,Corporate,Education,Cold Call,Won,True,Active,CRM Professional,Q1 Acquisition,Website,Yara Odeh,2025-07-24,2025-08-13,20.0,63.0,6,5,6,4.6,6.4,1517.48,True
CUST14946,Jerash,Corporate,Unknown,Cold Call,New Lead,False,Active,CRM Basic,Referral Program,Social Media,Omar Mansour,2023-09-19,2024-01-28,131.0,53.0,7,10,5,10.1,4.6,0.0,False
CUST14947,Madaba,Consumer,Manufacturing,Trade Show,Contacted,False,Prospect,Marketing Add-on,Year-End Campaign,Social Media,Samer Khalil,2024-04-21,2025-03-16,329.0,51.0,9,4,3,,5.1,0.0,False
CUST14948,Karak,Consumer,Manufacturing,Email Campaign,Contacted,False,Active,CRM Basic,Unknown,WhatsApp,Samer Khalil,2025-11-29,2025-12-31,32.0,51.0,5,10,3,22.6,8.8,0.0,False
CUST14949,Irbid,Enterprise,Finance,Cold Call,Contacted,False,Active,CRM Enterprise,Q1 Acquisition,Website,Yara Odeh,2023-01-11,2023-02-21,41.0,73.0,8,9,6,26.8,4.5,0.0,False
CUST14950,Salt,Enterprise,Education,Website,Proposal,False,Active,Analytics Add-on,Summer Campaign,Email,Lina Haddad,2024-10-10,2025-03-26,167.0,58.0,2,15,3,1.4,,365.73,True
CUST14951,Jerash,Small Business,Healthcare,Cold Call,Proposal,False,Active,CRM Professional,Back-to-School,Social Media,Samer Khalil,2023-07-04,2023-11-11,130.0,81.0,6,11,4,15.2,6.8,140.41,True
CUST14952,Salt,Consumer,Education,Facebook,Contacted,False,Active,Analytics Add-on,Q1 Acquisition,WhatsApp,Samer Khalil,2024-04-06,2024-04-29,23.0,33.0,6,14,4,8.6,4.3,0.0,False
CUST14953,Zarqa,Small Business,Manufacturing,Cold Call,Negotiation,False,Active,CRM Professional,Year-End Campaign,Website,Samer Khalil,2023-08-19,2024-05-24,279.0,65.0,4,19,2,18.2,7.7,315.17,True
CUST14954,Jerash,Corporate,Technology,Instagram,Negotiation,False,Active,Analytics Add-on,Summer Campaign,Website,Lina Haddad,2023-06-12,2024-02-18,251.0,59.0,3,7,3,37.2,7.0,509.6,True
CUST14955,Jerash,Small Business,Finance,Trade Show,New Lead,False,Active,CRM Basic,Referral Program,Email,Dana Nasser,2023-06-30,2023-07-09,9.0,24.0,2,7,1,13.8,4.4,0.0,False
CUST14956,Irbid,Corporate,Finance,Referral,Qualified,False,Active,CRM Enterprise,Year-End Campaign,WhatsApp,Lina Haddad,2023-05-26,2023-06-08,13.0,96.0,3,12,5,15.2,6.0,0.0,False
CUST14957,Aqaba,Consumer,Manufacturing,Cold Call,Won,True,Inactive,CRM Enterprise,Summer Campaign,Email,Ahmad Saleh,2023-07-06,2024-05-08,307.0,55.0,4,5,3,7.6,7.9,1316.84,True
CUST14958,Madaba,Consumer,Education,Google Ads,Proposal,False,Inactive,CRM Professional,Unknown,Social Media,Ahmad Saleh,2023-08-13,2024-06-28,320.0,53.0,6,10,3,14.8,5.7,39.48,True
CUST14959,Irbid,Consumer,Finance,Facebook,Qualified,False,Inactive,CRM Enterprise,No Campaign,Meeting,Samer Khalil,2023-11-24,2024-01-15,52.0,19.0,5,7,1,2.1,6.1,0.0,False
CUST14960,Madaba,Enterprise,Healthcare,Website,Contacted,False,Active,Marketing Add-on,No Campaign,Phone,Samer Khalil,2025-11-08,2025-12-31,53.0,40.0,5,11,10,,9.5,0.0,False
CUST14961,Madaba,Small Business,Finance,Cold Call,Contacted,False,Active,CRM Enterprise,Summer Campaign,Phone,Dana Nasser,2023-08-11,2023-09-18,38.0,46.0,5,10,4,18.0,6.8,0.0,False
CUST14962,Zarqa,Corporate,Education,Email Campaign,New Lead,False,Prospect,Marketing Add-on,Year-End Campaign,Email,Yara Odeh,2024-10-11,2025-01-19,100.0,57.0,2,7,3,24.1,8.7,0.0,False
CUST14963,Madaba,Consumer,Manufacturing,Email Campaign,Won,True,Active,CRM Professional,No Campaign,Email,Samer Khalil,2024-03-13,2024-09-22,193.0,70.0,9,6,6,9.3,8.4,363.48,True
CUST14964,Salt,Enterprise,Healthcare,Facebook,New Lead,False,Active,CRM Professional,No Campaign,Meeting,Ahmad Saleh,2025-04-19,2025-10-27,191.0,17.0,2,8,4,12.3,8.5,0.0,False
CUST14965,Salt,Corporate,Healthcare,Instagram,Contacted,False,Active,CRM Basic,Q1 Acquisition,Meeting,Samer Khalil,2023-01-24,2023-03-16,51.0,40.0,3,3,3,15.2,8.5,0.0,False
CUST14966,Amman,Consumer,Finance,LinkedIn,New Lead,False,Active,Marketing Add-on,Year-End Campaign,Meeting,Dana Nasser,2025-10-22,2025-12-31,70.0,45.0,9,6,5,4.8,5.6,0.0,False
CUST14967,Karak,Corporate,Education,Instagram,Won,True,Active,CRM Basic,Referral Program,Meeting,Ahmad Saleh,2024-06-10,2024-11-25,168.0,95.0,8,5,6,5.5,8.7,1593.4,True
CUST14968,Jerash,Consumer,Finance,Facebook,New Lead,False,Inactive,CRM Professional,Spring Campaign,Phone,Samer Khalil,2024-02-10,2024-12-17,311.0,27.0,2,6,4,22.7,9.3,0.0,False
CUST14969,Aqaba,Consumer,Hospitality,Instagram,Contacted,False,Active,CRM Professional,No Campaign,Social Media,Dana Nasser,2024-02-29,2024-06-17,109.0,31.0,8,9,2,5.2,6.3,0.0,False
CUST14970,Madaba,Consumer,Technology,Email Campaign,Proposal,False,Active,CRM Professional,Back-to-School,Meeting,Dana Nasser,2024-05-10,2024-12-03,207.0,59.0,1,8,3,22.3,6.4,87.75,True
CUST14971,Aqaba,Enterprise,Construction,Trade Show,Qualified,False,Active,Marketing Add-on,Back-to-School,Meeting,Ahmad Saleh,2024-08-12,2025-06-08,300.0,67.0,7,7,5,26.9,7.5,0.0,False
CUST14972,Amman,Enterprise,Manufacturing,LinkedIn,Contacted,False,Active,CRM Professional,Spring Campaign,Email,Ahmad Saleh,2024-06-11,2024-09-29,110.0,66.0,6,8,2,5.7,8.6,0.0,False
CUST14973,Zarqa,Consumer,Hospitality,Email Campaign,Contacted,False,Active,Marketing Add-on,Summer Campaign,Meeting,Yara Odeh,2023-11-05,2024-05-19,196.0,30.0,4,6,7,9.4,10.0,0.0,False
CUST14974,Madaba,Corporate,Construction,Website,Won,True,Active,CRM Professional,Q1 Acquisition,Social Media,Ahmad Saleh,2023-01-18,2023-06-19,152.0,66.0,3,2,6,15.5,10.0,5842.68,True
CUST14975,Zarqa,Small Business,Technology,Email Campaign,Lost,False,Active,Analytics Add-on,No Campaign,Social Media,Dana Nasser,2025-07-11,2025-12-31,173.0,3.0,7,9,1,13.2,5.9,0.0,False
CUST14976,Aqaba,Corporate,Healthcare,Instagram,Qualified,False,Inactive,CRM Professional,Summer Campaign,WhatsApp,Ahmad Saleh,2023-08-31,2024-01-06,128.0,19.0,9,6,5,21.6,6.2,0.0,False
CUST14977,Karak,Consumer,Finance,Trade Show,New Lead,False,Active,CRM Professional,Spring Campaign,Social Media,Ahmad Saleh,2023-12-26,2024-04-09,105.0,18.0,5,7,1,11.7,8.1,0.0,False
CUST14978,Madaba,Small Business,Technology,LinkedIn,New Lead,False,Active,CRM Professional,Q1 Acquisition,Meeting,Dana Nasser,2024-09-04,2024-09-14,10.0,20.0,4,9,3,7.1,10.0,0.0,False
CUST14979,Irbid,Small Business,Retail,Cold Call,Negotiation,False,Active,CRM Professional,Summer Campaign,Website,Yara Odeh,2024-07-12,2025-07-03,356.0,63.0,5,6,8,16.5,9.8,279.88,True
CUST14980,Amman,Consumer,Technology,LinkedIn,Proposal,False,Active,CRM Basic,Year-End Campaign,Meeting,Dana Nasser,2023-02-17,2023-07-15,148.0,73.0,3,8,4,30.5,6.9,25.6,True
CUST14981,Karak,Consumer,Finance,Email Campaign,Won,True,Active,CRM Professional,Referral Program,Phone,Ahmad Saleh,2023-08-04,2024-08-02,364.0,78.0,3,12,5,11.9,7.1,421.55,True
CUST14982,Karak,Small Business,Construction,Cold Call,Negotiation,False,Active,CRM Basic,No Campaign,Phone,Ahmad Saleh,2025-04-02,2025-08-20,140.0,79.0,4,5,6,13.2,7.5,158.26,True
CUST14983,Karak,Consumer,Finance,Facebook,Won,True,Prospect,CRM Professional,Year-End Campaign,Email,Ahmad Saleh,2024-04-06,2024-10-13,190.0,98.0,7,10,6,,6.0,292.64,True
CUST14984,Irbid,Enterprise,Manufacturing,Email Campaign,Won,True,Active,CRM Enterprise,Back-to-School,Email,Yara Odeh,2024-04-30,,,85.0,10,4,2,15.1,7.3,20804.4,True
CUST14985,Zarqa,Consumer,Technology,Google Ads,Won,True,Inactive,CRM Professional,Back-to-School,WhatsApp,Dana Nasser,2025-10-25,2025-12-31,67.0,76.0,5,9,4,8.2,5.4,306.47,True
CUST14986,Amman,Enterprise,Finance,Email Campaign,Qualified,False,Active,CRM Enterprise,Year-End Campaign,Meeting,Omar Mansour,2023-04-22,2023-06-24,63.0,69.0,5,12,6,23.9,7.4,0.0,False
CUST14987,Zarqa,Consumer,Finance,Facebook,Contacted,False,Inactive,Marketing Add-on,Back-to-School,WhatsApp,Lina Haddad,2024-03-08,2025-02-11,340.0,12.0,7,9,2,15.9,9.0,0.0,False
CUST14988,Amman,Consumer,Hospitality,LinkedIn,Qualified,False,Active,CRM Professional,Year-End Campaign,Website,Samer Khalil,2025-04-27,2025-05-22,25.0,,5,8,1,16.0,6.7,0.0,False
CUST14989,Irbid,Consumer,Manufacturing,Website,Qualified,False,Active,CRM Professional,Back-to-School,Email,Lina Haddad,2025-09-09,2025-12-31,113.0,73.0,7,9,2,8.9,7.3,0.0,False
CUST14990,Karak,Corporate,Hospitality,Cold Call,Proposal,False,Prospect,CRM Basic,Q1 Acquisition,Phone,Yara Odeh,2024-11-14,2025-08-22,281.0,64.0,1,7,1,9.5,10.0,229.15,True
CUST14991,Jerash,Corporate,Manufacturing,Google Ads,Contacted,False,Active,CRM Professional,Back-to-School,Website,Dana Nasser,2023-10-05,2023-10-16,11.0,55.0,10,8,4,,8.9,0.0,False
CUST14992,Salt,Consumer,Manufacturing,Facebook,Proposal,False,Active,CRM Enterprise,Q1 Acquisition,Email,Omar Mansour,2025-06-20,2025-12-31,194.0,63.0,4,9,4,15.7,9.2,179.01,True
CUST14993,Irbid,Consumer,Construction,Referral,Qualified,False,Active,CRM Basic,Spring Campaign,Website,Yara Odeh,2023-02-17,2023-09-06,201.0,72.0,8,8,5,4.0,5.5,0.0,False
CUST14994,Madaba,Small Business,Hospitality,Google Ads,Proposal,False,Inactive,CRM Basic,Summer Campaign,Meeting,Dana Nasser,2024-11-14,2025-03-20,126.0,85.0,7,3,2,12.7,6.5,44.79,True
CUST14995,Karak,Consumer,Manufacturing,Google Ads,Contacted,False,Inactive,CRM Professional,Year-End Campaign,Social Media,Ahmad Saleh,2025-10-17,2025-12-31,75.0,8.0,3,7,5,,8.2,0.0,False
CUST14996,Zarqa,Corporate,Retail,Referral,Qualified,False,Inactive,Analytics Add-on,Spring Campaign,Social Media,Yara Odeh,2023-08-21,2024-02-27,190.0,47.0,6,6,1,17.4,7.7,0.0,False
CUST14997,Madaba,Consumer,Construction,Google Ads,Contacted,False,Prospect,CRM Enterprise,Spring Campaign,Website,Samer Khalil,2024-12-02,2025-03-01,89.0,10.0,7,3,1,7.1,,0.0,False
CUST14998,Salt,Small Business,Healthcare,Email Campaign,Won,True,Active,Marketing Add-on,Summer Campaign,Email,Lina Haddad,2023-11-18,2024-11-07,355.0,1.0,3,7,5,2.0,7.1,432.46,True
CUST14999,Irbid,Corporate,Finance,Referral,Qualified,False,Active,Marketing Add-on,Spring Campaign,Social Media,Dana Nasser,2025-12-21,2025-12-31,10.0,72.0,3,5,4,5.2,9.2,0.0,False
